{"noiseKey":{"private":{"type":"Buffer","data":"0Gd3Zz1C8QNzuK1D7JHswufAbHCgP8FbAtzIMwaYdlA="},"public":{"type":"Buffer","data":"a5x7qOJiUfgX08qt6h5IhdLkyNPuX9tYDZlCqE8Wgjo="}},"signedIdentityKey":{"private":{"type":"Buffer","data":"4EF2vds3ygk90Uo/s0KmMzafEeE3eo/RljOBpUV2OH0="},"public":{"type":"Buffer","data":"6D9buWqqJtN3AMI1Bmf6RhN8U56ySeVxjgmU4XSmejo="}},"signedPreKey":{"keyPair":{"private":{"type":"Buffer","data":"CGPRPULZiS7JS9UrxbDhV2jDFqPPwaN8RhJPB1jrO3o="},"public":{"type":"Buffer","data":"lMlpRAIlUnSjQbcD48cMVDP/CHkhnUCTYRev6gK2H1c="}},"signature":{"type":"Buffer","data":"/YbArVZSt+0MCKOxBa1dcA07mwfryJwcHVKypWvPNZ5lHBlR48NmUt8WKjr2a/3KHkCM7zvEBczCv3of6FPTBw=="},"keyId":1},"registrationId":147,"advSecretKey":"lXXYVwOzyvMqEnwL4gOChhtHqjAyBK0z91AV4MfBlWA=","processedHistoryMessages":[{"key":{"remoteJid":"6281233649676@s.whatsapp.net","fromMe":true,"id":"41E957D83433DAE01F7A9494C38E5F20"},"messageTimestamp":1686837363},{"key":{"remoteJid":"6281233649676@s.whatsapp.net","fromMe":true,"id":"9BD5C97799EC1616764F909F4CB9CB11"},"messageTimestamp":1686837367},{"key":{"remoteJid":"6281233649676@s.whatsapp.net","fromMe":true,"id":"0AE83D976ED6CF7B27FD023FC6972D23"},"messageTimestamp":1686837423},{"key":{"remoteJid":"6281233649676@s.whatsapp.net","fromMe":true,"id":"1D04DD2738CD3D61C6A914C72F8792B6"},"messageTimestamp":1686837441},{"key":{"remoteJid":"6281233649676@s.whatsapp.net","fromMe":true,"id":"F7BDF13E2E3D99565862A0748CBF6C50"},"messageTimestamp":1686837518},{"key":{"remoteJid":"6281233649676@s.whatsapp.net","fromMe":true,"id":"3EBF70CF70503FDD117FF0023FDB5FF8"},"messageTimestamp":1686837559},{"key":{"remoteJid":"6281233649676@s.whatsapp.net","fromMe":true,"id":"3240F54350620CBC8CB97A119D28E1F7"},"messageTimestamp":1686837566},{"key":{"remoteJid":"6281233649676@s.whatsapp.net","fromMe":true,"id":"578E1D3362D559C4CAC2EA7E07A7E485"},"messageTimestamp":1686837595},{"key":{"remoteJid":"6281233649676@s.whatsapp.net","fromMe":true,"id":"42B06D5492856D30C3ACC0738BC5DFB8"},"messageTimestamp":1686837604},{"key":{"remoteJid":"6281233649676@s.whatsapp.net","fromMe":true,"id":"959EB8B8B6D0E370F275579AAE80EE6F"},"messageTimestamp":1686837606},{"key":{"remoteJid":"6281233649676@s.whatsapp.net","fromMe":true,"id":"58AB771B006759E3088A0841B36483B2"},"messageTimestamp":1686837614},{"key":{"remoteJid":"6281233649676@s.whatsapp.net","fromMe":true,"id":"B27A37714CACB67AB6741274574AED82"},"messageTimestamp":1686837616},{"key":{"remoteJid":"6281233649676@s.whatsapp.net","fromMe":true,"id":"105C93D4FCC2F38073FA5D381960C907"},"messageTimestamp":1686837643},{"key":{"remoteJid":"6281233649676@s.whatsapp.net","fromMe":true,"id":"7BA4868D643E49150B96E7329C3E8D8B"},"messageTimestamp":1686837646},{"key":{"remoteJid":"6281233649676@s.whatsapp.net","fromMe":true,"id":"0C0D8766F2FED640F7EFD593A4A1755A"},"messageTimestamp":1686837651},{"key":{"remoteJid":"6281233649676@s.whatsapp.net","fromMe":true,"id":"A8D2287E7C092A64FAED22D021C84035"},"messageTimestamp":1686837674},{"key":{"remoteJid":"6281233649676@s.whatsapp.net","fromMe":true,"id":"146520D5312DACA9EAB3BA3EB6BC1226"},"messageTimestamp":1686837685},{"key":{"remoteJid":"6281233649676@s.whatsapp.net","fromMe":true,"id":"7ADD17DA43744E77BDF96433E7D7BA9A"},"messageTimestamp":1686837690},{"key":{"remoteJid":"6281233649676@s.whatsapp.net","fromMe":true,"id":"0A5232B620FFFD4529297741A3EFF87F"},"messageTimestamp":1686837707},{"key":{"remoteJid":"6281233649676@s.whatsapp.net","fromMe":true,"id":"080942C3CB2E73CD69DE0BE028CF9D4E"},"messageTimestamp":1686837713},{"key":{"remoteJid":"6281233649676@s.whatsapp.net","fromMe":true,"id":"3A13D76C19FDE73741C6D63068E2D245"},"messageTimestamp":1686837729},{"key":{"remoteJid":"6281233649676@s.whatsapp.net","fromMe":true,"id":"E28DBDA5C098181B2981BD1FC6451754"},"messageTimestamp":1686837738},{"key":{"remoteJid":"6281233649676@s.whatsapp.net","fromMe":true,"id":"3D347D202E97A5CCC7E2B61F1FC0098D"},"messageTimestamp":1686837741},{"key":{"remoteJid":"6281233649676@s.whatsapp.net","fromMe":true,"id":"F5FB959562AAFFA3F0FE45016D61900F"},"messageTimestamp":1686837762},{"key":{"remoteJid":"6281233649676@s.whatsapp.net","fromMe":true,"id":"BE81594A88F2FE418E26E2AB6D8CE881"},"messageTimestamp":1686837770},{"key":{"remoteJid":"6281233649676@s.whatsapp.net","fromMe":true,"id":"1D270E6507232CDF129C7D2206CD62DD"},"messageTimestamp":1686837790},{"key":{"remoteJid":"6281233649676@s.whatsapp.net","fromMe":true,"id":"5B63E87B3FD4CA325171E53CED17F361"},"messageTimestamp":1686837807},{"key":{"remoteJid":"6281233649676@s.whatsapp.net","fromMe":true,"id":"92D606CCDCFB4199FC363D053C8451BC"},"messageTimestamp":1686837837}],"nextPreKeyId":718,"firstUnuploadedPreKeyId":718,"accountSyncCounter":1,"accountSettings":{"unarchiveChats":false},"deviceId":"uV1_cpGqQBKXa_slF3RdeQ","phoneId":"47ec1f85-8826-407e-81f3-0e689120d04c","identityId":{"type":"Buffer","data":"zgwsLPHBYtRugU3JpfH/JxqhjCc="},"registered":false,"backupToken":{"type":"Buffer","data":"v4aXoohD5pVbAqdE7DaNZTsFlBk="},"registration":{},"account":{"details":"CK6sp28Q67CspAYYBA==","accountSignatureKey":"5/H7HSmUmmnMDjmR+RiXLgBXfab1a+UO6eKX5bwchQE=","accountSignature":"cjTwqPlKarfai3rMmGnebcqOggEd2cDtYY5YrfYH2EYJWcAsOhaVZDocjMT9XOpIgvAI1fzivjF8LqdwHSnxCw==","deviceSignature":"8RXNOzfkDCxe+og14kRVSZcPmXndYbXzbdJKpsFUPY1nfycocta9+jAw/N1FuSEWYTMkNt7H013Iib+fXismDQ=="},"me":{"id":"6281233649676:58@s.whatsapp.net","name":"this.ilham_"},"signalIdentities":[{"identifier":{"name":"6281233649676:58@s.whatsapp.net","deviceId":0},"identifierKey":{"type":"Buffer","data":"Befx+x0plJppzA45kfkYly4AV32m9WvlDunil+W8HIUB"}}],"platform":"android","lastAccountSyncTimestamp":1686837463,"myAppStateKeyId":"ADsAACm9"}