[{"senderKeyId":35084136,"senderChainKey":{"iteration":68,"seed":"3wCTJM0PutHSrWFNGF1tnpeGd1GqY3vD9RSolD8SkAE="},"senderSigningKey":{"public":"BTMaDXUpegboKNNyP5lJ+u/jNY3lZY/dlBqmSF4CGcJd"},"senderMessageKeys":[]},{"senderKeyId":536560050,"senderChainKey":{"iteration":6,"seed":"IsF33knLRLqZGqc29+RTp/uTlq68Cvy2da+KpvJvHNM="},"senderSigningKey":{"public":"Ba5hHLQM6BKn3XnVrdOnamXKeVQGdK13fwZeNLVal6xF"},"senderMessageKeys":[{}]},{"senderKeyId":386724418,"senderChainKey":{"iteration":138,"seed":"BSUwcauIlG6Lp2NmXqSQOMjRztsl/ETk76+jQCdWPvY="},"senderSigningKey":{"public":"BWDA4UAumHbrBeRXXA9MaBHqATQoCQ/Huww9vefzdo5i"},"senderMessageKeys":[{}]},{"senderKeyId":386724418,"senderChainKey":{"iteration":36,"seed":"mfXN0uwXOCof5vAQWxfKEv3T9jwQBdxCAwwohiSPaWw="},"senderSigningKey":{"public":"BWDA4UAumHbrBeRXXA9MaBHqATQoCQ/Huww9vefzdo5i"},"senderMessageKeys":[]},{"senderKeyId":386724418,"senderChainKey":{"iteration":46,"seed":"IQtxRvpGb8N9S8lrCo2l0q1gEjZFXlLelokePPrFA6g="},"senderSigningKey":{"public":"BWDA4UAumHbrBeRXXA9MaBHqATQoCQ/Huww9vefzdo5i"},"senderMessageKeys":[]},{"senderKeyId":386724418,"senderChainKey":{"iteration":135,"seed":"35DuPmn1xYHZa+NJtlCAj4pa5jfp+39D/ZTuRNvakpw="},"senderSigningKey":{"public":"BWDA4UAumHbrBeRXXA9MaBHqATQoCQ/Huww9vefzdo5i"},"senderMessageKeys":[]},{"senderKeyId":1734413624,"senderChainKey":{"iteration":48,"seed":"RSDtiha4kYXicsLv5bf5ccizsX6GeJOoE80DUrumEYI="},"senderSigningKey":{"public":"BTjn8whE4Q9PVGqLU3bPQvp8u8hcjz8x1xGixveCeF0P"},"senderMessageKeys":[{}]},{"senderKeyId":228868327,"senderChainKey":{"iteration":1,"seed":"KFdcInJEnYkzYF7PnVNcDMoRCyVExqaIduDaDBj6SVI="},"senderSigningKey":{"public":"BXQUKtK0BFcXeGYAzc4T/Af3bpKYJeMWfoVRnWVGClto"},"senderMessageKeys":[]}]