[{"senderKeyId":1159053861,"senderChainKey":{"iteration":24,"seed":"6+XObFXExgO81dgK4qeF3amSE9UVHJXf9APe7mUzdQ0="},"senderSigningKey":{"public":"BS5Q6rEFa+CWaKxquXSqKCR0Ul5yEXPAH6CCzqh1EexE"},"senderMessageKeys":[]},{"senderKeyId":1159053861,"senderChainKey":{"iteration":5,"seed":"rKe1iGMWhRImpXUrOZ2XQtR30qxZsNz0YsDMsCmgOM8="},"senderSigningKey":{"public":"BS5Q6rEFa+CWaKxquXSqKCR0Ul5yEXPAH6CCzqh1EexE"},"senderMessageKeys":[]},{"senderKeyId":1159053861,"senderChainKey":{"iteration":17,"seed":"Kv4vP4EaXskfMpgjyAsq/mhq0n3gEltwK1sr1vcdMM4="},"senderSigningKey":{"public":"BS5Q6rEFa+CWaKxquXSqKCR0Ul5yEXPAH6CCzqh1EexE"},"senderMessageKeys":[]},{"senderKeyId":1159053861,"senderChainKey":{"iteration":20,"seed":"40sT2xr4kfqgiTfTb+vnhfuv16rGqUvGXLIYkX4xngw="},"senderSigningKey":{"public":"BS5Q6rEFa+CWaKxquXSqKCR0Ul5yEXPAH6CCzqh1EexE"},"senderMessageKeys":[]},{"senderKeyId":1471008503,"senderChainKey":{"iteration":4,"seed":"6lumZWE+pwb05eYUK1YHXNdk7xMu+yF8DleB8rXOGUw="},"senderSigningKey":{"public":"BUijd08qpJpSm2sCIZ/uzjRqztibkYEWDgsRsW/15C4E"},"senderMessageKeys":[]}]