[{"senderKeyId":610282476,"senderChainKey":{"iteration":3,"seed":"TwBdox4yi8rNZKhzY2kUH6IEsXGsppdiqtZuTY01yiQ="},"senderSigningKey":{"public":"BcL4+sHotIqLBZiUHddYnDTHjTZMKzqOyR0IHBuF+nBf"},"senderMessageKeys":[]},{"senderKeyId":1048490418,"senderChainKey":{"iteration":1,"seed":"H0x8YueaFwXwNTmSWxE+/Qyav5i8UU7hpOZbg+kkf2Q="},"senderSigningKey":{"public":"Bfppjb7neTJqIC4ciwDLkgGJwTZ/vpVaZGh5YxmYvHIa"},"senderMessageKeys":[]},{"senderKeyId":893345840,"senderChainKey":{"iteration":14,"seed":"J+tP8OrSYn06ldSH2HHfieOW7+wbuU0AbGln0mZQ1CI="},"senderSigningKey":{"public":"BfXQeg69hfH9E3zVmKo87rN7a5XjdYnmC8yifiUcWbFp"},"senderMessageKeys":[]},{"senderKeyId":2113013062,"senderChainKey":{"iteration":74,"seed":"w6HdDUwrYm4Tc4gctircXh95sqeu8jYdZ7X+3a7HDrE="},"senderSigningKey":{"public":"BdBFMz1hEBBi9AMiOg935mVnusY0UaoeWP3iHzHi6lcR"},"senderMessageKeys":[]},{"senderKeyId":447568924,"senderChainKey":{"iteration":6,"seed":"AuxBOBEe+LxSuooP7r9tC5JUpaTGQJs1rmGMaBMdeQk="},"senderSigningKey":{"public":"BX4ipOhuNxm+RQiUJU8bw3AsgAcVLrlDSABhya3/at0e"},"senderMessageKeys":[]},{"senderKeyId":1092113239,"senderChainKey":{"iteration":22,"seed":"a5zJNZHrwSr3cFxqhzFttgjVOKiFK+BiL47Iz7Oqr3w="},"senderSigningKey":{"public":"BezwiLts9X9mhaR+tDP2BzHo8IexzEj1K9gvWHvj6D50"},"senderMessageKeys":[]},{"senderKeyId":544484678,"senderChainKey":{"iteration":3,"seed":"IgaTtClB50upBNdxhZIPTV0Wg7a3b8tmXx/Ruj/0TgM="},"senderSigningKey":{"public":"BdBXiRm9A7SNDRZP6vr2++sOLo4c2sHnbKzfgprXU2VY"},"senderMessageKeys":[]},{"senderKeyId":796149007,"senderChainKey":{"iteration":25,"seed":"S+SuyuMvIgLu8PjLx85zHSu5sq+VuNVrQxmIYngmV/Y="},"senderSigningKey":{"public":"BaWdg7m4Ntipo86rc0ZCu7TEa3huntAbZIxwbF3THqIf"},"senderMessageKeys":[]},{"senderKeyId":2047536868,"senderChainKey":{"iteration":123,"seed":"NoCKeu4MYOVO4NAJtxz5ADlhqGo7QFhGCK/GZIsdZzc="},"senderSigningKey":{"public":"BczE0lvqcg5uC0vds0ybbMKLsIkBkplA47fcjMoadrhG"},"senderMessageKeys":[]},{"senderKeyId":1959473858,"senderChainKey":{"iteration":36,"seed":"5QIKlK+Z1fKfDjhar6T1O6Hx89FZ9bqfdLKRUfuy/Xw="},"senderSigningKey":{"public":"BbmOew49DbSBh4UwrNMOTWcfj9VKwyu3Una6ydIqIXwU"},"senderMessageKeys":[]},{"senderKeyId":452703100,"senderChainKey":{"iteration":232,"seed":"CLWvD5FCzTUcCRVMJA+tQnaIAX/DglVAPhbAtjrabc8="},"senderSigningKey":{"public":"BagrL2PHBnbo3vi8T/K+c8ufEBOlJ+XWarUar2lU/6Bd"},"senderMessageKeys":[]},{"senderKeyId":1791693260,"senderChainKey":{"iteration":32,"seed":"F0oclZNtDUo8gQWdVa2ApF1UmKgIHDDnxQly1azh4eE="},"senderSigningKey":{"public":"BWz3yQOobTucbvpFcI2a6XeO59HZCP8JwpWU8qie3J53"},"senderMessageKeys":[]},{"senderKeyId":1965921573,"senderChainKey":{"iteration":60,"seed":"R6oh6/cP+GBjTQ7zdKq7f3y30F/hLOu9nHeoJjU56w4="},"senderSigningKey":{"public":"BRGklULxn/FekkHDG1fO0+cQCkNhlaLHu1d2AJXkfwMv"},"senderMessageKeys":[]},{"senderKeyId":1560608867,"senderChainKey":{"iteration":39,"seed":"6VnHdbiWzOsHJuItdEFi3P9F0dwHfR2o2Din9MHXT1w="},"senderSigningKey":{"public":"BUf0fP8dGmBVHw2ofH6psqXNY7JVuAaFW9/uwFp9eExu"},"senderMessageKeys":[]},{"senderKeyId":542221179,"senderChainKey":{"iteration":3,"seed":"W+kt1qEGIuLMboUyhtaTiCPbYyjZGAG5mpZouO7EuZw="},"senderSigningKey":{"public":"Bf8i7a7ONWk5Hb/rcOM9UZp69jYX60k2EzDapOriIyBu"},"senderMessageKeys":[]},{"senderKeyId":1999494852,"senderChainKey":{"iteration":143,"seed":"/zgWVtIOBNq8UswpYJqpLaNYrCQ/GmwNYdT6rsaQG4U="},"senderSigningKey":{"public":"BXAyy3t2qlUOcoFa1FAoVuUJ1cY2KWOqaYMrZrA/g711"},"senderMessageKeys":[]}]