[{"senderKeyId":982885815,"senderChainKey":{"iteration":31,"seed":"1wLQaioI1dRQJr9lPKbUMTnwTGFP6emCXR9x1eOP6Jg="},"senderSigningKey":{"public":"BSqUi0Xck8gMT+Xq26sjDGiRYw20PHVqmpiI1IIY0Eta"},"senderMessageKeys":[{},{},{},{},{},{},{},{},{},{}]},{"senderKeyId":982885815,"senderChainKey":{"iteration":13,"seed":"1X/nTQsSXZDhU/8ZOQWIbRxJ3lX9S+S1kTKWmYA24u4="},"senderSigningKey":{"public":"BSqUi0Xck8gMT+Xq26sjDGiRYw20PHVqmpiI1IIY0Eta"},"senderMessageKeys":[]},{"senderKeyId":982885815,"senderChainKey":{"iteration":29,"seed":"R3nUOXLN7Z5bZcYMVXHVUocHfdrPthjlnbRf+2fu2vk="},"senderSigningKey":{"public":"BSqUi0Xck8gMT+Xq26sjDGiRYw20PHVqmpiI1IIY0Eta"},"senderMessageKeys":[]}]