[{"senderKeyId":2032249767,"senderChainKey":{"iteration":68,"seed":"tzm2vg+hXBVhXrzK1TL5cFaYocNfiQX6jo2qD4fqqBo="},"senderSigningKey":{"public":"Bbvs+bFJrkSQV8G5NSlFWL7i48S/wohs/dGRaL4VN55K"},"senderMessageKeys":[]},{"senderKeyId":2032249767,"senderChainKey":{"iteration":27,"seed":"7fmAtjfO9YROOOENR3nc6sTr6JN023eOF4sjRJijwso="},"senderSigningKey":{"public":"Bbvs+bFJrkSQV8G5NSlFWL7i48S/wohs/dGRaL4VN55K"},"senderMessageKeys":[]},{"senderKeyId":2032249767,"senderChainKey":{"iteration":42,"seed":"PNPHzE1DobHPqlxc6/X2OHg0EXIedQylKP8fWLty6pk="},"senderSigningKey":{"public":"Bbvs+bFJrkSQV8G5NSlFWL7i48S/wohs/dGRaL4VN55K"},"senderMessageKeys":[]}]