[{"senderKeyId":626535769,"senderChainKey":{"iteration":1,"seed":"+hjIin+SwfFVXKAFyWZddnP4J34unEAc8BoflwdzQXI="},"senderSigningKey":{"public":"BdoxrUgBaXAqo8sfkZ745Pdl1NQilpTFIlOgswdcnS1+"},"senderMessageKeys":[]},{"senderKeyId":1541092195,"senderChainKey":{"iteration":7,"seed":"5sE3Bkg8gj8lMEBwkvprASmv7V50CpttgGnpguyYxkU="},"senderSigningKey":{"public":"BZw69SgxWvp1al2wIQjN0y2Qvn9BKZEdQ8Qoc2SZl/1g"},"senderMessageKeys":[]},{"senderKeyId":1541092195,"senderChainKey":{"iteration":3,"seed":"rhDw1pTn5rKYKXVpm62XhSb1de42dtvGfSxXZt377LA="},"senderSigningKey":{"public":"BZw69SgxWvp1al2wIQjN0y2Qvn9BKZEdQ8Qoc2SZl/1g"},"senderMessageKeys":[]},{"senderKeyId":1541092195,"senderChainKey":{"iteration":6,"seed":"kIZ1Vobb9teUJfiAL84gi0OMQ3GZoAhLVLzUxTqca68="},"senderSigningKey":{"public":"BZw69SgxWvp1al2wIQjN0y2Qvn9BKZEdQ8Qoc2SZl/1g"},"senderMessageKeys":[]}]