[{"senderKeyId":1041554266,"senderChainKey":{"iteration":6,"seed":"60NT7NNX70fL7jMn35a17O0Z7o7UQVgTUz4VBUfY74Y="},"senderSigningKey":{"public":"BQYL8z0zB7DRhcfCMy6c80ZaADmuBeUWliFRV8n+pRgp"},"senderMessageKeys":[]},{"senderKeyId":1049852696,"senderChainKey":{"iteration":4,"seed":"dRPXU66PatdqXcCZg10xdlu4CSla2TRkcbgTYFC7B00="},"senderSigningKey":{"public":"BWGbjR3cSez4WCI4nbwmYuqKpqyYbmTK/exujXJYz+EL"},"senderMessageKeys":[]},{"senderKeyId":1049852696,"senderChainKey":{"iteration":2,"seed":"n02/7Uu+rfcOfc0PuciyJ68iOYBaOsX0qMLirVRmLyw="},"senderSigningKey":{"public":"BWGbjR3cSez4WCI4nbwmYuqKpqyYbmTK/exujXJYz+EL"},"senderMessageKeys":[]},{"senderKeyId":1578433965,"senderChainKey":{"iteration":4,"seed":"ODWDM6SBJGAqofPiCkWaYkqSbc4Cr7e9hiwrvUgkLnE="},"senderSigningKey":{"public":"BRRWYd14G/S9nnS3ca8DVs5C1KPz+6fpbtR1mVs7qltt"},"senderMessageKeys":[]},{"senderKeyId":1578433965,"senderChainKey":{"iteration":3,"seed":"RJ+2zDeuOwT7/uuno0Q9z9mLXfM95jDmpxkbruyoDNQ="},"senderSigningKey":{"public":"BRRWYd14G/S9nnS3ca8DVs5C1KPz+6fpbtR1mVs7qltt"},"senderMessageKeys":[]},{"senderKeyId":740360150,"senderChainKey":{"iteration":3,"seed":"4yEDCrx/bCEcoUXqA0HAGV6RYqAdUc2NshnxWZ+XtzU="},"senderSigningKey":{"public":"Bbxh0PJxp6NXRYvHhNnEyCNiWNW3myfxqY2Q9QBdIpEh"},"senderMessageKeys":[]}]