[{"senderKeyId":1178302116,"senderChainKey":{"iteration":1,"seed":"k3CJxdRb3nT5tlSc7Hsy42J9V6qvHDN1z8jgmTKFlRA="},"senderSigningKey":{"public":"BUqCSaFDy83EGJS2EE+jZdWQHtwBzrYJVuiTsBu+lbB2"},"senderMessageKeys":[]},{"senderKeyId":555885887,"senderChainKey":{"iteration":3,"seed":"lzYJAjAs815LOYGr2BqbmiX7iRbJjaL5je7N/krHYYY="},"senderSigningKey":{"public":"Bd24eMNMnuJBb07NLgzqSkfkb/CUvfXECgrd9X8Llus3"},"senderMessageKeys":[]},{"senderKeyId":848034791,"senderChainKey":{"iteration":1,"seed":"hA4ziQBq2bXnSz1CbN7RPN8C7NQTHs137hf5wbA102E="},"senderSigningKey":{"public":"BbkF2IOrCDZKdHQ+x88C8YEaGIr/zmf7Bv731BJoutpI"},"senderMessageKeys":[]},{"senderKeyId":1894628431,"senderChainKey":{"iteration":3,"seed":"i5dCyfRXIHo3lmLfDexg5Hz5nFjO1pdZ3PluKnhjBFc="},"senderSigningKey":{"public":"BcWreIxbtmu+ODaxGdHTORPQenwmq7OcuLJuyZ9qFQgo"},"senderMessageKeys":[]}]