[{"senderKeyId":1084439940,"senderChainKey":{"iteration":16,"seed":"L2WWj4Qe9hc05Mn/vcsPNDnQ+AJdS679hXnjdE+GO0E="},"senderSigningKey":{"public":"BY3cD/XZ+RiST4EZJJrTjsUXkQRd1mUj9AmfMKV/rFJH"},"senderMessageKeys":[]},{"senderKeyId":484715026,"senderChainKey":{"iteration":4,"seed":"iOKVL5vwdcnTkE5eSU3Pk4IU4BpujRCPgqreBGHfzfo="},"senderSigningKey":{"public":"BaA7qpp15ylAxkzkI2BG2PXf96L8Lhk3w/m2tJithZNb"},"senderMessageKeys":[]},{"senderKeyId":484715026,"senderChainKey":{"iteration":2,"seed":"whCad7abka5qqOwuAyF0Jdj87zWskmnRLNj/UPg/etk="},"senderSigningKey":{"public":"BaA7qpp15ylAxkzkI2BG2PXf96L8Lhk3w/m2tJithZNb"},"senderMessageKeys":[]},{"senderKeyId":1691787508,"senderChainKey":{"iteration":1,"seed":"g2YcZt6A0BMHD0SHesmfS1WIuL5oJpQR1szoAngY0kI="},"senderSigningKey":{"public":"BXoHWfGHUSw4nK0dfiDeof7BxfjVZiJvSe0+qVE8EHkk"},"senderMessageKeys":[]},{"senderKeyId":2121750031,"senderChainKey":{"iteration":9,"seed":"qkODr3AptgPsNWImnhdubwXaM1pyrfxr/pD9D6N+xDU="},"senderSigningKey":{"public":"BdzUrj9BPYwB1yCeBdlP8y04rUlyFbWG2upPkjprc/FZ"},"senderMessageKeys":[]},{"senderKeyId":1085574066,"senderChainKey":{"iteration":1,"seed":"2dt9neci7LKBtoK+QZOw5gIG4nXHOrGSGjdesIMVWYY="},"senderSigningKey":{"public":"BTStKkj/tXvCM3NJSY2ZLlZsheOykfohUKj62O7mgioX"},"senderMessageKeys":[]},{"senderKeyId":875492245,"senderChainKey":{"iteration":3,"seed":"gGoDu/GJL/jcCv+84D678TcpgUuttYHI+ZbXJ9Lqp7Q="},"senderSigningKey":{"public":"BRyTpY/6ObAQVotX3OzfVuDxBuKC3bhiFu3F771DK5d/"},"senderMessageKeys":[]},{"senderKeyId":1711807128,"senderChainKey":{"iteration":4,"seed":"Zz2UM1ExyypGcOAbS8Z8zBCKWhpFdfHOFEIz+EPFJkQ="},"senderSigningKey":{"public":"BVn5iFvX3oqRaWm4qDJKPz4sJXg/3D6DQwA0QeuSPNBF"},"senderMessageKeys":[]}]