[{"senderKeyId":1143354844,"senderChainKey":{"iteration":1,"seed":"S8bWogNlsua79CvTPhohtehh0iTnRArtxNDfIGiwBCY="},"senderSigningKey":{"public":"BenquOQP3clNdmIG8EcNBdU9A1sVtE+fLBvqamN7KjIJ"},"senderMessageKeys":[]},{"senderKeyId":1143722581,"senderChainKey":{"iteration":14,"seed":"H1dXuwp5D2F6ThfCRZRijwJBFji/TJoVCjJJnG5RRgY="},"senderSigningKey":{"public":"BbreS8zfM6mcVOm6s5ab3Y+HkI7PlJcqF9BStZQrF+0k"},"senderMessageKeys":[]},{"senderKeyId":631468696,"senderChainKey":{"iteration":2,"seed":"F/3/d+KFIkHP5iLCK+Z2kJX3qpvxv4NjpVWNDAFU07M="},"senderSigningKey":{"public":"BT/ILMNp1ccfRlEcxi5FXq+hDAmRNsZ1MBUUGl9JWwoC"},"senderMessageKeys":[]}]