[{"senderKeyId":743717827,"senderChainKey":{"iteration":83,"seed":"+V8XSDPIt5AvJdTN4ZiKN836gy0Q+JcNPdcw4mLZRfI="},"senderSigningKey":{"public":"Bd5xdf5JcEVEip8kBlBONIGVfk2JV+Y9afFAU7+rdCIR"},"senderMessageKeys":[]},{"senderKeyId":743717827,"senderChainKey":{"iteration":44,"seed":"IJ6MlcTYraceS93w912VmsgVD2dx2HRM8D7/vETYfMg="},"senderSigningKey":{"public":"Bd5xdf5JcEVEip8kBlBONIGVfk2JV+Y9afFAU7+rdCIR"},"senderMessageKeys":[]},{"senderKeyId":743717827,"senderChainKey":{"iteration":79,"seed":"TEazI5ZmwWMlVnrFh2bW0ukb30r0cd+bw4czvCKQr6Q="},"senderSigningKey":{"public":"Bd5xdf5JcEVEip8kBlBONIGVfk2JV+Y9afFAU7+rdCIR"},"senderMessageKeys":[]},{"senderKeyId":743717827,"senderChainKey":{"iteration":82,"seed":"ob0uNFlXeAEs0vm5bQZMQygLiSMgaZozbLfn8dBxS5I="},"senderSigningKey":{"public":"Bd5xdf5JcEVEip8kBlBONIGVfk2JV+Y9afFAU7+rdCIR"},"senderMessageKeys":[]}]