[{"senderKeyId":1654511932,"senderChainKey":{"iteration":3,"seed":"xxKybyqyl8Mtd8EX+2KWszxIUUcotwMZTFVwNEjiyL0="},"senderSigningKey":{"public":"BZbRrUq8FP1GaPQqZvxBncRqFMgcxm39JPnKZS6jPNNh"},"senderMessageKeys":[]},{"senderKeyId":476888040,"senderChainKey":{"iteration":6,"seed":"CoCvs+tKTUOwUWqQ69VW4ejkHjpewFY5e4ztzn3bq7o="},"senderSigningKey":{"public":"BXYAyXp+tj/MR7FDlZ7il8bbYP3op+IpmrpPXcthijNj"},"senderMessageKeys":[]},{"senderKeyId":1342462392,"senderChainKey":{"iteration":2,"seed":"BSjy+kWP+9XOyp01S4ou2ER1QliKMfA9sJ/CjyQ69sA="},"senderSigningKey":{"public":"BToDIAtCjhv6pBWD/y/+6EABdtqznKiLI+kgQFCD82Vs"},"senderMessageKeys":[]}]