[{"senderKeyId":1886028364,"senderChainKey":{"iteration":2,"seed":"ipmg1NbbJ7SlYGQhUUFXIotXEv60CSxWbH0dGcvkZWQ="},"senderSigningKey":{"public":"Bf3k1r7dHLejQhIZgJwYxOtslp7gjcJwhGBUWM8M128q"},"senderMessageKeys":[]},{"senderKeyId":1361199229,"senderChainKey":{"iteration":4,"seed":"gZk2BdaySVBK6oWAx4m992qDrbZTkIp/tPR09S0ch3A="},"senderSigningKey":{"public":"BakKVsQ/JVtY43No31/4pAKcIMVtUP4C8BDZ31opjbkL"},"senderMessageKeys":[]},{"senderKeyId":1361199229,"senderChainKey":{"iteration":3,"seed":"zWLMSruXkyM8mcuy7YWU5Qc+kNAnYBzD1EbsC0fVsT8="},"senderSigningKey":{"public":"BakKVsQ/JVtY43No31/4pAKcIMVtUP4C8BDZ31opjbkL"},"senderMessageKeys":[]}]