[{"senderKeyId":554524418,"senderChainKey":{"iteration":7,"seed":"I+QsIqQBDzkuV8FrTgQhGz30yQSOG+ELBpBgiw7/kwU="},"senderSigningKey":{"public":"Bbku+NH21MKlRylvNw+ZG1U8hCk3xrJKoC7FWSZjCnNX"},"senderMessageKeys":[]},{"senderKeyId":554524418,"senderChainKey":{"iteration":1,"seed":"QKRihkBOuZJCnTQp71tDJJrbJtuozp6gUUOf5RC1QSQ="},"senderSigningKey":{"public":"Bbku+NH21MKlRylvNw+ZG1U8hCk3xrJKoC7FWSZjCnNX"},"senderMessageKeys":[]},{"senderKeyId":554524418,"senderChainKey":{"iteration":6,"seed":"93UePUhP8QyGps6vZo8oxot5kXd8HbYbd8vcLzGV7JU="},"senderSigningKey":{"public":"Bbku+NH21MKlRylvNw+ZG1U8hCk3xrJKoC7FWSZjCnNX"},"senderMessageKeys":[]}]