[{"senderKeyId":580815468,"senderChainKey":{"iteration":5,"seed":"u3z91q78XGaJysbroapei4ENPssHoIs5SAv6mFp7NlQ="},"senderSigningKey":{"public":"BQXiiK5mzk97IDxw956bVhmeVh06W93UWAUWqeshvCIN"},"senderMessageKeys":[]},{"senderKeyId":580815468,"senderChainKey":{"iteration":4,"seed":"++CgfezYE1EwlcSZrQAJp755QHHsY/bIq/gI8YCtFes="},"senderSigningKey":{"public":"BQXiiK5mzk97IDxw956bVhmeVh06W93UWAUWqeshvCIN"},"senderMessageKeys":[]},{"senderKeyId":1691557309,"senderChainKey":{"iteration":1,"seed":"kcWdvXF5jQL5XBYRKfSRiTc1ruHuEGj2VsIew0+5FVE="},"senderSigningKey":{"public":"BQPeZVexsGTI4TPaOD3VMYMa5/Q1YqlDP10Nwnjvq2Qa"},"senderMessageKeys":[]}]