[{"senderKeyId":1388039944,"senderChainKey":{"iteration":5,"seed":"xVOdA10o29QFPMWxaC7Ew3rb+NXM3Qlq4u9lYg1HIJ0="},"senderSigningKey":{"public":"BUr76heyAapFVq4LUImHQ28XMcA6dR6JvGhPfSZXwLso"},"senderMessageKeys":[{},{}]},{"senderKeyId":1178452489,"senderChainKey":{"iteration":6,"seed":"PbmkcJbKdi7n4xWnqKRrWFlVFGUL5ewg6c5y+18f+p0="},"senderSigningKey":{"public":"BaQ0aBNcLHn6ap0f0fQASk3H3n8WzdvFzpvaR1SgzLEY"},"senderMessageKeys":[{},{}]},{"senderKeyId":760201319,"senderChainKey":{"iteration":10,"seed":"nwRqdGEiS8xWsqAkpCxC0GCg3ONRVwYHv5yDY6jJDfM="},"senderSigningKey":{"public":"BQ9lIHLRRSYnbO5rR7M61mlUbfCtgggEu0kYfKYAlnBD"},"senderMessageKeys":[{},{},{},{}]}]