[{"senderKeyId":1797423011,"senderChainKey":{"iteration":1,"seed":"XWHOgGNQbj0Bd9R7mPa/5ymNvgD7YycbkiK9o+ZsSsQ="},"senderSigningKey":{"public":"BeYK03aPQA3tk+9x+9jisAXOJXIY/vd8RupB4E1suSNJ"},"senderMessageKeys":[]},{"senderKeyId":1771613589,"senderChainKey":{"iteration":2,"seed":"y8XeSNneyqmWZhQ6Vr1oyKuQ6zv42AetqjIVT40GdLk="},"senderSigningKey":{"public":"BUslqRUW3UsFDdMcaZZVr9sByU4WRyEl34ERwHI2nwcL"},"senderMessageKeys":[]},{"senderKeyId":1724567812,"senderChainKey":{"iteration":1,"seed":"6+hLCwZxIERBxqQGEJ2Iv98mIAdtsZF1RF1KEAxTcrE="},"senderSigningKey":{"public":"BffnHn51C46f1kO8cU0sQL9poOxeltuOHy7lzWrWH/85"},"senderMessageKeys":[]},{"senderKeyId":1564911459,"senderChainKey":{"iteration":1,"seed":"HGv6i1gdx+aTIrDyULUEWSo9d6uyq2erMH9oLkGY5ag="},"senderSigningKey":{"public":"Bb0lVa6fLsTaQ6hIEFGKSFzHDOkFBiAtKfY8mVZdJu10"},"senderMessageKeys":[]}]