[{"senderKeyId":1492341241,"senderChainKey":{"iteration":2,"seed":"vUHT72tONA5T0lEczSjsJD8r9bv9gu5y7WVPnnAFIhc="},"senderSigningKey":{"public":"BVkRWPVbZYZXz1vbbs4gAy9QcbUtC1A9yB39/nrQUQBW"},"senderMessageKeys":[]},{"senderKeyId":1574733043,"senderChainKey":{"iteration":6,"seed":"s6C046e1l7ohf/c0KtXYgkzioZqG7AdBlG+9L2MWcsM="},"senderSigningKey":{"public":"BQcgw57J6VbahTKJowaljJiwgI/v60HCv2q9DqZQ35EZ"},"senderMessageKeys":[]},{"senderKeyId":1412661898,"senderChainKey":{"iteration":1,"seed":"cElDDp1s1YaGgJAsa3ITjPQY7cUv3Qy0BKVTyodsnVg="},"senderSigningKey":{"public":"BaBAXf6ZGD9pWzqnNtt7NdVL+BgedOtx20QT5uwE5E4S"},"senderMessageKeys":[]}]