[{"senderKeyId":900735329,"senderChainKey":{"iteration":1,"seed":"/rwBRk/ui5MCqlaqDv3kARjDxCUexogDdBEsk3icCTo="},"senderSigningKey":{"public":"BcWiz3zoOCxUgFHxQAbMemG5wx6gtwC8ulaw7/n8SQQv"},"senderMessageKeys":[]},{"senderKeyId":1787152935,"senderChainKey":{"iteration":1,"seed":"F+BBwolQliCxk89WkKH7mzQCWP+OFe4z6tkBZxZT6rk="},"senderSigningKey":{"public":"BTeigiF5yPiWZFvLypoScPn21LfDDwEM6qcik7ano6EN"},"senderMessageKeys":[]},{"senderKeyId":1257024554,"senderChainKey":{"iteration":4,"seed":"tJggN0OBXdOQsA4/BATnxZinOse9LPEoj5jKK31RcsU="},"senderSigningKey":{"public":"BZA/0kUQXHOzSrjHolZucIsGz7Z16/XBDGB5DaoNrTl7"},"senderMessageKeys":[]},{"senderKeyId":1257024554,"senderChainKey":{"iteration":3,"seed":"W7q7txeZW/jn91MoYDnzwjbv93dIo/zGlOZ3xqwuIzA="},"senderSigningKey":{"public":"BZA/0kUQXHOzSrjHolZucIsGz7Z16/XBDGB5DaoNrTl7"},"senderMessageKeys":[]}]