[{"senderKeyId":2094931992,"senderChainKey":{"iteration":4,"seed":"QUZa6nv7g/KbZ0qCR8v5WQSXCWPQEI7FZaB1N9qLKvU="},"senderSigningKey":{"public":"BVR8XkHRge5CpiO4lq9rrEYw2DWwFy5fkpxYknktQ/gg"},"senderMessageKeys":[]},{"senderKeyId":884301168,"senderChainKey":{"iteration":1,"seed":"BzG3B6y0G78UWTsf4q2TRY1Q91WZCkWIND2YHgDjPNQ="},"senderSigningKey":{"public":"BQDNn0cYHc4hK7QunfsBoCEqyrZuJYVWpIQCVUqIEhw/"},"senderMessageKeys":[]},{"senderKeyId":798703136,"senderChainKey":{"iteration":1,"seed":"Qg7tJR+rtJeH2FANLoJ8ToX/XDnb+YG6xNLTrGN3gxs="},"senderSigningKey":{"public":"BThAWB/Mf2UOq93OHsICRAlJvjrvgPkzKwtXSSKkFzYE"},"senderMessageKeys":[]},{"senderKeyId":1648914997,"senderChainKey":{"iteration":5,"seed":"fWGXit+Fqnz8BWCh+XzQJtv48hHfVo6Ozl1clAJ0zvA="},"senderSigningKey":{"public":"BROv8NwnoUH8aL2uB6Z0irtcK6rmvWKh6lFr3C37yLIP"},"senderMessageKeys":[]},{"senderKeyId":412828493,"senderChainKey":{"iteration":1,"seed":"bAH/yoHFhqu2ICZLckdxMQLIValSlp+txgKUjgPUWMw="},"senderSigningKey":{"public":"BdfUYLcMYy5FnKQS/4YuZ3aYokJemdGsSCGl4AJpGBVx"},"senderMessageKeys":[]},{"senderKeyId":635140698,"senderChainKey":{"iteration":57,"seed":"+/02lczn8qHiiFFq0MWixcKDXYgBr+jp+8zMKYrEvBs="},"senderSigningKey":{"public":"BcQ0Cms5IPI7SHtWE0pL19zP0/oGU0JW5gRQ4VrEzwgE"},"senderMessageKeys":[{}]}]