[{"senderKeyId":826423945,"senderChainKey":{"iteration":8,"seed":"A0J3mQxETgBMl60YuZOCbB4hH9RUOGko+bb1L0rl61A="},"senderSigningKey":{"public":"BeU/PzFBs7vObThtTslWLJgXSa834/HdsyCWSJ0pMEh2"},"senderMessageKeys":[]},{"senderKeyId":1058303884,"senderChainKey":{"iteration":4,"seed":"UW5DVIHUNmQei5wXbwxHMGHsmv/hZXqcgv3dpKGoenA="},"senderSigningKey":{"public":"BaF+Li7E5t2eaZdi4SQomO8C41uHtHMiLFhlFkNkuP9S"},"senderMessageKeys":[]},{"senderKeyId":274116450,"senderChainKey":{"iteration":1,"seed":"7gG1cQQ8/ZOSblyJ5yUBT62jf6SXQGXpvvVi9KyucHE="},"senderSigningKey":{"public":"BT+BbHoppkr4Q+dVdAulAB6tj59iBM7w6kp6Bdls9IdG"},"senderMessageKeys":[]},{"senderKeyId":1901558864,"senderChainKey":{"iteration":5,"seed":"f32BTu9cqtFK20rAT9iNsr2f1dGKReKhcPSSTe1G6xg="},"senderSigningKey":{"public":"BWE65D4wgiQWuqxlseugH0AWYwOKEAsI/tYHvtFGzNhf"},"senderMessageKeys":[]},{"senderKeyId":1021927402,"senderChainKey":{"iteration":1,"seed":"kMKtmZ8eXjEr3b3CB170JquGylqrgSBN2okHmuiNZP0="},"senderSigningKey":{"public":"BVnaYBtbrjI3fH0PPUEAO4Uz+ySXs2nz90VeT147LdB8"},"senderMessageKeys":[]},{"senderKeyId":11210977,"senderChainKey":{"iteration":7,"seed":"6Hcm3oi3qVKmwFTnxS+HjiAvH6wktjmZuaQFSKId32k="},"senderSigningKey":{"public":"BdiUCpnvbnrqfWsKUD1LV4SaEq8l8IbzQNgQUNGTlt4b"},"senderMessageKeys":[]},{"senderKeyId":852226489,"senderChainKey":{"iteration":45,"seed":"7tiP0A13EqUhTYJuGfwc8qczOb3q5fHHjFXNMUejAeM="},"senderSigningKey":{"public":"BTv/Smfs4/lDVFft64qXz727/KbRwxoFe7PHUwGFe6oM"},"senderMessageKeys":[]},{"senderKeyId":852226489,"senderChainKey":{"iteration":32,"seed":"YC+I/74PlzPIKzUQY8m3vW4/+XJOtRFGgVbtAPTjDY8="},"senderSigningKey":{"public":"BTv/Smfs4/lDVFft64qXz727/KbRwxoFe7PHUwGFe6oM"},"senderMessageKeys":[]}]