[{"senderKeyId":1540902669,"senderChainKey":{"iteration":807,"seed":"VZtuUlQUvVnAJtm1zMNQs4oH8FDQ7FVQo9Z5pkIgOCE="},"senderSigningKey":{"public":"BdcI0IFLhlwf3ZUOA9PgJ36Zqldd9oyXZ0JrtG+q5I09"},"senderMessageKeys":[{},{},{},{},{},{},{},{},{},{},{},{},{},{},{},{},{},{},{},{},{},{},{},{},{},{},{},{},{},{},{},{},{},{},{},{},{},{},{},{},{},{},{},{},{},{},{},{},{},{},{},{},{},{},{},{},{},{},{},{},{},{},{},{},{},{},{},{},{},{},{},{},{},{},{},{},{},{},{},{},{},{},{},{},{},{},{},{},{},{},{},{},{},{},{},{},{},{},{},{},{},{},{},{},{},{},{},{},{},{},{},{},{},{},{},{},{},{},{},{},{},{},{},{},{},{},{},{},{},{},{},{},{},{},{},{},{},{},{},{},{},{},{},{},{},{},{},{},{},{},{},{},{},{},{},{},{},{},{},{},{},{},{},{},{},{},{},{},{},{},{},{},{},{},{},{},{},{},{},{},{},{},{},{},{},{},{},{},{},{},{},{},{},{},{},{},{},{},{},{},{},{},{},{},{},{},{},{},{},{},{},{},{},{},{},{},{},{},{},{},{},{},{},{},{},{},{},{},{},{},{},{},{},{},{},{},{},{},{},{},{},{},{},{},{},{},{},{},{},{},{},{},{},{},{},{},{},{},{},{},{},{},{},{},{},{},{},{},{},{},{},{},{},{},{},{},{},{},{},{},{},{},{},{},{},{},{},{},{},{},{},{},{},{},{},{},{},{},{},{},{},{},{},{},{},{},{},{},{},{},{},{},{},{},{},{},{},{},{},{},{},{},{}]},{"senderKeyId":1540902669,"senderChainKey":{"iteration":319,"seed":"FgLXqpWpGBG5XqgKOXoKv6XWW+/+AIXuGvcL96rinbo="},"senderSigningKey":{"public":"BdcI0IFLhlwf3ZUOA9PgJ36Zqldd9oyXZ0JrtG+q5I09"},"senderMessageKeys":[]},{"senderKeyId":1540902669,"senderChainKey":{"iteration":323,"seed":"YKZ9dgV7D4309c0QVgNIsGauSiW9D9xiBWISPl53d98="},"senderSigningKey":{"public":"BdcI0IFLhlwf3ZUOA9PgJ36Zqldd9oyXZ0JrtG+q5I09"},"senderMessageKeys":[]},{"senderKeyId":1540902669,"senderChainKey":{"iteration":330,"seed":"GhmFUz/xJZAidz6RvwStxwRGBQ0Oiw93MNKSk+ceuog="},"senderSigningKey":{"public":"BdcI0IFLhlwf3ZUOA9PgJ36Zqldd9oyXZ0JrtG+q5I09"},"senderMessageKeys":[]},{"senderKeyId":1540902669,"senderChainKey":{"iteration":335,"seed":"inYRTrLvnn2T6J38UTHRcvXb3mSeZy4w1HmZw9HL+Nc="},"senderSigningKey":{"public":"BdcI0IFLhlwf3ZUOA9PgJ36Zqldd9oyXZ0JrtG+q5I09"},"senderMessageKeys":[]},{"senderKeyId":1540902669,"senderChainKey":{"iteration":340,"seed":"ssE3J9ZLWVtYFERVd84ue4N1OeII4pMZ3sbL3WMbvEo="},"senderSigningKey":{"public":"BdcI0IFLhlwf3ZUOA9PgJ36Zqldd9oyXZ0JrtG+q5I09"},"senderMessageKeys":[]},{"senderKeyId":1540902669,"senderChainKey":{"iteration":341,"seed":"VN6O0LY/6/AoaF2imjTnue/3onZIn/aFltlJpNe3jl0="},"senderSigningKey":{"public":"BdcI0IFLhlwf3ZUOA9PgJ36Zqldd9oyXZ0JrtG+q5I09"},"senderMessageKeys":[]},{"senderKeyId":1540902669,"senderChainKey":{"iteration":342,"seed":"HsD3GqzuN9VKcIEixFcwJUqSdBDaBbpLrrQdNjJ2PYs="},"senderSigningKey":{"public":"BdcI0IFLhlwf3ZUOA9PgJ36Zqldd9oyXZ0JrtG+q5I09"},"senderMessageKeys":[]},{"senderKeyId":1540902669,"senderChainKey":{"iteration":343,"seed":"XbAoglijanwBhQFfEUefCFPQgMTCk8F83CrjhIrTmS8="},"senderSigningKey":{"public":"BdcI0IFLhlwf3ZUOA9PgJ36Zqldd9oyXZ0JrtG+q5I09"},"senderMessageKeys":[]},{"senderKeyId":1540902669,"senderChainKey":{"iteration":344,"seed":"3PIIEaxQ1C+eA9IQRpTc5ijyUZy8dgrnthblg2SH8nA="},"senderSigningKey":{"public":"BdcI0IFLhlwf3ZUOA9PgJ36Zqldd9oyXZ0JrtG+q5I09"},"senderMessageKeys":[]},{"senderKeyId":1540902669,"senderChainKey":{"iteration":345,"seed":"b2eLCiRshd+Hf/dbKnqiJXbtBSEvk1cfpzIsv7QXk6g="},"senderSigningKey":{"public":"BdcI0IFLhlwf3ZUOA9PgJ36Zqldd9oyXZ0JrtG+q5I09"},"senderMessageKeys":[]},{"senderKeyId":1540902669,"senderChainKey":{"iteration":346,"seed":"hG1RIRrrDR/fJZDYNlkqB+kD92rqgHSKgVQzr5b4otc="},"senderSigningKey":{"public":"BdcI0IFLhlwf3ZUOA9PgJ36Zqldd9oyXZ0JrtG+q5I09"},"senderMessageKeys":[]},{"senderKeyId":1540902669,"senderChainKey":{"iteration":347,"seed":"0+OzV2W65xu1xSfIp6IjyDTHc6Xnz5fw1AE3KlngoNo="},"senderSigningKey":{"public":"BdcI0IFLhlwf3ZUOA9PgJ36Zqldd9oyXZ0JrtG+q5I09"},"senderMessageKeys":[]},{"senderKeyId":1540902669,"senderChainKey":{"iteration":348,"seed":"q/QiQpIslvJzz8RCgfXEe8EtAMt0nQr3g9vHW1e8FII="},"senderSigningKey":{"public":"BdcI0IFLhlwf3ZUOA9PgJ36Zqldd9oyXZ0JrtG+q5I09"},"senderMessageKeys":[]},{"senderKeyId":1540902669,"senderChainKey":{"iteration":349,"seed":"hvX8DQ+BLIJCs7iBg7rirevewkbGFrbGvFZmtPwR1rg="},"senderSigningKey":{"public":"BdcI0IFLhlwf3ZUOA9PgJ36Zqldd9oyXZ0JrtG+q5I09"},"senderMessageKeys":[]},{"senderKeyId":1540902669,"senderChainKey":{"iteration":350,"seed":"1wELcufu+7ce+gu3XkTpQKqWv2SNc5D1/WXdMmLYNZc="},"senderSigningKey":{"public":"BdcI0IFLhlwf3ZUOA9PgJ36Zqldd9oyXZ0JrtG+q5I09"},"senderMessageKeys":[]},{"senderKeyId":1540902669,"senderChainKey":{"iteration":356,"seed":"8LsqeFGdzFkNyQuiQIZ9h8MlRfHJ78SDcXgeIzzs65w="},"senderSigningKey":{"public":"BdcI0IFLhlwf3ZUOA9PgJ36Zqldd9oyXZ0JrtG+q5I09"},"senderMessageKeys":[]},{"senderKeyId":1540902669,"senderChainKey":{"iteration":361,"seed":"jTE1ovgWWFedzOb8mb45m6o591EcQmOS4e1Blb9qIuI="},"senderSigningKey":{"public":"BdcI0IFLhlwf3ZUOA9PgJ36Zqldd9oyXZ0JrtG+q5I09"},"senderMessageKeys":[]},{"senderKeyId":1540902669,"senderChainKey":{"iteration":366,"seed":"jJgqYWpvBGe95yBB9MsnRw7rgZ61A6xpIFVBsAGO6aY="},"senderSigningKey":{"public":"BdcI0IFLhlwf3ZUOA9PgJ36Zqldd9oyXZ0JrtG+q5I09"},"senderMessageKeys":[]},{"senderKeyId":1540902669,"senderChainKey":{"iteration":371,"seed":"J6u/1x62FmRrCdeuPvVE/WYx855Pm3ytgGUGyRdwXfo="},"senderSigningKey":{"public":"BdcI0IFLhlwf3ZUOA9PgJ36Zqldd9oyXZ0JrtG+q5I09"},"senderMessageKeys":[]},{"senderKeyId":1540902669,"senderChainKey":{"iteration":381,"seed":"m6PEoG5wor2Yabn1KtkEQLy3fPK50tI0/uEg9yEVTlI="},"senderSigningKey":{"public":"BdcI0IFLhlwf3ZUOA9PgJ36Zqldd9oyXZ0JrtG+q5I09"},"senderMessageKeys":[]},{"senderKeyId":1540902669,"senderChainKey":{"iteration":386,"seed":"5Vg4ddkzI0Avb6VJq1Q56UyQcGyxNi4cuukFRSofLiA="},"senderSigningKey":{"public":"BdcI0IFLhlwf3ZUOA9PgJ36Zqldd9oyXZ0JrtG+q5I09"},"senderMessageKeys":[]},{"senderKeyId":1540902669,"senderChainKey":{"iteration":391,"seed":"Kepi0OKfJDvPdBwOciK+FiyuBGA9/HYt+D9MSxlxWzY="},"senderSigningKey":{"public":"BdcI0IFLhlwf3ZUOA9PgJ36Zqldd9oyXZ0JrtG+q5I09"},"senderMessageKeys":[]},{"senderKeyId":1540902669,"senderChainKey":{"iteration":396,"seed":"kQWgK9kigrWPBVcsU/dz1XEZ5wRtTOHGQ0msTg6regQ="},"senderSigningKey":{"public":"BdcI0IFLhlwf3ZUOA9PgJ36Zqldd9oyXZ0JrtG+q5I09"},"senderMessageKeys":[]},{"senderKeyId":1540902669,"senderChainKey":{"iteration":401,"seed":"l0k0r8RIUtD6xKt88cO5hmk5XaCILZORdw3faUi9WGY="},"senderSigningKey":{"public":"BdcI0IFLhlwf3ZUOA9PgJ36Zqldd9oyXZ0JrtG+q5I09"},"senderMessageKeys":[]},{"senderKeyId":1540902669,"senderChainKey":{"iteration":405,"seed":"836D1MWJL5ZKvpmmaQlA3fIweaHynmQ8SdaSaoHTW6k="},"senderSigningKey":{"public":"BdcI0IFLhlwf3ZUOA9PgJ36Zqldd9oyXZ0JrtG+q5I09"},"senderMessageKeys":[]},{"senderKeyId":1540902669,"senderChainKey":{"iteration":412,"seed":"Iy2B4Uhy/fyxZb0n3o5tP+Mtvfv2dD2Cr51P1xgKL8Q="},"senderSigningKey":{"public":"BdcI0IFLhlwf3ZUOA9PgJ36Zqldd9oyXZ0JrtG+q5I09"},"senderMessageKeys":[]},{"senderKeyId":1540902669,"senderChainKey":{"iteration":417,"seed":"8W+1+GN6qLUp3zuAqCKlV1q42CEnXIut8ciy6+mWxPQ="},"senderSigningKey":{"public":"BdcI0IFLhlwf3ZUOA9PgJ36Zqldd9oyXZ0JrtG+q5I09"},"senderMessageKeys":[]},{"senderKeyId":1540902669,"senderChainKey":{"iteration":422,"seed":"dOjtNXepWVKpaXoG5tNtUyRhg8YkJKEMgbMwkVk9Lj0="},"senderSigningKey":{"public":"BdcI0IFLhlwf3ZUOA9PgJ36Zqldd9oyXZ0JrtG+q5I09"},"senderMessageKeys":[]},{"senderKeyId":1540902669,"senderChainKey":{"iteration":425,"seed":"CKaGW0oXuVRykhq4vvX3mnYzxG5zjSS8r+CCsm4HIRs="},"senderSigningKey":{"public":"BdcI0IFLhlwf3ZUOA9PgJ36Zqldd9oyXZ0JrtG+q5I09"},"senderMessageKeys":[]},{"senderKeyId":1540902669,"senderChainKey":{"iteration":432,"seed":"kvt97hgzFvXJbVuM/Wamaae7p4ftDZYd1C7grAPrSQU="},"senderSigningKey":{"public":"BdcI0IFLhlwf3ZUOA9PgJ36Zqldd9oyXZ0JrtG+q5I09"},"senderMessageKeys":[]},{"senderKeyId":1540902669,"senderChainKey":{"iteration":433,"seed":"KduNcKjw2Z80T9qPUDJ2wcO3hcMwlqO6ICzO7/h86lM="},"senderSigningKey":{"public":"BdcI0IFLhlwf3ZUOA9PgJ36Zqldd9oyXZ0JrtG+q5I09"},"senderMessageKeys":[]},{"senderKeyId":1540902669,"senderChainKey":{"iteration":434,"seed":"T1qoz9/ftCdGG7cMT/f27WOGdRwbv/iFhug4Prw1Uzk="},"senderSigningKey":{"public":"BdcI0IFLhlwf3ZUOA9PgJ36Zqldd9oyXZ0JrtG+q5I09"},"senderMessageKeys":[]},{"senderKeyId":1540902669,"senderChainKey":{"iteration":435,"seed":"2wqs3Uda8Uj7Qcnz2t06XKxFje0X/um0u1Ut58+cY9k="},"senderSigningKey":{"public":"BdcI0IFLhlwf3ZUOA9PgJ36Zqldd9oyXZ0JrtG+q5I09"},"senderMessageKeys":[]},{"senderKeyId":1540902669,"senderChainKey":{"iteration":436,"seed":"bMVy6EzXb2SGqq2JV55R/bxPO9myEKYu4+vAqWJwGKA="},"senderSigningKey":{"public":"BdcI0IFLhlwf3ZUOA9PgJ36Zqldd9oyXZ0JrtG+q5I09"},"senderMessageKeys":[]},{"senderKeyId":1540902669,"senderChainKey":{"iteration":437,"seed":"deJPcDm+8koY99qCaFqtYYDcwgBQFB4IHI+f/5hv0rQ="},"senderSigningKey":{"public":"BdcI0IFLhlwf3ZUOA9PgJ36Zqldd9oyXZ0JrtG+q5I09"},"senderMessageKeys":[]},{"senderKeyId":1540902669,"senderChainKey":{"iteration":438,"seed":"8IZQGlwjOYFeePNHMrEjJ75D975Qo9ZL/LXHuka9RjQ="},"senderSigningKey":{"public":"BdcI0IFLhlwf3ZUOA9PgJ36Zqldd9oyXZ0JrtG+q5I09"},"senderMessageKeys":[]},{"senderKeyId":1540902669,"senderChainKey":{"iteration":439,"seed":"ypHLxnL2WO/kBP69SnWlus8bOn0J8Lrm3e/IYjjdcQ0="},"senderSigningKey":{"public":"BdcI0IFLhlwf3ZUOA9PgJ36Zqldd9oyXZ0JrtG+q5I09"},"senderMessageKeys":[]},{"senderKeyId":1540902669,"senderChainKey":{"iteration":440,"seed":"+TJ/RACRPQGTntJk7huI5ilR0k0D3SDox4xnNZ4rK+w="},"senderSigningKey":{"public":"BdcI0IFLhlwf3ZUOA9PgJ36Zqldd9oyXZ0JrtG+q5I09"},"senderMessageKeys":[]},{"senderKeyId":1540902669,"senderChainKey":{"iteration":441,"seed":"3ry+nYKlKXrVN0K7jUEiK2l/HlhPbEX5+IymBt1Eutg="},"senderSigningKey":{"public":"BdcI0IFLhlwf3ZUOA9PgJ36Zqldd9oyXZ0JrtG+q5I09"},"senderMessageKeys":[]},{"senderKeyId":1540902669,"senderChainKey":{"iteration":442,"seed":"zVxwV6CCF6a1zuBjbm9w62W6IydXbgrPGS7pPKtqlF4="},"senderSigningKey":{"public":"BdcI0IFLhlwf3ZUOA9PgJ36Zqldd9oyXZ0JrtG+q5I09"},"senderMessageKeys":[]},{"senderKeyId":1540902669,"senderChainKey":{"iteration":443,"seed":"2VROvB0S6ltC6mYm0YLaeSIXQxXmadqmOcmtq38uNBw="},"senderSigningKey":{"public":"BdcI0IFLhlwf3ZUOA9PgJ36Zqldd9oyXZ0JrtG+q5I09"},"senderMessageKeys":[]},{"senderKeyId":1540902669,"senderChainKey":{"iteration":444,"seed":"GUsw36kzT7gfJtrNAVGN+om87N6OQBodpadtYav5NvY="},"senderSigningKey":{"public":"BdcI0IFLhlwf3ZUOA9PgJ36Zqldd9oyXZ0JrtG+q5I09"},"senderMessageKeys":[]},{"senderKeyId":1540902669,"senderChainKey":{"iteration":445,"seed":"OM1z2EYVRpUroVeIqGpMBbk50IcGBnMHnxGVCQTR5nA="},"senderSigningKey":{"public":"BdcI0IFLhlwf3ZUOA9PgJ36Zqldd9oyXZ0JrtG+q5I09"},"senderMessageKeys":[]},{"senderKeyId":1540902669,"senderChainKey":{"iteration":446,"seed":"4aV9KSQVbqnfnW90EyjhlndrOZ8CTl2qCfB4A29trCA="},"senderSigningKey":{"public":"BdcI0IFLhlwf3ZUOA9PgJ36Zqldd9oyXZ0JrtG+q5I09"},"senderMessageKeys":[]},{"senderKeyId":1540902669,"senderChainKey":{"iteration":447,"seed":"qGyd6xQOluMpeednZVEm/p9dxVOxtlP7SL0AKkKGubM="},"senderSigningKey":{"public":"BdcI0IFLhlwf3ZUOA9PgJ36Zqldd9oyXZ0JrtG+q5I09"},"senderMessageKeys":[]},{"senderKeyId":1540902669,"senderChainKey":{"iteration":448,"seed":"yU80rjq77ezve8ggphAJtA0Yu3jprULByFyOEKUvT7U="},"senderSigningKey":{"public":"BdcI0IFLhlwf3ZUOA9PgJ36Zqldd9oyXZ0JrtG+q5I09"},"senderMessageKeys":[]},{"senderKeyId":1540902669,"senderChainKey":{"iteration":449,"seed":"eogitwW2kcibv9HxQP6pfZLXrPcEVJUUq/U6+VtKnHs="},"senderSigningKey":{"public":"BdcI0IFLhlwf3ZUOA9PgJ36Zqldd9oyXZ0JrtG+q5I09"},"senderMessageKeys":[]},{"senderKeyId":1540902669,"senderChainKey":{"iteration":450,"seed":"Pxk5uA1a6TNS8S9P3jZhwpL95Q5UyQJC059E034SBYo="},"senderSigningKey":{"public":"BdcI0IFLhlwf3ZUOA9PgJ36Zqldd9oyXZ0JrtG+q5I09"},"senderMessageKeys":[]},{"senderKeyId":1540902669,"senderChainKey":{"iteration":451,"seed":"/+zGw3v2FNWT9OMympaP/18UWvkFrVMMLuL8AMnQNnQ="},"senderSigningKey":{"public":"BdcI0IFLhlwf3ZUOA9PgJ36Zqldd9oyXZ0JrtG+q5I09"},"senderMessageKeys":[]},{"senderKeyId":1540902669,"senderChainKey":{"iteration":452,"seed":"dzFVXZNQaJhpl8UOAquYGRoqB/AuscENvAha54fkoXE="},"senderSigningKey":{"public":"BdcI0IFLhlwf3ZUOA9PgJ36Zqldd9oyXZ0JrtG+q5I09"},"senderMessageKeys":[]},{"senderKeyId":1540902669,"senderChainKey":{"iteration":453,"seed":"Bcqbzx0PDiVOAMsJjL16RKDQjVlqzr1ls/xaJBSOACo="},"senderSigningKey":{"public":"BdcI0IFLhlwf3ZUOA9PgJ36Zqldd9oyXZ0JrtG+q5I09"},"senderMessageKeys":[]},{"senderKeyId":1540902669,"senderChainKey":{"iteration":454,"seed":"TT+B816pOw2qwHMYH24EAcvMXxYwRm1PS+UYuk3cNQg="},"senderSigningKey":{"public":"BdcI0IFLhlwf3ZUOA9PgJ36Zqldd9oyXZ0JrtG+q5I09"},"senderMessageKeys":[]},{"senderKeyId":1540902669,"senderChainKey":{"iteration":455,"seed":"SaCzv0rpi8JdqQBinlQ4m2ydNNnNtLVxgIIXkjQ7qgg="},"senderSigningKey":{"public":"BdcI0IFLhlwf3ZUOA9PgJ36Zqldd9oyXZ0JrtG+q5I09"},"senderMessageKeys":[]},{"senderKeyId":1540902669,"senderChainKey":{"iteration":456,"seed":"BT86095xCblmkwOLb7PFLHEmtQ1non9Rf8PgTnBWASs="},"senderSigningKey":{"public":"BdcI0IFLhlwf3ZUOA9PgJ36Zqldd9oyXZ0JrtG+q5I09"},"senderMessageKeys":[]},{"senderKeyId":1540902669,"senderChainKey":{"iteration":457,"seed":"dolf1doJEOaoGyvzIFTGs+uNepHes3bXJKvBkfHZxEc="},"senderSigningKey":{"public":"BdcI0IFLhlwf3ZUOA9PgJ36Zqldd9oyXZ0JrtG+q5I09"},"senderMessageKeys":[]},{"senderKeyId":1540902669,"senderChainKey":{"iteration":458,"seed":"Budc5VrASzF2FgEd5czRzwK5Vwfld8H8nFtSoIuSTVw="},"senderSigningKey":{"public":"BdcI0IFLhlwf3ZUOA9PgJ36Zqldd9oyXZ0JrtG+q5I09"},"senderMessageKeys":[]},{"senderKeyId":1540902669,"senderChainKey":{"iteration":459,"seed":"KzcKbaFarAQEto+uA7g3lM1dsBDK8YxGxbsBMBdy92w="},"senderSigningKey":{"public":"BdcI0IFLhlwf3ZUOA9PgJ36Zqldd9oyXZ0JrtG+q5I09"},"senderMessageKeys":[]},{"senderKeyId":1540902669,"senderChainKey":{"iteration":460,"seed":"o38MOUkjcabXoUpHo7j80NjHhVx3C6i9DBFU2eoXJPY="},"senderSigningKey":{"public":"BdcI0IFLhlwf3ZUOA9PgJ36Zqldd9oyXZ0JrtG+q5I09"},"senderMessageKeys":[]},{"senderKeyId":1540902669,"senderChainKey":{"iteration":461,"seed":"We7WkB8CLut68jdcNo8PIsjbDCNrbD5MBv+/qy5G8eA="},"senderSigningKey":{"public":"BdcI0IFLhlwf3ZUOA9PgJ36Zqldd9oyXZ0JrtG+q5I09"},"senderMessageKeys":[]},{"senderKeyId":1540902669,"senderChainKey":{"iteration":466,"seed":"9HpYXjmFep+Lu4nBDM6Coq1NJFrYdK73I+uAnmbeszw="},"senderSigningKey":{"public":"BdcI0IFLhlwf3ZUOA9PgJ36Zqldd9oyXZ0JrtG+q5I09"},"senderMessageKeys":[]},{"senderKeyId":1540902669,"senderChainKey":{"iteration":468,"seed":"bSwzKO5c/0Kj/aLw0iK0U9RWOzaiZ+hQcji4f8dtrR0="},"senderSigningKey":{"public":"BdcI0IFLhlwf3ZUOA9PgJ36Zqldd9oyXZ0JrtG+q5I09"},"senderMessageKeys":[]},{"senderKeyId":1540902669,"senderChainKey":{"iteration":474,"seed":"By9g+HY/lJ9t5O2c2CHjvz1VPetLWCCB8A5Fx6Jk7TA="},"senderSigningKey":{"public":"BdcI0IFLhlwf3ZUOA9PgJ36Zqldd9oyXZ0JrtG+q5I09"},"senderMessageKeys":[]},{"senderKeyId":1540902669,"senderChainKey":{"iteration":477,"seed":"JtbyFJia0x2y5f3HiRZhflX5mSdZUn/H54MDf5GsMIo="},"senderSigningKey":{"public":"BdcI0IFLhlwf3ZUOA9PgJ36Zqldd9oyXZ0JrtG+q5I09"},"senderMessageKeys":[]},{"senderKeyId":1540902669,"senderChainKey":{"iteration":480,"seed":"lCHJoVxJf2OYFBwunJjbDEZcnG/vOZt9Lzq+ylMsS1A="},"senderSigningKey":{"public":"BdcI0IFLhlwf3ZUOA9PgJ36Zqldd9oyXZ0JrtG+q5I09"},"senderMessageKeys":[]},{"senderKeyId":1540902669,"senderChainKey":{"iteration":490,"seed":"KAHW03mUg+irPvVZVqQ/TTKxPOXQjlRddA+5FwXF+8s="},"senderSigningKey":{"public":"BdcI0IFLhlwf3ZUOA9PgJ36Zqldd9oyXZ0JrtG+q5I09"},"senderMessageKeys":[]},{"senderKeyId":1540902669,"senderChainKey":{"iteration":496,"seed":"Kdz0c8iGNViUGXJFF68cOLD/wpKLyJ+n355m8JNcJbI="},"senderSigningKey":{"public":"BdcI0IFLhlwf3ZUOA9PgJ36Zqldd9oyXZ0JrtG+q5I09"},"senderMessageKeys":[]},{"senderKeyId":1540902669,"senderChainKey":{"iteration":498,"seed":"ohGRUf8g/QHMYHZi2QaUqidFEbQAjg8sg4XGETlCGyU="},"senderSigningKey":{"public":"BdcI0IFLhlwf3ZUOA9PgJ36Zqldd9oyXZ0JrtG+q5I09"},"senderMessageKeys":[]},{"senderKeyId":1540902669,"senderChainKey":{"iteration":506,"seed":"8pDx7C+Lr//3vprxBAZyRSrCPBRyWrCoM3PksIn5aAk="},"senderSigningKey":{"public":"BdcI0IFLhlwf3ZUOA9PgJ36Zqldd9oyXZ0JrtG+q5I09"},"senderMessageKeys":[]},{"senderKeyId":1540902669,"senderChainKey":{"iteration":509,"seed":"ivtnKk1EH+ame5atzguUvA8CHi9okPvawIGQz5Yh3q8="},"senderSigningKey":{"public":"BdcI0IFLhlwf3ZUOA9PgJ36Zqldd9oyXZ0JrtG+q5I09"},"senderMessageKeys":[]},{"senderKeyId":1540902669,"senderChainKey":{"iteration":516,"seed":"OXIBfSI2yjfRGI+wa/a1S3EkhuxIwXNpUigpciV0CeM="},"senderSigningKey":{"public":"BdcI0IFLhlwf3ZUOA9PgJ36Zqldd9oyXZ0JrtG+q5I09"},"senderMessageKeys":[]},{"senderKeyId":1540902669,"senderChainKey":{"iteration":521,"seed":"AWKfIW/ItRLLM4JpnssxWiqfS9iDayKX4N7N2BFAggw="},"senderSigningKey":{"public":"BdcI0IFLhlwf3ZUOA9PgJ36Zqldd9oyXZ0JrtG+q5I09"},"senderMessageKeys":[]},{"senderKeyId":1540902669,"senderChainKey":{"iteration":526,"seed":"olyxNJEZzlle091ZavNMge/OUfTYlO+h3F2D4fBhDkk="},"senderSigningKey":{"public":"BdcI0IFLhlwf3ZUOA9PgJ36Zqldd9oyXZ0JrtG+q5I09"},"senderMessageKeys":[]},{"senderKeyId":1540902669,"senderChainKey":{"iteration":529,"seed":"ko+aweaLptFFAMmz2z/0Y0foQSPHcl8+YQ9HqB18cvU="},"senderSigningKey":{"public":"BdcI0IFLhlwf3ZUOA9PgJ36Zqldd9oyXZ0JrtG+q5I09"},"senderMessageKeys":[]},{"senderKeyId":1540902669,"senderChainKey":{"iteration":536,"seed":"IFsObjfAylf7zvDwQAYbZk7PjBBjAP+O4Gr/ip9omJE="},"senderSigningKey":{"public":"BdcI0IFLhlwf3ZUOA9PgJ36Zqldd9oyXZ0JrtG+q5I09"},"senderMessageKeys":[]},{"senderKeyId":1540902669,"senderChainKey":{"iteration":541,"seed":"yDta0wAY2ghCSTPaX177iymCV1sxewUO1G7Vv9GH1hs="},"senderSigningKey":{"public":"BdcI0IFLhlwf3ZUOA9PgJ36Zqldd9oyXZ0JrtG+q5I09"},"senderMessageKeys":[]},{"senderKeyId":1540902669,"senderChainKey":{"iteration":546,"seed":"b1hWQMYWwqdu1XiZV4Z+dUZ5TuItxHgLZ18qaa2Dv8M="},"senderSigningKey":{"public":"BdcI0IFLhlwf3ZUOA9PgJ36Zqldd9oyXZ0JrtG+q5I09"},"senderMessageKeys":[]},{"senderKeyId":1540902669,"senderChainKey":{"iteration":547,"seed":"5XCYQux1r1WpiwLUoL6QsIDcvS8/USn554keokmQ9zU="},"senderSigningKey":{"public":"BdcI0IFLhlwf3ZUOA9PgJ36Zqldd9oyXZ0JrtG+q5I09"},"senderMessageKeys":[]},{"senderKeyId":1540902669,"senderChainKey":{"iteration":548,"seed":"tIIoFAykysjcL1JepUZVjaO5xVLNz+6nzq5b2bIsNlY="},"senderSigningKey":{"public":"BdcI0IFLhlwf3ZUOA9PgJ36Zqldd9oyXZ0JrtG+q5I09"},"senderMessageKeys":[]},{"senderKeyId":1540902669,"senderChainKey":{"iteration":549,"seed":"NGarvhH4F1MnvRSmYh0Qrt7nvMOkrielwWBt1inzv94="},"senderSigningKey":{"public":"BdcI0IFLhlwf3ZUOA9PgJ36Zqldd9oyXZ0JrtG+q5I09"},"senderMessageKeys":[]},{"senderKeyId":1540902669,"senderChainKey":{"iteration":552,"seed":"F/dst5s4wpkeJmEzPDyp0m+KE5e37NlQnzTl6L/Jtlk="},"senderSigningKey":{"public":"BdcI0IFLhlwf3ZUOA9PgJ36Zqldd9oyXZ0JrtG+q5I09"},"senderMessageKeys":[]},{"senderKeyId":1540902669,"senderChainKey":{"iteration":553,"seed":"2PE6lchfT4Z3vCWUCd9BMgKS2AYb67Bj7MPGHa7hMhs="},"senderSigningKey":{"public":"BdcI0IFLhlwf3ZUOA9PgJ36Zqldd9oyXZ0JrtG+q5I09"},"senderMessageKeys":[]},{"senderKeyId":1540902669,"senderChainKey":{"iteration":559,"seed":"8+YIzJEi8Z5DNQX9I17FJePz/YdjfkZl86zTUkb0VvQ="},"senderSigningKey":{"public":"BdcI0IFLhlwf3ZUOA9PgJ36Zqldd9oyXZ0JrtG+q5I09"},"senderMessageKeys":[]},{"senderKeyId":1540902669,"senderChainKey":{"iteration":553,"seed":"2PE6lchfT4Z3vCWUCd9BMgKS2AYb67Bj7MPGHa7hMhs="},"senderSigningKey":{"public":"BdcI0IFLhlwf3ZUOA9PgJ36Zqldd9oyXZ0JrtG+q5I09"},"senderMessageKeys":[]},{"senderKeyId":1540902669,"senderChainKey":{"iteration":555,"seed":"kglVVHuIz1nvsNMazalHH458hha7+8rdyz0+fSENCDs="},"senderSigningKey":{"public":"BdcI0IFLhlwf3ZUOA9PgJ36Zqldd9oyXZ0JrtG+q5I09"},"senderMessageKeys":[]},{"senderKeyId":1540902669,"senderChainKey":{"iteration":557,"seed":"snEZdHtUBMo+RfAXMf5Bq259xDo0iQtes0R/Upk5q6Y="},"senderSigningKey":{"public":"BdcI0IFLhlwf3ZUOA9PgJ36Zqldd9oyXZ0JrtG+q5I09"},"senderMessageKeys":[]},{"senderKeyId":1540902669,"senderChainKey":{"iteration":559,"seed":"8+YIzJEi8Z5DNQX9I17FJePz/YdjfkZl86zTUkb0VvQ="},"senderSigningKey":{"public":"BdcI0IFLhlwf3ZUOA9PgJ36Zqldd9oyXZ0JrtG+q5I09"},"senderMessageKeys":[]},{"senderKeyId":1540902669,"senderChainKey":{"iteration":560,"seed":"2m3WUp5wj79vBoV6XXRKmXOSRG7CdEjADy+jRz8TEYk="},"senderSigningKey":{"public":"BdcI0IFLhlwf3ZUOA9PgJ36Zqldd9oyXZ0JrtG+q5I09"},"senderMessageKeys":[]},{"senderKeyId":1540902669,"senderChainKey":{"iteration":564,"seed":"KSEJG7vBxc6ciGbAAhpDE8aQr3zoh+e9pAiKXKSIEJs="},"senderSigningKey":{"public":"BdcI0IFLhlwf3ZUOA9PgJ36Zqldd9oyXZ0JrtG+q5I09"},"senderMessageKeys":[]},{"senderKeyId":1540902669,"senderChainKey":{"iteration":568,"seed":"6Nev2aLJPlEi9elzNMfJ6yjJnoxVF9aaP3upG4hBs+g="},"senderSigningKey":{"public":"BdcI0IFLhlwf3ZUOA9PgJ36Zqldd9oyXZ0JrtG+q5I09"},"senderMessageKeys":[]},{"senderKeyId":1540902669,"senderChainKey":{"iteration":570,"seed":"BoHbsQ69+alEuu+xzd/wYfdVh0KlFyUyZKZpw8XJq0c="},"senderSigningKey":{"public":"BdcI0IFLhlwf3ZUOA9PgJ36Zqldd9oyXZ0JrtG+q5I09"},"senderMessageKeys":[]},{"senderKeyId":1540902669,"senderChainKey":{"iteration":574,"seed":"q7yKp9W4ogvBZguSLlwQgUYXfDSyHRXvk0bMWudFQ4U="},"senderSigningKey":{"public":"BdcI0IFLhlwf3ZUOA9PgJ36Zqldd9oyXZ0JrtG+q5I09"},"senderMessageKeys":[]},{"senderKeyId":1540902669,"senderChainKey":{"iteration":579,"seed":"MqUHzWUXRtx21x0wSlfXIHZ/EzrxIh5cUAsVjs8MjCI="},"senderSigningKey":{"public":"BdcI0IFLhlwf3ZUOA9PgJ36Zqldd9oyXZ0JrtG+q5I09"},"senderMessageKeys":[]},{"senderKeyId":1540902669,"senderChainKey":{"iteration":584,"seed":"xIPYasP77beVChRBion0G/EreWLqWMW33jyFcKoiss4="},"senderSigningKey":{"public":"BdcI0IFLhlwf3ZUOA9PgJ36Zqldd9oyXZ0JrtG+q5I09"},"senderMessageKeys":[]},{"senderKeyId":1540902669,"senderChainKey":{"iteration":589,"seed":"hxf0tzrfCfP4QyG+sTgveoFYHQ8FXxwN3D2cgI24khw="},"senderSigningKey":{"public":"BdcI0IFLhlwf3ZUOA9PgJ36Zqldd9oyXZ0JrtG+q5I09"},"senderMessageKeys":[]},{"senderKeyId":1540902669,"senderChainKey":{"iteration":594,"seed":"jVdFSEt1U5aPso3fSTfpEGdd67gcV6cBPf3s71CwYFU="},"senderSigningKey":{"public":"BdcI0IFLhlwf3ZUOA9PgJ36Zqldd9oyXZ0JrtG+q5I09"},"senderMessageKeys":[]},{"senderKeyId":1540902669,"senderChainKey":{"iteration":599,"seed":"zcz72x4eSYN8+MQqrZqP6EgSVaJXSFR8/j3i77dI934="},"senderSigningKey":{"public":"BdcI0IFLhlwf3ZUOA9PgJ36Zqldd9oyXZ0JrtG+q5I09"},"senderMessageKeys":[]},{"senderKeyId":1540902669,"senderChainKey":{"iteration":604,"seed":"BEaZcMVg5EgCglWfElrS+HxI/Coos9LcTiZBr92TyEE="},"senderSigningKey":{"public":"BdcI0IFLhlwf3ZUOA9PgJ36Zqldd9oyXZ0JrtG+q5I09"},"senderMessageKeys":[]},{"senderKeyId":1540902669,"senderChainKey":{"iteration":609,"seed":"5Fba/jlxCPgIdhTbnLFdJRqSJj6eb02+95dAYznpymk="},"senderSigningKey":{"public":"BdcI0IFLhlwf3ZUOA9PgJ36Zqldd9oyXZ0JrtG+q5I09"},"senderMessageKeys":[]},{"senderKeyId":1540902669,"senderChainKey":{"iteration":613,"seed":"bIidC3XuN452esWw4AQxPvyY6J9cGrz1OaOnNNicFXE="},"senderSigningKey":{"public":"BdcI0IFLhlwf3ZUOA9PgJ36Zqldd9oyXZ0JrtG+q5I09"},"senderMessageKeys":[]},{"senderKeyId":1540902669,"senderChainKey":{"iteration":620,"seed":"UhaNsWIk3jfEtS1R4g0ED2PI+6bVdgk9KQ8JKsj9HtQ="},"senderSigningKey":{"public":"BdcI0IFLhlwf3ZUOA9PgJ36Zqldd9oyXZ0JrtG+q5I09"},"senderMessageKeys":[]},{"senderKeyId":1540902669,"senderChainKey":{"iteration":625,"seed":"ykP6t3U3ePG9g4yHYQN9fVSSre8gfLZltPwD4t4NS6Y="},"senderSigningKey":{"public":"BdcI0IFLhlwf3ZUOA9PgJ36Zqldd9oyXZ0JrtG+q5I09"},"senderMessageKeys":[]},{"senderKeyId":1540902669,"senderChainKey":{"iteration":628,"seed":"P68Tyqf0WxGZG3XEmjDjJl4wKbqV/yqkyv7XDQak1nk="},"senderSigningKey":{"public":"BdcI0IFLhlwf3ZUOA9PgJ36Zqldd9oyXZ0JrtG+q5I09"},"senderMessageKeys":[]},{"senderKeyId":1540902669,"senderChainKey":{"iteration":635,"seed":"uvVxIoSyz79xSbFcAFBT9yGPkW5Q906WURGe3NKnptE="},"senderSigningKey":{"public":"BdcI0IFLhlwf3ZUOA9PgJ36Zqldd9oyXZ0JrtG+q5I09"},"senderMessageKeys":[]},{"senderKeyId":1540902669,"senderChainKey":{"iteration":645,"seed":"Z0LY0gfOpvAPdxK8GiTzysbK7/KgPSR2F7KdFSfPT3o="},"senderSigningKey":{"public":"BdcI0IFLhlwf3ZUOA9PgJ36Zqldd9oyXZ0JrtG+q5I09"},"senderMessageKeys":[]},{"senderKeyId":1540902669,"senderChainKey":{"iteration":649,"seed":"bDF8WOwDalsXeDqfBCRKKh3lFGJ2MC2s7lwk7DwZHHc="},"senderSigningKey":{"public":"BdcI0IFLhlwf3ZUOA9PgJ36Zqldd9oyXZ0JrtG+q5I09"},"senderMessageKeys":[]},{"senderKeyId":1540902669,"senderChainKey":{"iteration":651,"seed":"4aDKrmiPtwb1Zlu2g2X6rGceND+HVpJ+UvmV3KnCB30="},"senderSigningKey":{"public":"BdcI0IFLhlwf3ZUOA9PgJ36Zqldd9oyXZ0JrtG+q5I09"},"senderMessageKeys":[]},{"senderKeyId":1540902669,"senderChainKey":{"iteration":656,"seed":"JaINTLlu8BrAFGUkG0v2k79NUvR7JOCO0sOYrifAbPk="},"senderSigningKey":{"public":"BdcI0IFLhlwf3ZUOA9PgJ36Zqldd9oyXZ0JrtG+q5I09"},"senderMessageKeys":[]},{"senderKeyId":1540902669,"senderChainKey":{"iteration":661,"seed":"UuMVGXtJOUAz8+HXWTRyu+W0ONMMEi61UOb42S93Y/A="},"senderSigningKey":{"public":"BdcI0IFLhlwf3ZUOA9PgJ36Zqldd9oyXZ0JrtG+q5I09"},"senderMessageKeys":[]},{"senderKeyId":1540902669,"senderChainKey":{"iteration":666,"seed":"gMPgA1bc77yNC/B9TKX56eHwXnaDMvlZ9Cp7e5jC7CY="},"senderSigningKey":{"public":"BdcI0IFLhlwf3ZUOA9PgJ36Zqldd9oyXZ0JrtG+q5I09"},"senderMessageKeys":[]},{"senderKeyId":1540902669,"senderChainKey":{"iteration":669,"seed":"IRN9tOHLWxhOzMBSD6lkThi+xbeCl8rKTYBB1s208xo="},"senderSigningKey":{"public":"BdcI0IFLhlwf3ZUOA9PgJ36Zqldd9oyXZ0JrtG+q5I09"},"senderMessageKeys":[]},{"senderKeyId":1540902669,"senderChainKey":{"iteration":674,"seed":"J/PTZ4ZDwJtVt3OAM+YP7zkhqyB43Srxvzh88Gs6ktw="},"senderSigningKey":{"public":"BdcI0IFLhlwf3ZUOA9PgJ36Zqldd9oyXZ0JrtG+q5I09"},"senderMessageKeys":[]},{"senderKeyId":1540902669,"senderChainKey":{"iteration":678,"seed":"anY5H8XmPe8f9Kg5QCRXm3OMhwnmY2ECTtZEs2xFftI="},"senderSigningKey":{"public":"BdcI0IFLhlwf3ZUOA9PgJ36Zqldd9oyXZ0JrtG+q5I09"},"senderMessageKeys":[]},{"senderKeyId":1540902669,"senderChainKey":{"iteration":683,"seed":"CWpXLbfujIqqRrdcsOlMxEVAz5LHoYe5WPNgSfMet74="},"senderSigningKey":{"public":"BdcI0IFLhlwf3ZUOA9PgJ36Zqldd9oyXZ0JrtG+q5I09"},"senderMessageKeys":[]},{"senderKeyId":1540902669,"senderChainKey":{"iteration":688,"seed":"8iXRtCj/kWrqtmpH7amglTRcjNad712eO5XlQpkCEFY="},"senderSigningKey":{"public":"BdcI0IFLhlwf3ZUOA9PgJ36Zqldd9oyXZ0JrtG+q5I09"},"senderMessageKeys":[]},{"senderKeyId":1540902669,"senderChainKey":{"iteration":693,"seed":"yH8iDSylbZL8U2AIzk16igBESNrqsNFCZpY5Zt5EnHA="},"senderSigningKey":{"public":"BdcI0IFLhlwf3ZUOA9PgJ36Zqldd9oyXZ0JrtG+q5I09"},"senderMessageKeys":[]},{"senderKeyId":1540902669,"senderChainKey":{"iteration":698,"seed":"wyeHLAZG7ByNo1DpBS/jOfRjubCbW+n703JvTiBOmFE="},"senderSigningKey":{"public":"BdcI0IFLhlwf3ZUOA9PgJ36Zqldd9oyXZ0JrtG+q5I09"},"senderMessageKeys":[]},{"senderKeyId":1540902669,"senderChainKey":{"iteration":704,"seed":"3c0oHEZyjidl0En+scXsXsp6DiDNM4oUf9ta93bpbtc="},"senderSigningKey":{"public":"BdcI0IFLhlwf3ZUOA9PgJ36Zqldd9oyXZ0JrtG+q5I09"},"senderMessageKeys":[]},{"senderKeyId":1540902669,"senderChainKey":{"iteration":709,"seed":"T6TCiUoiznv8s/3eNoC2/CpjVbYDB3wn5adnHYEJJq0="},"senderSigningKey":{"public":"BdcI0IFLhlwf3ZUOA9PgJ36Zqldd9oyXZ0JrtG+q5I09"},"senderMessageKeys":[]},{"senderKeyId":1540902669,"senderChainKey":{"iteration":714,"seed":"zc8ltHj34F5zxb99lMkFq12J9kZ+VoWcDg2yJs8HNaE="},"senderSigningKey":{"public":"BdcI0IFLhlwf3ZUOA9PgJ36Zqldd9oyXZ0JrtG+q5I09"},"senderMessageKeys":[]},{"senderKeyId":1540902669,"senderChainKey":{"iteration":717,"seed":"wjAy+xBZQRbF3ouTuZi/1bLopg8FBiAqUJILYNZ1BQs="},"senderSigningKey":{"public":"BdcI0IFLhlwf3ZUOA9PgJ36Zqldd9oyXZ0JrtG+q5I09"},"senderMessageKeys":[]},{"senderKeyId":1540902669,"senderChainKey":{"iteration":720,"seed":"D/iHQWyBhAo4LIS6AOsEMLRHsqD1s4+Nr9JVLQchndM="},"senderSigningKey":{"public":"BdcI0IFLhlwf3ZUOA9PgJ36Zqldd9oyXZ0JrtG+q5I09"},"senderMessageKeys":[]},{"senderKeyId":1540902669,"senderChainKey":{"iteration":722,"seed":"ThjvYSq+0u7vbgAVKF8c6LdPDTQ05FLy7uPq7+Oh3pI="},"senderSigningKey":{"public":"BdcI0IFLhlwf3ZUOA9PgJ36Zqldd9oyXZ0JrtG+q5I09"},"senderMessageKeys":[]},{"senderKeyId":1540902669,"senderChainKey":{"iteration":730,"seed":"OwWE6t0Dmfkw4dU/1CuQCo/T4ZLEiZJ623X8Jm3jwOQ="},"senderSigningKey":{"public":"BdcI0IFLhlwf3ZUOA9PgJ36Zqldd9oyXZ0JrtG+q5I09"},"senderMessageKeys":[]},{"senderKeyId":1540902669,"senderChainKey":{"iteration":741,"seed":"PTQ/+bgcbOxPYEJ46xJXwuxcDVgFCfq8JR9LSo6d0uo="},"senderSigningKey":{"public":"BdcI0IFLhlwf3ZUOA9PgJ36Zqldd9oyXZ0JrtG+q5I09"},"senderMessageKeys":[]},{"senderKeyId":1540902669,"senderChainKey":{"iteration":744,"seed":"t1f8eJ0BJ/GszSlthZCc6RzE4ly9o0nNUDE6fhA8KaM="},"senderSigningKey":{"public":"BdcI0IFLhlwf3ZUOA9PgJ36Zqldd9oyXZ0JrtG+q5I09"},"senderMessageKeys":[]},{"senderKeyId":1540902669,"senderChainKey":{"iteration":751,"seed":"+n5XSqufapB20zEe3hDqPe6XNNULAwaZ0Uyg6eQU6/4="},"senderSigningKey":{"public":"BdcI0IFLhlwf3ZUOA9PgJ36Zqldd9oyXZ0JrtG+q5I09"},"senderMessageKeys":[]},{"senderKeyId":1540902669,"senderChainKey":{"iteration":761,"seed":"7ERRBHTSgfOgnOAngqvhi/x1F+TGRZzgp/A0xhCGDX8="},"senderSigningKey":{"public":"BdcI0IFLhlwf3ZUOA9PgJ36Zqldd9oyXZ0JrtG+q5I09"},"senderMessageKeys":[]},{"senderKeyId":1540902669,"senderChainKey":{"iteration":765,"seed":"/X2xWwF+ZDnW3K/wfpilPwQ8477knUz7/gVx2tRjBsE="},"senderSigningKey":{"public":"BdcI0IFLhlwf3ZUOA9PgJ36Zqldd9oyXZ0JrtG+q5I09"},"senderMessageKeys":[]},{"senderKeyId":1540902669,"senderChainKey":{"iteration":771,"seed":"Lj4FyGYWBPnVcKyfd0zxjGKx6lglEKw2T+j1W3ByYjo="},"senderSigningKey":{"public":"BdcI0IFLhlwf3ZUOA9PgJ36Zqldd9oyXZ0JrtG+q5I09"},"senderMessageKeys":[]},{"senderKeyId":1540902669,"senderChainKey":{"iteration":774,"seed":"J4lo4FrosPAEVZTEtm4wTzUKP0srygj2Addikq7idbY="},"senderSigningKey":{"public":"BdcI0IFLhlwf3ZUOA9PgJ36Zqldd9oyXZ0JrtG+q5I09"},"senderMessageKeys":[]},{"senderKeyId":1540902669,"senderChainKey":{"iteration":777,"seed":"i/9y//BEs13AokH/HTGjjkGLLFnObNsyvDjx5xUbo7E="},"senderSigningKey":{"public":"BdcI0IFLhlwf3ZUOA9PgJ36Zqldd9oyXZ0JrtG+q5I09"},"senderMessageKeys":[]},{"senderKeyId":1540902669,"senderChainKey":{"iteration":780,"seed":"94PcYQ+X6edVlZM/Z1lDiMBLzBbpQP7TiVd6dI3w7U0="},"senderSigningKey":{"public":"BdcI0IFLhlwf3ZUOA9PgJ36Zqldd9oyXZ0JrtG+q5I09"},"senderMessageKeys":[]},{"senderKeyId":1540902669,"senderChainKey":{"iteration":781,"seed":"s701WUkzQZXcTHEQG/7UkAgRxRDeObIpySsq+DzyNsI="},"senderSigningKey":{"public":"BdcI0IFLhlwf3ZUOA9PgJ36Zqldd9oyXZ0JrtG+q5I09"},"senderMessageKeys":[]},{"senderKeyId":1540902669,"senderChainKey":{"iteration":789,"seed":"pqzQYem5JHW97Rg817xqiaIF+fieK5t0D7hIuZsY9sQ="},"senderSigningKey":{"public":"BdcI0IFLhlwf3ZUOA9PgJ36Zqldd9oyXZ0JrtG+q5I09"},"senderMessageKeys":[]},{"senderKeyId":1540902669,"senderChainKey":{"iteration":799,"seed":"t8d2Q97J8vB9bwryqgGyQtfYkaQOtPO8fnsPbsbg9R0="},"senderSigningKey":{"public":"BdcI0IFLhlwf3ZUOA9PgJ36Zqldd9oyXZ0JrtG+q5I09"},"senderMessageKeys":[]},{"senderKeyId":1540902669,"senderChainKey":{"iteration":801,"seed":"max/j4Yxsr0q4Wui453DLo2QXd2lSUEU4Er4YbOu7q0="},"senderSigningKey":{"public":"BdcI0IFLhlwf3ZUOA9PgJ36Zqldd9oyXZ0JrtG+q5I09"},"senderMessageKeys":[]},{"senderKeyId":1540902669,"senderChainKey":{"iteration":806,"seed":"0aGV/3vYkiNOhqvCbb/3MqupX1l3oGnmIQ36PcIitJk="},"senderSigningKey":{"public":"BdcI0IFLhlwf3ZUOA9PgJ36Zqldd9oyXZ0JrtG+q5I09"},"senderMessageKeys":[]},{"senderKeyId":1903159270,"senderChainKey":{"iteration":381,"seed":"18iNyfoVKTZBLEwCloMClEW80/9hLtAgXtDOWTTu44k="},"senderSigningKey":{"public":"BemAqg7odJ+GtDppeVns6Zh9deOS9UOzmvTlnxdZXiEK"},"senderMessageKeys":[{},{},{},{},{},{},{},{},{},{},{},{},{},{},{},{},{},{},{},{},{},{},{},{},{},{},{},{},{},{},{},{},{},{},{},{},{},{},{},{},{},{},{},{},{},{},{},{},{},{},{},{},{},{},{},{},{},{},{},{},{},{},{},{},{},{},{},{},{},{},{},{},{},{},{},{},{},{},{},{},{},{},{},{},{},{},{},{},{},{},{},{},{},{},{},{},{},{},{},{},{},{},{},{},{},{},{},{},{},{},{},{},{},{},{},{},{},{},{},{},{},{},{},{},{},{},{},{},{},{},{},{},{},{},{},{},{},{},{},{},{},{},{},{},{},{},{},{},{},{},{},{},{},{},{},{},{},{},{},{},{},{},{},{},{},{},{},{},{},{},{},{},{},{},{},{},{},{},{},{},{},{},{},{},{},{},{},{},{},{},{},{},{},{},{},{},{},{},{},{},{},{},{},{},{},{},{},{},{},{},{},{},{},{},{},{},{},{},{},{},{},{},{},{},{},{},{},{},{},{},{},{},{},{},{},{},{},{},{},{},{},{},{},{},{},{},{},{},{},{},{},{},{},{},{},{},{},{},{},{}]},{"senderKeyId":1903159270,"senderChainKey":{"iteration":5,"seed":"QEx0HIPtuyz3zlpwy6M+BHb7a5BJ9eQHTPOxCzR/AxE="},"senderSigningKey":{"public":"BemAqg7odJ+GtDppeVns6Zh9deOS9UOzmvTlnxdZXiEK"},"senderMessageKeys":[]},{"senderKeyId":1903159270,"senderChainKey":{"iteration":10,"seed":"SHNJ4voZHf7XikP7YPhYHqzp0RSozLxWppARyW0gtoA="},"senderSigningKey":{"public":"BemAqg7odJ+GtDppeVns6Zh9deOS9UOzmvTlnxdZXiEK"},"senderMessageKeys":[]},{"senderKeyId":1903159270,"senderChainKey":{"iteration":13,"seed":"57W8YkswwuLAvWRt+J/73LZVuYZ7MV4Sa24ZtSPWhIg="},"senderSigningKey":{"public":"BemAqg7odJ+GtDppeVns6Zh9deOS9UOzmvTlnxdZXiEK"},"senderMessageKeys":[]},{"senderKeyId":1903159270,"senderChainKey":{"iteration":16,"seed":"5b3CSjGcwoUpddx7Nb4ng4w3T6dNxC6kS0T6sDajYmM="},"senderSigningKey":{"public":"BemAqg7odJ+GtDppeVns6Zh9deOS9UOzmvTlnxdZXiEK"},"senderMessageKeys":[]},{"senderKeyId":1903159270,"senderChainKey":{"iteration":21,"seed":"1aJ9qQfWgOo+BUpNucOL2QTkq8Zsj8D3/QCu4ATL0XQ="},"senderSigningKey":{"public":"BemAqg7odJ+GtDppeVns6Zh9deOS9UOzmvTlnxdZXiEK"},"senderMessageKeys":[]},{"senderKeyId":1903159270,"senderChainKey":{"iteration":26,"seed":"qNuref80knx9WarKotd7RfM/m11NFGdP8ecwwNHpVBg="},"senderSigningKey":{"public":"BemAqg7odJ+GtDppeVns6Zh9deOS9UOzmvTlnxdZXiEK"},"senderMessageKeys":[]},{"senderKeyId":1903159270,"senderChainKey":{"iteration":31,"seed":"OtOSMjnsmT4V8iIdn73T1a8mByNr0zLXoANseGEW99Q="},"senderSigningKey":{"public":"BemAqg7odJ+GtDppeVns6Zh9deOS9UOzmvTlnxdZXiEK"},"senderMessageKeys":[]},{"senderKeyId":1903159270,"senderChainKey":{"iteration":36,"seed":"3vA/wmZ/+4DRJXxs71HjVuPAZhiamv4QdK2HcL91XUc="},"senderSigningKey":{"public":"BemAqg7odJ+GtDppeVns6Zh9deOS9UOzmvTlnxdZXiEK"},"senderMessageKeys":[]},{"senderKeyId":1903159270,"senderChainKey":{"iteration":42,"seed":"Fft4MaBfBlZFE0iMX9A9zzb/5SIJTDprNSfkmCHTrPY="},"senderSigningKey":{"public":"BemAqg7odJ+GtDppeVns6Zh9deOS9UOzmvTlnxdZXiEK"},"senderMessageKeys":[]},{"senderKeyId":1903159270,"senderChainKey":{"iteration":52,"seed":"lItRhLZ3EiTgvE5Osi7pPUZldxCi6ztXNR+yBXQs+4U="},"senderSigningKey":{"public":"BemAqg7odJ+GtDppeVns6Zh9deOS9UOzmvTlnxdZXiEK"},"senderMessageKeys":[]},{"senderKeyId":1903159270,"senderChainKey":{"iteration":57,"seed":"eZPGTHhY7dnlacST43kFfd69dsoqKS+U1XHZdMG+gVc="},"senderSigningKey":{"public":"BemAqg7odJ+GtDppeVns6Zh9deOS9UOzmvTlnxdZXiEK"},"senderMessageKeys":[]},{"senderKeyId":1903159270,"senderChainKey":{"iteration":60,"seed":"SS27TX9G3K6O/atcPbagNyZz01CzIwXO07kYN9tqSO4="},"senderSigningKey":{"public":"BemAqg7odJ+GtDppeVns6Zh9deOS9UOzmvTlnxdZXiEK"},"senderMessageKeys":[]},{"senderKeyId":1903159270,"senderChainKey":{"iteration":67,"seed":"zw+JITrlc+uK8k1MC1SeHAwob5x6ZQcclO2ZsQRQ82k="},"senderSigningKey":{"public":"BemAqg7odJ+GtDppeVns6Zh9deOS9UOzmvTlnxdZXiEK"},"senderMessageKeys":[]},{"senderKeyId":1903159270,"senderChainKey":{"iteration":72,"seed":"wAgnOvJhlDWGZqcwc6DoiFz1ZR3QGubFecIdiJevt7E="},"senderSigningKey":{"public":"BemAqg7odJ+GtDppeVns6Zh9deOS9UOzmvTlnxdZXiEK"},"senderMessageKeys":[]},{"senderKeyId":1903159270,"senderChainKey":{"iteration":77,"seed":"OvH1eKlLE8nj7z9irnoC6bljGHJ6ExNBDb4Y/2ZBMaQ="},"senderSigningKey":{"public":"BemAqg7odJ+GtDppeVns6Zh9deOS9UOzmvTlnxdZXiEK"},"senderMessageKeys":[]},{"senderKeyId":1903159270,"senderChainKey":{"iteration":79,"seed":"pXuRK/Dk76kTzQsy9q9SLaAEc1HIO17EOwgqWbLWoeo="},"senderSigningKey":{"public":"BemAqg7odJ+GtDppeVns6Zh9deOS9UOzmvTlnxdZXiEK"},"senderMessageKeys":[]},{"senderKeyId":1903159270,"senderChainKey":{"iteration":87,"seed":"+oW47UACb8Nm+mpr2G1vIwS4HHK9jJWj7AhJl+wGmAc="},"senderSigningKey":{"public":"BemAqg7odJ+GtDppeVns6Zh9deOS9UOzmvTlnxdZXiEK"},"senderMessageKeys":[]},{"senderKeyId":1903159270,"senderChainKey":{"iteration":97,"seed":"hE6eKJXL2UFm8ZDd0y3LXKhVQNqEzEc8Uku+pzbrm54="},"senderSigningKey":{"public":"BemAqg7odJ+GtDppeVns6Zh9deOS9UOzmvTlnxdZXiEK"},"senderMessageKeys":[]},{"senderKeyId":1903159270,"senderChainKey":{"iteration":99,"seed":"UQR2b4M5gzScfUnR6W2AA/YAgfUTOv3a7XZL5k0Emgw="},"senderSigningKey":{"public":"BemAqg7odJ+GtDppeVns6Zh9deOS9UOzmvTlnxdZXiEK"},"senderMessageKeys":[]},{"senderKeyId":1903159270,"senderChainKey":{"iteration":103,"seed":"M6Q1cnWb85IY76O4iSYJZIbFMemIw0M8bdIZGmmwH0U="},"senderSigningKey":{"public":"BemAqg7odJ+GtDppeVns6Zh9deOS9UOzmvTlnxdZXiEK"},"senderMessageKeys":[]},{"senderKeyId":1903159270,"senderChainKey":{"iteration":105,"seed":"oE/iBGT95+yq2S/8/rOrNp5SXLLrYgXgqKsk7jBCgAQ="},"senderSigningKey":{"public":"BemAqg7odJ+GtDppeVns6Zh9deOS9UOzmvTlnxdZXiEK"},"senderMessageKeys":[]},{"senderKeyId":1903159270,"senderChainKey":{"iteration":109,"seed":"gmSpNYoVacSWWXouyW2sQHd/vAR+qHYNEC6AHvG4p8Q="},"senderSigningKey":{"public":"BemAqg7odJ+GtDppeVns6Zh9deOS9UOzmvTlnxdZXiEK"},"senderMessageKeys":[]},{"senderKeyId":1903159270,"senderChainKey":{"iteration":115,"seed":"XolmbllaPQX+bOJv0jhqryHPFNEYXPqnt/8adL44YU4="},"senderSigningKey":{"public":"BemAqg7odJ+GtDppeVns6Zh9deOS9UOzmvTlnxdZXiEK"},"senderMessageKeys":[]},{"senderKeyId":1903159270,"senderChainKey":{"iteration":120,"seed":"Byrg2GcSig+YCbz4mGop6tCiNjiq63wQqQqld/KaA+s="},"senderSigningKey":{"public":"BemAqg7odJ+GtDppeVns6Zh9deOS9UOzmvTlnxdZXiEK"},"senderMessageKeys":[]},{"senderKeyId":1903159270,"senderChainKey":{"iteration":123,"seed":"aUAjCrsfcR9glkPRVSwn8tA/Le9BK98wBROA9i3ic3A="},"senderSigningKey":{"public":"BemAqg7odJ+GtDppeVns6Zh9deOS9UOzmvTlnxdZXiEK"},"senderMessageKeys":[]},{"senderKeyId":1903159270,"senderChainKey":{"iteration":130,"seed":"bnPq7SgsOVip7Hl29+5I6IV1EjutPYYsSiDhcGgsGm4="},"senderSigningKey":{"public":"BemAqg7odJ+GtDppeVns6Zh9deOS9UOzmvTlnxdZXiEK"},"senderMessageKeys":[]},{"senderKeyId":1903159270,"senderChainKey":{"iteration":135,"seed":"f1pgJ/9+qsI5klmRNdE11MF24xB9jfxdJ/T9oPQpgx4="},"senderSigningKey":{"public":"BemAqg7odJ+GtDppeVns6Zh9deOS9UOzmvTlnxdZXiEK"},"senderMessageKeys":[]},{"senderKeyId":1903159270,"senderChainKey":{"iteration":140,"seed":"cl+Psk5TBVFKV0QCNAlPOBKZgjgkETh57HmXt1tjp7E="},"senderSigningKey":{"public":"BemAqg7odJ+GtDppeVns6Zh9deOS9UOzmvTlnxdZXiEK"},"senderMessageKeys":[]},{"senderKeyId":1903159270,"senderChainKey":{"iteration":145,"seed":"E5a1uMB3rGxMts+dimSbX30Mbxd9AC7/Eo09WOgr380="},"senderSigningKey":{"public":"BemAqg7odJ+GtDppeVns6Zh9deOS9UOzmvTlnxdZXiEK"},"senderMessageKeys":[]},{"senderKeyId":1903159270,"senderChainKey":{"iteration":147,"seed":"V3GxcUjTzwvOyDt3S+k/4zOREyjus8GLTQiWZ29awXo="},"senderSigningKey":{"public":"BemAqg7odJ+GtDppeVns6Zh9deOS9UOzmvTlnxdZXiEK"},"senderMessageKeys":[]},{"senderKeyId":1903159270,"senderChainKey":{"iteration":155,"seed":"mAfiM6T74mMApZitfaXdpfbnnoeWvkNFvUiZq7uMAlI="},"senderSigningKey":{"public":"BemAqg7odJ+GtDppeVns6Zh9deOS9UOzmvTlnxdZXiEK"},"senderMessageKeys":[]},{"senderKeyId":1903159270,"senderChainKey":{"iteration":157,"seed":"N1stdA0NOaY8DdzZoBt0Agqi2/VNhy53ToOJmOSNX+s="},"senderSigningKey":{"public":"BemAqg7odJ+GtDppeVns6Zh9deOS9UOzmvTlnxdZXiEK"},"senderMessageKeys":[]},{"senderKeyId":1903159270,"senderChainKey":{"iteration":165,"seed":"aKpQNPGCoATVaBOSErVilzEN71AXgnabKKA8TXJ+vyA="},"senderSigningKey":{"public":"BemAqg7odJ+GtDppeVns6Zh9deOS9UOzmvTlnxdZXiEK"},"senderMessageKeys":[]},{"senderKeyId":1903159270,"senderChainKey":{"iteration":175,"seed":"97DJ/PsabR6JmrnTckkdvPKIKXgXBY+faUj+brmra3U="},"senderSigningKey":{"public":"BemAqg7odJ+GtDppeVns6Zh9deOS9UOzmvTlnxdZXiEK"},"senderMessageKeys":[]},{"senderKeyId":1903159270,"senderChainKey":{"iteration":178,"seed":"qTElrHewgTM+wZfX3Cc5x7xBu5TOi5+G2nI3gGuXLlU="},"senderSigningKey":{"public":"BemAqg7odJ+GtDppeVns6Zh9deOS9UOzmvTlnxdZXiEK"},"senderMessageKeys":[]},{"senderKeyId":1903159270,"senderChainKey":{"iteration":185,"seed":"YUoU8dkkeyS1RK4GasBPYLZKK28hgBNLqW/JsGTxqrk="},"senderSigningKey":{"public":"BemAqg7odJ+GtDppeVns6Zh9deOS9UOzmvTlnxdZXiEK"},"senderMessageKeys":[]},{"senderKeyId":1903159270,"senderChainKey":{"iteration":190,"seed":"E6HSL0sWmvuvO8XGrfvUkPp8r/d2TQ6cT/rnvg6DK8s="},"senderSigningKey":{"public":"BemAqg7odJ+GtDppeVns6Zh9deOS9UOzmvTlnxdZXiEK"},"senderMessageKeys":[]},{"senderKeyId":1903159270,"senderChainKey":{"iteration":195,"seed":"+aZEmP3uyyopb9RxJbvEhmQMXM1D9TZNkIN3XDzM+iQ="},"senderSigningKey":{"public":"BemAqg7odJ+GtDppeVns6Zh9deOS9UOzmvTlnxdZXiEK"},"senderMessageKeys":[]},{"senderKeyId":1903159270,"senderChainKey":{"iteration":196,"seed":"lZNrNgJ7UZ9cmpiq1Bw2reg/XBuVoBNx9Vy4p+yQ3tk="},"senderSigningKey":{"public":"BemAqg7odJ+GtDppeVns6Zh9deOS9UOzmvTlnxdZXiEK"},"senderMessageKeys":[]},{"senderKeyId":1903159270,"senderChainKey":{"iteration":199,"seed":"J2vp7/hX2Dy/b6PEYlccoqX1zXOV4aom1Xsf8NTYHAk="},"senderSigningKey":{"public":"BemAqg7odJ+GtDppeVns6Zh9deOS9UOzmvTlnxdZXiEK"},"senderMessageKeys":[]},{"senderKeyId":1903159270,"senderChainKey":{"iteration":203,"seed":"Ww3qXS1WwYiipwWf7+6gF44Z/M2wx2Dz57GrdE/S9Nw="},"senderSigningKey":{"public":"BemAqg7odJ+GtDppeVns6Zh9deOS9UOzmvTlnxdZXiEK"},"senderMessageKeys":[]},{"senderKeyId":1903159270,"senderChainKey":{"iteration":208,"seed":"SIh2P8UWRacCEh2SN+OZrDhSFeHdda+lNl2S/A24+e0="},"senderSigningKey":{"public":"BemAqg7odJ+GtDppeVns6Zh9deOS9UOzmvTlnxdZXiEK"},"senderMessageKeys":[]},{"senderKeyId":1903159270,"senderChainKey":{"iteration":212,"seed":"X7X0f1bf8Nl3StFnTwE7zExZQlCrVaevynDaHz2P7fY="},"senderSigningKey":{"public":"BemAqg7odJ+GtDppeVns6Zh9deOS9UOzmvTlnxdZXiEK"},"senderMessageKeys":[]},{"senderKeyId":1903159270,"senderChainKey":{"iteration":217,"seed":"0myiR769bUolNij9NooEpz8tj2tDdfs2fdLjOO3kiXs="},"senderSigningKey":{"public":"BemAqg7odJ+GtDppeVns6Zh9deOS9UOzmvTlnxdZXiEK"},"senderMessageKeys":[]},{"senderKeyId":1903159270,"senderChainKey":{"iteration":222,"seed":"fYHyDc6JEcf1jyW2QS6gtFGPNsmToB4lFQ/zFKcRfgw="},"senderSigningKey":{"public":"BemAqg7odJ+GtDppeVns6Zh9deOS9UOzmvTlnxdZXiEK"},"senderMessageKeys":[]},{"senderKeyId":1903159270,"senderChainKey":{"iteration":227,"seed":"Pfn3LT6CEWGo8U7gMgUDFL4+aqrHjfJEeZDV24xX9K4="},"senderSigningKey":{"public":"BemAqg7odJ+GtDppeVns6Zh9deOS9UOzmvTlnxdZXiEK"},"senderMessageKeys":[]},{"senderKeyId":1903159270,"senderChainKey":{"iteration":232,"seed":"xTXJNZsZpyc8o84A/loRnG84tUDSCIepzxInA0/x3hc="},"senderSigningKey":{"public":"BemAqg7odJ+GtDppeVns6Zh9deOS9UOzmvTlnxdZXiEK"},"senderMessageKeys":[]},{"senderKeyId":1903159270,"senderChainKey":{"iteration":237,"seed":"uZUXQ7a9Y4JAhgLj7RNQe/tFCkwhwHpggzCV/c+GQtM="},"senderSigningKey":{"public":"BemAqg7odJ+GtDppeVns6Zh9deOS9UOzmvTlnxdZXiEK"},"senderMessageKeys":[]},{"senderKeyId":1903159270,"senderChainKey":{"iteration":238,"seed":"U5FHflzekZm4rgl23uIMpEMZfkHQYDcU+xzxh0HYSC0="},"senderSigningKey":{"public":"BemAqg7odJ+GtDppeVns6Zh9deOS9UOzmvTlnxdZXiEK"},"senderMessageKeys":[]},{"senderKeyId":1903159270,"senderChainKey":{"iteration":247,"seed":"sP9q1NQVP95P20WZ4fc2Gp+TVYdtBnkB32qNAWY9Xkw="},"senderSigningKey":{"public":"BemAqg7odJ+GtDppeVns6Zh9deOS9UOzmvTlnxdZXiEK"},"senderMessageKeys":[]},{"senderKeyId":1903159270,"senderChainKey":{"iteration":252,"seed":"kjNg/Y42/+cyEFw6EKRm7ntG/xqpPQRJ+51EtRdcxPU="},"senderSigningKey":{"public":"BemAqg7odJ+GtDppeVns6Zh9deOS9UOzmvTlnxdZXiEK"},"senderMessageKeys":[]},{"senderKeyId":1903159270,"senderChainKey":{"iteration":257,"seed":"/qflEJldpaw4vx3qlAFHS7ZN5JdHI7LooxEtRA0qAIc="},"senderSigningKey":{"public":"BemAqg7odJ+GtDppeVns6Zh9deOS9UOzmvTlnxdZXiEK"},"senderMessageKeys":[]},{"senderKeyId":1903159270,"senderChainKey":{"iteration":262,"seed":"mI6Lw8IbAyQlIouACajtr6r+CKRjWm9R36F8hOYHN8I="},"senderSigningKey":{"public":"BemAqg7odJ+GtDppeVns6Zh9deOS9UOzmvTlnxdZXiEK"},"senderMessageKeys":[]},{"senderKeyId":1903159270,"senderChainKey":{"iteration":267,"seed":"dxKNGbQDJsZUC02urrWHhSiigkZHfuv7EjbiuVVFkmg="},"senderSigningKey":{"public":"BemAqg7odJ+GtDppeVns6Zh9deOS9UOzmvTlnxdZXiEK"},"senderMessageKeys":[]},{"senderKeyId":1903159270,"senderChainKey":{"iteration":273,"seed":"pWem0Dfah4tP5i4rpMNtEOM4psjCFl8dw3qubI13kfQ="},"senderSigningKey":{"public":"BemAqg7odJ+GtDppeVns6Zh9deOS9UOzmvTlnxdZXiEK"},"senderMessageKeys":[]},{"senderKeyId":1903159270,"senderChainKey":{"iteration":274,"seed":"JHTh72wQIMNY49WeCsFMl2F+MZNzevxY2CLeRIHU8EY="},"senderSigningKey":{"public":"BemAqg7odJ+GtDppeVns6Zh9deOS9UOzmvTlnxdZXiEK"},"senderMessageKeys":[]},{"senderKeyId":1903159270,"senderChainKey":{"iteration":275,"seed":"j4A3A2H6QmpRoLd4IFJhf3zvTsCRTfSVREyPVFIIrxI="},"senderSigningKey":{"public":"BemAqg7odJ+GtDppeVns6Zh9deOS9UOzmvTlnxdZXiEK"},"senderMessageKeys":[]},{"senderKeyId":1903159270,"senderChainKey":{"iteration":277,"seed":"3tlyOz0o/CO0t0Yt1T8UaIzVSFbq0XafUz2hAubJl0w="},"senderSigningKey":{"public":"BemAqg7odJ+GtDppeVns6Zh9deOS9UOzmvTlnxdZXiEK"},"senderMessageKeys":[]},{"senderKeyId":1903159270,"senderChainKey":{"iteration":278,"seed":"ZlceRtXHaWwQ0rrvrCWPtqHs6bN+TeX9cvnbY/vOJXY="},"senderSigningKey":{"public":"BemAqg7odJ+GtDppeVns6Zh9deOS9UOzmvTlnxdZXiEK"},"senderMessageKeys":[]},{"senderKeyId":1903159270,"senderChainKey":{"iteration":281,"seed":"cxI3rh6dBoJ+a4AoSsvgDW2w/XNLXnC4zxLOWnS6L3c="},"senderSigningKey":{"public":"BemAqg7odJ+GtDppeVns6Zh9deOS9UOzmvTlnxdZXiEK"},"senderMessageKeys":[]},{"senderKeyId":1903159270,"senderChainKey":{"iteration":282,"seed":"CWlzFDTB8GJZhSxCur0H2jBpLNI+zYGp1EwIU5gj2Pw="},"senderSigningKey":{"public":"BemAqg7odJ+GtDppeVns6Zh9deOS9UOzmvTlnxdZXiEK"},"senderMessageKeys":[]},{"senderKeyId":1903159270,"senderChainKey":{"iteration":283,"seed":"ayzyqZQIdpRWwEzmiClCdQVoOgBk3Cgirq+UO6G9uUg="},"senderSigningKey":{"public":"BemAqg7odJ+GtDppeVns6Zh9deOS9UOzmvTlnxdZXiEK"},"senderMessageKeys":[]},{"senderKeyId":1903159270,"senderChainKey":{"iteration":284,"seed":"JcowFweMDC8pX86rMHXeLq6D3Z+Xxsqg0yemufvd1ts="},"senderSigningKey":{"public":"BemAqg7odJ+GtDppeVns6Zh9deOS9UOzmvTlnxdZXiEK"},"senderMessageKeys":[]},{"senderKeyId":1903159270,"senderChainKey":{"iteration":285,"seed":"bbF+SGcD06NmNcCXO6SVjW7hINI/bX4gXY+JeNZYWvc="},"senderSigningKey":{"public":"BemAqg7odJ+GtDppeVns6Zh9deOS9UOzmvTlnxdZXiEK"},"senderMessageKeys":[]},{"senderKeyId":1903159270,"senderChainKey":{"iteration":296,"seed":"zJgLk4ZT72xJ3Jwa0fH+WtLvMU7yla7d8Nb56psrfDk="},"senderSigningKey":{"public":"BemAqg7odJ+GtDppeVns6Zh9deOS9UOzmvTlnxdZXiEK"},"senderMessageKeys":[]},{"senderKeyId":1903159270,"senderChainKey":{"iteration":297,"seed":"yBJ9KSMnU7Ab+uvw7l3zBk97/Kyxr23t4PlCt6KLsGo="},"senderSigningKey":{"public":"BemAqg7odJ+GtDppeVns6Zh9deOS9UOzmvTlnxdZXiEK"},"senderMessageKeys":[]},{"senderKeyId":1903159270,"senderChainKey":{"iteration":298,"seed":"1r/KsgfVCq97XRkKuMWKJe8V+R5ivLeHyJ9SFa1YtPg="},"senderSigningKey":{"public":"BemAqg7odJ+GtDppeVns6Zh9deOS9UOzmvTlnxdZXiEK"},"senderMessageKeys":[]},{"senderKeyId":1903159270,"senderChainKey":{"iteration":299,"seed":"te6LYK4i8qqQQK6DhrDbQyHvWHU6DKEZ7ZimTEtsm3E="},"senderSigningKey":{"public":"BemAqg7odJ+GtDppeVns6Zh9deOS9UOzmvTlnxdZXiEK"},"senderMessageKeys":[]},{"senderKeyId":1903159270,"senderChainKey":{"iteration":300,"seed":"qLhsgx5QhF5E5+lw4gBAv1EHH1/DOCnVPnbV0g8mx5c="},"senderSigningKey":{"public":"BemAqg7odJ+GtDppeVns6Zh9deOS9UOzmvTlnxdZXiEK"},"senderMessageKeys":[]},{"senderKeyId":1903159270,"senderChainKey":{"iteration":301,"seed":"Uwj4lhuzo0oj0ovDRYf6q/J43yz7igdYHgf6OSt0zcg="},"senderSigningKey":{"public":"BemAqg7odJ+GtDppeVns6Zh9deOS9UOzmvTlnxdZXiEK"},"senderMessageKeys":[]},{"senderKeyId":1903159270,"senderChainKey":{"iteration":302,"seed":"sZJb3RSxazXyCbUJYXGHQuY2IF+txQa7zUVHHrcjIOE="},"senderSigningKey":{"public":"BemAqg7odJ+GtDppeVns6Zh9deOS9UOzmvTlnxdZXiEK"},"senderMessageKeys":[]},{"senderKeyId":1903159270,"senderChainKey":{"iteration":303,"seed":"G7hLPcs9vhaR1reXg+bTDZUuoZxk0MU6Ab9qhGRYjsU="},"senderSigningKey":{"public":"BemAqg7odJ+GtDppeVns6Zh9deOS9UOzmvTlnxdZXiEK"},"senderMessageKeys":[]},{"senderKeyId":1903159270,"senderChainKey":{"iteration":304,"seed":"mhy075nfZFOo/lDmC5Xp8L1dFtfS40n7KO2Pgk+r2qk="},"senderSigningKey":{"public":"BemAqg7odJ+GtDppeVns6Zh9deOS9UOzmvTlnxdZXiEK"},"senderMessageKeys":[]},{"senderKeyId":1903159270,"senderChainKey":{"iteration":305,"seed":"+jjFKjJVyRFMChcOJi/7YXPoz0eTvJiK3KEGZG+VQAY="},"senderSigningKey":{"public":"BemAqg7odJ+GtDppeVns6Zh9deOS9UOzmvTlnxdZXiEK"},"senderMessageKeys":[]},{"senderKeyId":1903159270,"senderChainKey":{"iteration":308,"seed":"tae9BwwXOUL7crdUjnfg4FUa8REqU/TJ2Bf1W8bI/Bs="},"senderSigningKey":{"public":"BemAqg7odJ+GtDppeVns6Zh9deOS9UOzmvTlnxdZXiEK"},"senderMessageKeys":[]},{"senderKeyId":1903159270,"senderChainKey":{"iteration":309,"seed":"aO0UWPkrhHTRBtNlZg2Mq6A3M9XpYiNu/AN8XkQML84="},"senderSigningKey":{"public":"BemAqg7odJ+GtDppeVns6Zh9deOS9UOzmvTlnxdZXiEK"},"senderMessageKeys":[]},{"senderKeyId":1903159270,"senderChainKey":{"iteration":312,"seed":"yu0gwXRDOmbpkG98ybSv9zPfY9I9/iAWU1v9K49QIjw="},"senderSigningKey":{"public":"BemAqg7odJ+GtDppeVns6Zh9deOS9UOzmvTlnxdZXiEK"},"senderMessageKeys":[]},{"senderKeyId":1903159270,"senderChainKey":{"iteration":314,"seed":"XhZtNoeyxt/stpAhWAK8zFXys3MjQ1boom+XWTPuIBE="},"senderSigningKey":{"public":"BemAqg7odJ+GtDppeVns6Zh9deOS9UOzmvTlnxdZXiEK"},"senderMessageKeys":[]},{"senderKeyId":1903159270,"senderChainKey":{"iteration":315,"seed":"uhPig7oOKHKP7rUzoWOyOHrC4RwYkibU1SZORLgtWgM="},"senderSigningKey":{"public":"BemAqg7odJ+GtDppeVns6Zh9deOS9UOzmvTlnxdZXiEK"},"senderMessageKeys":[]},{"senderKeyId":1903159270,"senderChainKey":{"iteration":316,"seed":"26ROIKW1GQWJ0E+BLY7Qt33woy4f2zZ/ESD1UGXcz5Y="},"senderSigningKey":{"public":"BemAqg7odJ+GtDppeVns6Zh9deOS9UOzmvTlnxdZXiEK"},"senderMessageKeys":[]},{"senderKeyId":1903159270,"senderChainKey":{"iteration":319,"seed":"5M3iJPH++Boh9CGEqsiIWmvYHEKqiKRADqJhJ7s/pic="},"senderSigningKey":{"public":"BemAqg7odJ+GtDppeVns6Zh9deOS9UOzmvTlnxdZXiEK"},"senderMessageKeys":[]},{"senderKeyId":1903159270,"senderChainKey":{"iteration":329,"seed":"/yzJeMWmt5Cb0cDfec33xzfS5T+lc74xI0uBQVSTH7I="},"senderSigningKey":{"public":"BemAqg7odJ+GtDppeVns6Zh9deOS9UOzmvTlnxdZXiEK"},"senderMessageKeys":[]},{"senderKeyId":1903159270,"senderChainKey":{"iteration":330,"seed":"8ZpRidjaKfci5ThF6EJZqURlD/dK6e7wYzlUp4H6yI8="},"senderSigningKey":{"public":"BemAqg7odJ+GtDppeVns6Zh9deOS9UOzmvTlnxdZXiEK"},"senderMessageKeys":[]},{"senderKeyId":1903159270,"senderChainKey":{"iteration":331,"seed":"NoDboGxrkvj9W/v+BMv08B51hK+/VzgzK12E4Eu6aDs="},"senderSigningKey":{"public":"BemAqg7odJ+GtDppeVns6Zh9deOS9UOzmvTlnxdZXiEK"},"senderMessageKeys":[]},{"senderKeyId":1903159270,"senderChainKey":{"iteration":332,"seed":"rfTrkv85bCiMEn5/SzvueZGkjMcC7z8+withR0J5W84="},"senderSigningKey":{"public":"BemAqg7odJ+GtDppeVns6Zh9deOS9UOzmvTlnxdZXiEK"},"senderMessageKeys":[]},{"senderKeyId":1903159270,"senderChainKey":{"iteration":333,"seed":"yB0ZkE28vzkWM1ui4IRRyB8jDmNwP9GdE8IObXBrqFY="},"senderSigningKey":{"public":"BemAqg7odJ+GtDppeVns6Zh9deOS9UOzmvTlnxdZXiEK"},"senderMessageKeys":[]},{"senderKeyId":1903159270,"senderChainKey":{"iteration":334,"seed":"F676PeC0m6Tt/pGdjxz7+SDF0ml1GrMKkYb00hpCOjk="},"senderSigningKey":{"public":"BemAqg7odJ+GtDppeVns6Zh9deOS9UOzmvTlnxdZXiEK"},"senderMessageKeys":[]},{"senderKeyId":1903159270,"senderChainKey":{"iteration":336,"seed":"JMuE48ABlVrxZ5zRZrBxsPB0HifWRd6gCK7kYkoPttw="},"senderSigningKey":{"public":"BemAqg7odJ+GtDppeVns6Zh9deOS9UOzmvTlnxdZXiEK"},"senderMessageKeys":[]},{"senderKeyId":1903159270,"senderChainKey":{"iteration":338,"seed":"CsnenxP+ut5uLhMrKMBDtav3Lf6CielgmByFML5iGfA="},"senderSigningKey":{"public":"BemAqg7odJ+GtDppeVns6Zh9deOS9UOzmvTlnxdZXiEK"},"senderMessageKeys":[]},{"senderKeyId":1903159270,"senderChainKey":{"iteration":339,"seed":"hOlvX4rjlvxE/lBysiHZvlyaBJag7txPt956YlqCw+I="},"senderSigningKey":{"public":"BemAqg7odJ+GtDppeVns6Zh9deOS9UOzmvTlnxdZXiEK"},"senderMessageKeys":[]},{"senderKeyId":1903159270,"senderChainKey":{"iteration":340,"seed":"MRmY3Yp9cnmJdALgKZ0xB9a7FqH5gUzmZ6b+sOtRyVo="},"senderSigningKey":{"public":"BemAqg7odJ+GtDppeVns6Zh9deOS9UOzmvTlnxdZXiEK"},"senderMessageKeys":[]},{"senderKeyId":1903159270,"senderChainKey":{"iteration":343,"seed":"IHNNuoMciHQPauCwy8/GK7XQA3XS9KCUFZe57h3aN2Q="},"senderSigningKey":{"public":"BemAqg7odJ+GtDppeVns6Zh9deOS9UOzmvTlnxdZXiEK"},"senderMessageKeys":[]},{"senderKeyId":1903159270,"senderChainKey":{"iteration":346,"seed":"xyPHCns80+VX2CKI3c+ZsW32xVljaQ9TNF1SujFePik="},"senderSigningKey":{"public":"BemAqg7odJ+GtDppeVns6Zh9deOS9UOzmvTlnxdZXiEK"},"senderMessageKeys":[]},{"senderKeyId":1903159270,"senderChainKey":{"iteration":347,"seed":"Ydqqx+zdxrj3RN+XYSXXghQUHzoCRzxaf/T8Oybii6c="},"senderSigningKey":{"public":"BemAqg7odJ+GtDppeVns6Zh9deOS9UOzmvTlnxdZXiEK"},"senderMessageKeys":[]},{"senderKeyId":1903159270,"senderChainKey":{"iteration":348,"seed":"cgeJRCaWy9FaPVlOeIIiex8PDqBLqK3H49uXTPRFCt0="},"senderSigningKey":{"public":"BemAqg7odJ+GtDppeVns6Zh9deOS9UOzmvTlnxdZXiEK"},"senderMessageKeys":[]},{"senderKeyId":1903159270,"senderChainKey":{"iteration":349,"seed":"wH9kna3WQr805gzZECld05/lOIrUz3Y4xt47Rm9+RMU="},"senderSigningKey":{"public":"BemAqg7odJ+GtDppeVns6Zh9deOS9UOzmvTlnxdZXiEK"},"senderMessageKeys":[]},{"senderKeyId":1903159270,"senderChainKey":{"iteration":350,"seed":"kOKe1SGaQCR8yaWb3FEl7fC5u64GFUOrqH/HG1nQyvI="},"senderSigningKey":{"public":"BemAqg7odJ+GtDppeVns6Zh9deOS9UOzmvTlnxdZXiEK"},"senderMessageKeys":[]},{"senderKeyId":1903159270,"senderChainKey":{"iteration":351,"seed":"iPDRKNjlSqw0nx6KTXMFlgHLz938WBXUjr3L+ftD8co="},"senderSigningKey":{"public":"BemAqg7odJ+GtDppeVns6Zh9deOS9UOzmvTlnxdZXiEK"},"senderMessageKeys":[]},{"senderKeyId":1903159270,"senderChainKey":{"iteration":352,"seed":"Iz+IWjsiGN8qHvSc4nN7Ed1kFGYZ/tgZyLPSs3AxtYg="},"senderSigningKey":{"public":"BemAqg7odJ+GtDppeVns6Zh9deOS9UOzmvTlnxdZXiEK"},"senderMessageKeys":[]},{"senderKeyId":1903159270,"senderChainKey":{"iteration":353,"seed":"uYW13Jh8EZsU8gam6Sm7wjZs1hxdTWnl2G5eEuqOKLk="},"senderSigningKey":{"public":"BemAqg7odJ+GtDppeVns6Zh9deOS9UOzmvTlnxdZXiEK"},"senderMessageKeys":[]},{"senderKeyId":1903159270,"senderChainKey":{"iteration":354,"seed":"GTvI4mox1GfecIxiddnT4CkUsLVUwL/61VnlrAweqX0="},"senderSigningKey":{"public":"BemAqg7odJ+GtDppeVns6Zh9deOS9UOzmvTlnxdZXiEK"},"senderMessageKeys":[]},{"senderKeyId":1903159270,"senderChainKey":{"iteration":357,"seed":"fhWad4sy0Pd9pA0Zj6dVX/6FoTza0BpOOeOr+2r2Cgw="},"senderSigningKey":{"public":"BemAqg7odJ+GtDppeVns6Zh9deOS9UOzmvTlnxdZXiEK"},"senderMessageKeys":[]},{"senderKeyId":1903159270,"senderChainKey":{"iteration":365,"seed":"sCpLSbje8M8CUYO7uUMSfgjeslPGegRVMAHv9tjyTXw="},"senderSigningKey":{"public":"BemAqg7odJ+GtDppeVns6Zh9deOS9UOzmvTlnxdZXiEK"},"senderMessageKeys":[]},{"senderKeyId":1903159270,"senderChainKey":{"iteration":367,"seed":"q0ahXszVJXK03Xs0mL6zSP1FzTUjMuOw8wjbupuGgx4="},"senderSigningKey":{"public":"BemAqg7odJ+GtDppeVns6Zh9deOS9UOzmvTlnxdZXiEK"},"senderMessageKeys":[]},{"senderKeyId":1903159270,"senderChainKey":{"iteration":375,"seed":"zGFHmrFXDQab90lXnZng26VTqSAg/g5mcNB6flD2a8k="},"senderSigningKey":{"public":"BemAqg7odJ+GtDppeVns6Zh9deOS9UOzmvTlnxdZXiEK"},"senderMessageKeys":[]},{"senderKeyId":1903159270,"senderChainKey":{"iteration":380,"seed":"5SuXFZVQsFsjihwdkazGA5LJTkwNUO6jRnu+OZHkS5k="},"senderSigningKey":{"public":"BemAqg7odJ+GtDppeVns6Zh9deOS9UOzmvTlnxdZXiEK"},"senderMessageKeys":[]}]