[{"senderKeyId":991353861,"senderChainKey":{"iteration":3,"seed":"wgMpn9WvZbVD0bFHPKL7p0nKOjzIygUKV2onoISESlM="},"senderSigningKey":{"public":"BWeRpe8XmLdgJfenRtJ9hEjaMCUnrnTSgJBmZLtksZxd"},"senderMessageKeys":[]},{"senderKeyId":1123884999,"senderChainKey":{"iteration":1,"seed":"vLfJWyD/O7NOGySdswD4D2NQqML4ceLmVSlQgBVpcMM="},"senderSigningKey":{"public":"BZ50PZiDSmoV6rNImXVjUVrhkhGfv6PNGdUC5nblvowa"},"senderMessageKeys":[]},{"senderKeyId":1735816110,"senderChainKey":{"iteration":1,"seed":"Axqmebb0s3GnxNdtej5xSI84pNAo+rzABnIpq1+Ng4w="},"senderSigningKey":{"public":"BVk/OVEH4NlQZT1ms9CehSRLbhZ4vnR8wQV/8HF4blVA"},"senderMessageKeys":[]},{"senderKeyId":996666695,"senderChainKey":{"iteration":6,"seed":"bC5kDsgK8wHJ5rqWMeeFR3YZu7qlgVBhFe8r3Bak6ZY="},"senderSigningKey":{"public":"Bcxwm6Du64WgWOv7HlXmdZ4An7J9PaFCt1ON//KtJZl0"},"senderMessageKeys":[]},{"senderKeyId":996666695,"senderChainKey":{"iteration":2,"seed":"58GHVznyYaHzvlJJNaVYEUlTXHyE0vG9XzS7vPvi0CI="},"senderSigningKey":{"public":"Bcxwm6Du64WgWOv7HlXmdZ4An7J9PaFCt1ON//KtJZl0"},"senderMessageKeys":[]}]