[{"senderKeyId":1437819016,"senderChainKey":{"iteration":8,"seed":"3pwA30S/2swXb/+9wn0GHJRakVqzGI9bUM7I57QPXFY="},"senderSigningKey":{"public":"Bf6BeH0HeFfhlpKWOwOBNeRJDeA9xdu2VZa/xgIrrD86"},"senderMessageKeys":[]},{"senderKeyId":1437819016,"senderChainKey":{"iteration":4,"seed":"rhGqceBkmUzNWwnB/XZpFT0+/VXHhf08TbHe1x7wR1E="},"senderSigningKey":{"public":"Bf6BeH0HeFfhlpKWOwOBNeRJDeA9xdu2VZa/xgIrrD86"},"senderMessageKeys":[]},{"senderKeyId":1437819016,"senderChainKey":{"iteration":6,"seed":"TzUkeMARzdLrq2EFfca6IZJmXC13L6W3qLq7z6Y1+z4="},"senderSigningKey":{"public":"Bf6BeH0HeFfhlpKWOwOBNeRJDeA9xdu2VZa/xgIrrD86"},"senderMessageKeys":[]},{"senderKeyId":1437819016,"senderChainKey":{"iteration":7,"seed":"7ITwm5k4Qz5ytWtSMIhF7hay2nRI0vtqw+exeX+9KYk="},"senderSigningKey":{"public":"Bf6BeH0HeFfhlpKWOwOBNeRJDeA9xdu2VZa/xgIrrD86"},"senderMessageKeys":[]},{"senderKeyId":1171842629,"senderChainKey":{"iteration":4,"seed":"I5Db8ZmuHcXt+ueSx4LHzGliSnVKjxvaYyWnuSaBcy0="},"senderSigningKey":{"public":"Bcye2RthQNia6/OZJAXRhRp4rWQsR4xpW/KOqWGZaCVA"},"senderMessageKeys":[]},{"senderKeyId":1383428644,"senderChainKey":{"iteration":4,"seed":"yxTTKL36FTEn+wQkHSE34Y8CgrEUyvqx5RXtJrSTraI="},"senderSigningKey":{"public":"BUazyYeNOh/PlxxFOi6bZskPrivT4HvKy6ipHsMqglAx"},"senderMessageKeys":[]}]