[{"senderKeyId":280537810,"senderChainKey":{"iteration":31,"seed":"AJFbCpfBmfffx9tuyUTUbfvB/+xcf52kc4XYVyYzAng="},"senderSigningKey":{"public":"BQ62X3v0jca8f1LOExZf69GrYqnqBDebSD91TLhCX+5Y"},"senderMessageKeys":[]},{"senderKeyId":280537810,"senderChainKey":{"iteration":13,"seed":"Vtw7FIltlDlEcF0SYoO2T6A8FVblc+uQ4cI8ZEPj4/0="},"senderSigningKey":{"public":"BQ62X3v0jca8f1LOExZf69GrYqnqBDebSD91TLhCX+5Y"},"senderMessageKeys":[]},{"senderKeyId":280537810,"senderChainKey":{"iteration":25,"seed":"ixIDby0jfuuGy4SzdCJvUE9D4LUhNhQnuLwMrguhZ9k="},"senderSigningKey":{"public":"BQ62X3v0jca8f1LOExZf69GrYqnqBDebSD91TLhCX+5Y"},"senderMessageKeys":[]}]