[{"senderKeyId":1440869764,"senderChainKey":{"iteration":78,"seed":"Kr2gQbpiBQvBRmaVQQTIsH8ja31KHI7sUhdKCOhGhqA="},"senderSigningKey":{"public":"BWn20/KRwq/vsOc2ofaLA2dj+Q7aYcZSE67fp+ZY/yNj"},"senderMessageKeys":[]},{"senderKeyId":1440869764,"senderChainKey":{"iteration":60,"seed":"W23qD7IC345m0WzUmI/amB6ExXHJV8LEfqNqaIfB7QQ="},"senderSigningKey":{"public":"BWn20/KRwq/vsOc2ofaLA2dj+Q7aYcZSE67fp+ZY/yNj"},"senderMessageKeys":[]},{"senderKeyId":1300662061,"senderChainKey":{"iteration":1,"seed":"kQuGH71IRkdCgF6tRGZ7mCuqTwg8pi1KgSBATor31yE="},"senderSigningKey":{"public":"BTyLMFedxacMObtBLdfRYnP7gIWyWbc6TD7SOhD90SEY"},"senderMessageKeys":[]},{"senderKeyId":469328917,"senderChainKey":{"iteration":65,"seed":"/x1UqUgdtycj8UxO75oHzixlcwT/6lp0GFVQ2zQyV9s="},"senderSigningKey":{"public":"BWLR50OzT57kIvE1d5/uKWDJXloMdcU3LkRWbuXrvIgy"},"senderMessageKeys":[{},{}]},{"senderKeyId":469328917,"senderChainKey":{"iteration":8,"seed":"ak8PkVjI4inrvnzkvy4MM5QTp2alg1YZ+ghiVgHhRmI="},"senderSigningKey":{"public":"BWLR50OzT57kIvE1d5/uKWDJXloMdcU3LkRWbuXrvIgy"},"senderMessageKeys":[]},{"senderKeyId":469328917,"senderChainKey":{"iteration":13,"seed":"rbrOyxqs5lTeAH4CWHUf6ze0xGRGJamFyHJjZBoO0Ls="},"senderSigningKey":{"public":"BWLR50OzT57kIvE1d5/uKWDJXloMdcU3LkRWbuXrvIgy"},"senderMessageKeys":[]}]