[{"senderKeyId":1083037089,"senderChainKey":{"iteration":12,"seed":"8jgr5g08Nv9h3kR4f6Zoa4Nl/YjZsZbnXVEev58ikYs="},"senderSigningKey":{"public":"BdoEb8vQAWn6sLzO13r6UkwX4uV1chz9Mhhe7Z8nZj8p"},"senderMessageKeys":[]},{"senderKeyId":56100332,"senderChainKey":{"iteration":11,"seed":"V9e2uy71MJA12Gt06EETdm5Q0HSnf2bHCFCvAgS9rPM="},"senderSigningKey":{"public":"BarZr3ln8GPOOYYSGuW8xESadgh4iP9mMvHfvQ1lXCU7"},"senderMessageKeys":[]},{"senderKeyId":56100332,"senderChainKey":{"iteration":7,"seed":"dfYRmRyhEPedzpahM40zwo68Iw2iuGj6hkY/7mZGp9o="},"senderSigningKey":{"public":"BarZr3ln8GPOOYYSGuW8xESadgh4iP9mMvHfvQ1lXCU7"},"senderMessageKeys":[]},{"senderKeyId":56100332,"senderChainKey":{"iteration":9,"seed":"t+oLRj7OWQ0xexDzSG6fLHYmuLssIvxPbVAx+t0PRiE="},"senderSigningKey":{"public":"BarZr3ln8GPOOYYSGuW8xESadgh4iP9mMvHfvQ1lXCU7"},"senderMessageKeys":[]},{"senderKeyId":1201681612,"senderChainKey":{"iteration":1,"seed":"EbxYYRhMSiX1kO9QMzU0s3TJ32UT02v1qtogQl5fUAI="},"senderSigningKey":{"public":"BZAbGKLwFNjgn+iZBjmve0nbnGGv6I9sTelA/qgEmqoJ"},"senderMessageKeys":[]},{"senderKeyId":1028458730,"senderChainKey":{"iteration":1,"seed":"bqYhkN8hwTd0r9IGvzN8NuSDx4gFKtDVnQphZlo+YmQ="},"senderSigningKey":{"public":"BYZJNkSxsFwoF4msVu+Eu8rOtgOrdZQmRau8lH/Rq6pt"},"senderMessageKeys":[]}]