[{"senderKeyId":1814278337,"senderChainKey":{"iteration":248,"seed":"tuYcZ7jBPWiAN8D5G2hy6wOalN7NzSJbv0CUUf7ZUXU="},"senderSigningKey":{"public":"BTTs0CStLboYwXlPW8fF8BEDq/U1ikDKCr7AdV1svAh9"},"senderMessageKeys":[]},{"senderKeyId":1814278337,"senderChainKey":{"iteration":129,"seed":"4WYjCS6kHBF2WMpbyQWQLmi343xFnpQHdrqErEwQnzU="},"senderSigningKey":{"public":"BTTs0CStLboYwXlPW8fF8BEDq/U1ikDKCr7AdV1svAh9"},"senderMessageKeys":[]},{"senderKeyId":998257167,"senderChainKey":{"iteration":240,"seed":"ixyu0HVq3ouFPTcCncSCJD1EiqJZQtZUCDJ1eFiPaOE="},"senderSigningKey":{"public":"BbiZLYABUyvMiecUlWr3jl9dBPapMjX5Xn+9g8ku3zsT"},"senderMessageKeys":[]}]