[{"senderKeyId":1251305617,"senderChainKey":{"iteration":4,"seed":"PhN0ej426ShWOX604n7v9tmkll5+9H8KSIB5tH6kj/E="},"senderSigningKey":{"public":"Ba/nN/MHEm1N5MjTT6Ahy887RnRcPNQhcY+PlVmPIUwW"},"senderMessageKeys":[{}]},{"senderKeyId":1319785678,"senderChainKey":{"iteration":5,"seed":"YF5KVcED5wXIYUXVpI1FRTnQ0MmQ5fJywnjXiR+4DmM="},"senderSigningKey":{"public":"BTjn+HT8jAO8ZK+NS52hwr6Kz56KUwG8WjWBlLWh1gsp"},"senderMessageKeys":[]},{"senderKeyId":167857449,"senderChainKey":{"iteration":1,"seed":"P6JMNnsB38GkW0DbStL6Toi4cS9tdc3pREx4KG8Xcxo="},"senderSigningKey":{"public":"BYEXUl9Bz75mwBj1v5RKzgbry+ruvYkFt8J4OvFgw3xa"},"senderMessageKeys":[]},{"senderKeyId":454093011,"senderChainKey":{"iteration":1,"seed":"XoiT/1z5aFfR++6inBQm+wGAmSVZ4UBjc6Uq6XM9Hx8="},"senderSigningKey":{"public":"BWRW2Y4KDRsQQY6QZDrim8+Xwy1N+JDp8azpPVGdLJca"},"senderMessageKeys":[]},{"senderKeyId":285068161,"senderChainKey":{"iteration":3,"seed":"i+dG1au5x30Q0WPxzSzhm0VqGQq/9OBeQZHDvoxyY9w="},"senderSigningKey":{"public":"BcFZLUdaDxKVtfJG/01YAPlh5q/VrXsoA5E7FCv2Pa1a"},"senderMessageKeys":[]},{"senderKeyId":1746279558,"senderChainKey":{"iteration":1,"seed":"Zlp8UgSjxxikyrtOX5WONA8LTzgEX29j/1ahCpUiYFs="},"senderSigningKey":{"public":"BZZXWhnOGmqlQ36vy/9P+0w08H7BjuMrVEEyC5/ngkQa"},"senderMessageKeys":[]},{"senderKeyId":858687525,"senderChainKey":{"iteration":1,"seed":"TLTF9u2wJKtyUFpBSzywSPoq4SY3ZHv1ymRrbyiNN6Y="},"senderSigningKey":{"public":"BTbHZWw2zLudZeV+ffwCfVPKMvvs7zKWRzcs2mlH2+0v"},"senderMessageKeys":[]}]