[{"senderKeyId":2066473231,"senderChainKey":{"iteration":2,"seed":"xEQFfHtajVmCeQQJlP+ljB/DOJy1mp9vne+/edvG+vA="},"senderSigningKey":{"public":"BUoQ2+3nx4ycL6QJ8SsIAvCy6HiCerzrNrdburTn0yYB"},"senderMessageKeys":[]},{"senderKeyId":2066473231,"senderChainKey":{"iteration":1,"seed":"W9NbYHF1jwjPGkyhOhkhdQsm4FMS/XGWn/n8rNPnQZI="},"senderSigningKey":{"public":"BUoQ2+3nx4ycL6QJ8SsIAvCy6HiCerzrNrdburTn0yYB"},"senderMessageKeys":[]},{"senderKeyId":1457109174,"senderChainKey":{"iteration":1,"seed":"lFyn3pvU3+GRa2Y67+I2YOpyoOMXsC3LIVI3piqeWSQ="},"senderSigningKey":{"public":"BZF84FAIzHockeMEeM28A7+pknIp8xwau6D2A5lZipNy"},"senderMessageKeys":[]}]