[{"senderKeyId":980831427,"senderChainKey":{"iteration":1,"seed":"7/3ZZAQ/y9pOy42vVpgLy0UX3Jkj35//OwH2W1J5MBI="},"senderSigningKey":{"public":"Bdk3p4M3xg1n0TRSJSHyBDuwUr02Fndclv0VHVXeLXh3"},"senderMessageKeys":[]},{"senderKeyId":1798339601,"senderChainKey":{"iteration":1,"seed":"8VhaGuY3NQc0uj6EGbuyDjvhgX6Lll+hbf9B26GPZkE="},"senderSigningKey":{"public":"Ba0pCtkp+1A47x/tcKpd5HPiuByVWaBkrmPUGHWKXzAX"},"senderMessageKeys":[]},{"senderKeyId":628026063,"senderChainKey":{"iteration":1,"seed":"j2lBIZ/vk+M6fs9pjuDgnMXeQVcpkiSZxNjTDS0PDZc="},"senderSigningKey":{"public":"BdzwR0PdR8zSaAF509cMpWYzfed0yoytOiReQp48+4d5"},"senderMessageKeys":[]},{"senderKeyId":1307192535,"senderChainKey":{"iteration":134,"seed":"hTAeDW21QNPRU+j1WcbD5WB3qg73pDzUo9N/3gscTYE="},"senderSigningKey":{"public":"BZhavsGKKXmteCGcQYkJ58Ua8RSQEVZ4UbcH6PojoqpR"},"senderMessageKeys":[{}]},{"senderKeyId":657478891,"senderChainKey":{"iteration":10,"seed":"myini83svapyc1p+1Cr9TWOE6NEBjUfJHETfr8lh80M="},"senderSigningKey":{"public":"BeM0oJEDmy+nlO3RJ+6Ed7Hfj4uxw5OaAUGDT13sTK53"},"senderMessageKeys":[]},{"senderKeyId":1076631893,"senderChainKey":{"iteration":23,"seed":"dP8XckPrDrm+ocVCYVvyLkrKdI7k31ANjtSYyrSRfOw="},"senderSigningKey":{"public":"BeMrmc/PDT31rNL99HV4WdViF7KwJm0Ul8Lwr3r5vfBA"},"senderMessageKeys":[]}]