[{"senderKeyId":238809411,"senderChainKey":{"iteration":4,"seed":"OJPPiKZpAibmnpnCjYw7pTQN9m2+Haxn00SOri9OllE="},"senderSigningKey":{"public":"Bdf8LeWOk3Osqo7t0DbnxCXL8lMHLB4eiMGnYs5wknYO"},"senderMessageKeys":[]},{"senderKeyId":1085271242,"senderChainKey":{"iteration":1,"seed":"r4XFF3uwOoavkyOjysBpK1CLRuwAX7rzoquylZkQeF0="},"senderSigningKey":{"public":"BVaU02LvSwlLydv/UFCNMIoz+QSyDZPnA82SLGxin70j"},"senderMessageKeys":[]},{"senderKeyId":1053515701,"senderChainKey":{"iteration":34,"seed":"1AjgAgkVGxt/KL9RT7c7HKN1gIalCo4Gnl/BDhKlRV4="},"senderSigningKey":{"public":"BfAfD1VDihuy5ybbV5teM1w6bLm8JkoGlNCdPbLHAyxl"},"senderMessageKeys":[]},{"senderKeyId":1053515701,"senderChainKey":{"iteration":28,"seed":"btKww4dbzwyb6kJz4/DY2eXsiAuzvHRARsm2CKQFqEk="},"senderSigningKey":{"public":"BfAfD1VDihuy5ybbV5teM1w6bLm8JkoGlNCdPbLHAyxl"},"senderMessageKeys":[]},{"senderKeyId":1837130118,"senderChainKey":{"iteration":1,"seed":"wIkHLKpyV2wSnQPkkB2Vu4NhNXJ/JzVSEuLR6O02Szk="},"senderSigningKey":{"public":"Be1pBgvXXjN9XOPJ6DGbcltaif40FLI4FoZ9DF1d0DgF"},"senderMessageKeys":[]},{"senderKeyId":1764178941,"senderChainKey":{"iteration":8,"seed":"BQyeHnqFBv/h6Z3B7eSPZp/0opW9kT+6q5Vmm04/ntg="},"senderSigningKey":{"public":"BQUimBXJ+Fhbjp/KAxe606PensHj7tSUscLQmX6p4dRb"},"senderMessageKeys":[]},{"senderKeyId":1764178941,"senderChainKey":{"iteration":4,"seed":"RaSmwO+rA1DRZyk51JP4iq3vUv3oNS9Eef8D6b+BA5s="},"senderSigningKey":{"public":"BQUimBXJ+Fhbjp/KAxe606PensHj7tSUscLQmX6p4dRb"},"senderMessageKeys":[]},{"senderKeyId":509459141,"senderChainKey":{"iteration":13,"seed":"NoK3alI7qWNvgkd8by+ZSDl8z6t5saGThUn4y7IWcxw="},"senderSigningKey":{"public":"BcnWgnbxUIjsmj1iG7qD2sxy4v4TT23sMP3VsG985eAQ"},"senderMessageKeys":[]},{"senderKeyId":509459141,"senderChainKey":{"iteration":1,"seed":"lOpUaBnfNm+zmOTxrv/EXP1u9OUSmfmhiAYKVNcRZNk="},"senderSigningKey":{"public":"BcnWgnbxUIjsmj1iG7qD2sxy4v4TT23sMP3VsG985eAQ"},"senderMessageKeys":[]},{"senderKeyId":509459141,"senderChainKey":{"iteration":2,"seed":"pZeg9qVUMn/81w4MKGzbGheQTog9WWpOuobmPgjBnS0="},"senderSigningKey":{"public":"BcnWgnbxUIjsmj1iG7qD2sxy4v4TT23sMP3VsG985eAQ"},"senderMessageKeys":[]},{"senderKeyId":970416581,"senderChainKey":{"iteration":10,"seed":"fSCUPYja01JiH/JWDfBizpAcBLBjqZyK88/ACeA+1fk="},"senderSigningKey":{"public":"BWSyk82L2c8B9UK+0O8Ep9hj1FPKSnIralJY9ezuJtVI"},"senderMessageKeys":[]},{"senderKeyId":1618976599,"senderChainKey":{"iteration":2,"seed":"uNSPuQ2fm7pF09p5j3EYfnMizz5Hc3HPjE+imGjjDak="},"senderSigningKey":{"public":"BbofMgfcHNE3HGv6P+2or4I0yjTelUteBCCRWpVe6xlS"},"senderMessageKeys":[]},{"senderKeyId":496500182,"senderChainKey":{"iteration":1,"seed":"Nk8CV90bkBxL5NRPdnsmJlRg6sUocgqse4SD5QGSL+U="},"senderSigningKey":{"public":"BZEFQxEvT+zudMvfWIWYmR+sm53D7KplbYrIQQwNQaMm"},"senderMessageKeys":[]},{"senderKeyId":1062976128,"senderChainKey":{"iteration":10,"seed":"06a4205z/ZS/5rcEP1J9cR06qwOQpMbaUVyU3PIZHS0="},"senderSigningKey":{"public":"BRxxHd3IQjdjb9JVH+Scri6zjlzV9kVI+C3zyvgmO254"},"senderMessageKeys":[]}]