[{"senderKeyId":850489331,"senderChainKey":{"iteration":1,"seed":"phqvf5gp0PPX1XEzm1iw634tqBu44x56vwiRQ7GPt3c="},"senderSigningKey":{"public":"BfKx+4/7L70+wlgmIal+wyly3Hc0whVQ9Z0YrecAz5wX"},"senderMessageKeys":[]},{"senderKeyId":588464695,"senderChainKey":{"iteration":10,"seed":"bnUusTai+rdc0Ac/2xUk1Rpd73QxCM1neld85okVxxE="},"senderSigningKey":{"public":"BXWIaCh9GHWVRrC8Eeo87rjYgTMuqm7byLmMCD6Y+mM9"},"senderMessageKeys":[]},{"senderKeyId":588464695,"senderChainKey":{"iteration":1,"seed":"5DHdddjZ8jRLmeK5CIN58M3UJJFf+WlsmXcvw7EPajk="},"senderSigningKey":{"public":"BXWIaCh9GHWVRrC8Eeo87rjYgTMuqm7byLmMCD6Y+mM9"},"senderMessageKeys":[]},{"senderKeyId":1843164036,"senderChainKey":{"iteration":27,"seed":"CqqHUs3Tc3ZDBZq5UDx3SSl9St0mQzF8xt/vWRMrIoM="},"senderSigningKey":{"public":"BUS1FKoFNX0v1ICYbUr4CIa+nmXXC0esLAgajW+WXGlj"},"senderMessageKeys":[]},{"senderKeyId":1843164036,"senderChainKey":{"iteration":16,"seed":"oaYYt1BZh1yyslKAYk+UAmT6qvE/aFwy58VLp10qXns="},"senderSigningKey":{"public":"BUS1FKoFNX0v1ICYbUr4CIa+nmXXC0esLAgajW+WXGlj"},"senderMessageKeys":[]},{"senderKeyId":1843164036,"senderChainKey":{"iteration":25,"seed":"/llZptX9drPKUgHsO8UigUfUeFRg1pVHxmif8N+nkD0="},"senderSigningKey":{"public":"BUS1FKoFNX0v1ICYbUr4CIa+nmXXC0esLAgajW+WXGlj"},"senderMessageKeys":[]},{"senderKeyId":7428767,"senderChainKey":{"iteration":5,"seed":"HUIFBpEDSzGu/3Qcgbl5a2Nhxqs7eMosaNiPagBtbtY="},"senderSigningKey":{"public":"BcNLjpd6aLdkxNXpTr4udk8sctUi1+77OU9ISLuDMU46"},"senderMessageKeys":[]}]