[{"senderKeyId":719605590,"senderChainKey":{"iteration":10,"seed":"HyTxKIodbrXKhuEZR5oJvtTVTIgULiJ9NffXiNzfk/o="},"senderSigningKey":{"public":"BREjmKhjEQWQfjG/wXI63efyjkAlqG+Ewj3Ose0SNyEC"},"senderMessageKeys":[]},{"senderKeyId":480124420,"senderChainKey":{"iteration":11,"seed":"aMc46stdXE61RN0SW6F1/vjfgecRhkRaad7zuIBTOO0="},"senderSigningKey":{"public":"BZAB8NFANplnY8XgyfcL4ZHdRXOK/RzUXC9Awj1hnQpO"},"senderMessageKeys":[]},{"senderKeyId":480124420,"senderChainKey":{"iteration":3,"seed":"hENtD4OJZb8sHyNwqxhpdioA86M7K7oFwR2WTmTdwz4="},"senderSigningKey":{"public":"BZAB8NFANplnY8XgyfcL4ZHdRXOK/RzUXC9Awj1hnQpO"},"senderMessageKeys":[]},{"senderKeyId":1486790492,"senderChainKey":{"iteration":1,"seed":"Jsd+8wSDg4v9dsP00+h3wCnpP68lragvXUkTte9PePw="},"senderSigningKey":{"public":"BaEZOugHtnknKOMkdFOOpGTUfN6iTxZQ0/XxNyAc6S0b"},"senderMessageKeys":[]},{"senderKeyId":734421625,"senderChainKey":{"iteration":12,"seed":"i4j6PFdoMPiusnJMrb1GQjkEoIF/ZYObPMsjBsg+SGg="},"senderSigningKey":{"public":"BVLpBLguDkTvn2UliEfdRp+8JqLSzpHyQwWglP8Jx0tD"},"senderMessageKeys":[]},{"senderKeyId":734421625,"senderChainKey":{"iteration":6,"seed":"3oAcUs6sfZcBDJluWzRP2luXkGxbR1QxEkgRLWLcLSY="},"senderSigningKey":{"public":"BVLpBLguDkTvn2UliEfdRp+8JqLSzpHyQwWglP8Jx0tD"},"senderMessageKeys":[]},{"senderKeyId":734421625,"senderChainKey":{"iteration":8,"seed":"tM8ig0HqRjwP8yM5XQ9KDMqD9JXd1TVOWEtG3aEyCZE="},"senderSigningKey":{"public":"BVLpBLguDkTvn2UliEfdRp+8JqLSzpHyQwWglP8Jx0tD"},"senderMessageKeys":[]},{"senderKeyId":734421625,"senderChainKey":{"iteration":10,"seed":"xmS5HH0IQL30VvguveZfoWJrKqvihB0QkvaN1bjTsUs="},"senderSigningKey":{"public":"BVLpBLguDkTvn2UliEfdRp+8JqLSzpHyQwWglP8Jx0tD"},"senderMessageKeys":[]},{"senderKeyId":1041073255,"senderChainKey":{"iteration":4,"seed":"LucqbRfX3vpOuup2VKcwgive9Cx44dvsWo6TPmK693E="},"senderSigningKey":{"public":"BSLyQuH0OvuazV+dpRwZmTVRL7P8D4DR9UzV+e9kYFM/"},"senderMessageKeys":[]}]