[{"senderKeyId":1773468664,"senderChainKey":{"iteration":2,"seed":"9VpcNm3FrGBgYw7SUAScrWFRq2H7B/JvKkp6YtnuGxA="},"senderSigningKey":{"public":"BfwDTnHhMeydbzIBAGA5wv8lUM0qiVM5l9XLq3wqad95"},"senderMessageKeys":[]},{"senderKeyId":702365546,"senderChainKey":{"iteration":2,"seed":"qpq4/LsltZzcFIrOnpxrefbcy7cWygU4jZCJCqC1ogQ="},"senderSigningKey":{"public":"BWTfOKkhWYMS0Ga4hgXFpp8bzbifcCYGhzsoqyoie3A0"},"senderMessageKeys":[]},{"senderKeyId":702365546,"senderChainKey":{"iteration":1,"seed":"rggX7o25Vp9hLqL9dAWt8DMZcQj+/I6RSE/rH+rI6+Q="},"senderSigningKey":{"public":"BWTfOKkhWYMS0Ga4hgXFpp8bzbifcCYGhzsoqyoie3A0"},"senderMessageKeys":[]}]