[{"senderKeyId":1399443027,"senderChainKey":{"iteration":7,"seed":"8blFQEiEjgF3QcYGBMWjY6/ecqRdNdTPQ+BRRiK7BkA="},"senderSigningKey":{"public":"BRG21DT6WcFEBFhWp6vKbXYTI+CSXteLxXrHh7Zabh5I"},"senderMessageKeys":[]},{"senderKeyId":1969759586,"senderChainKey":{"iteration":2,"seed":"yxlgKzPLhrSkklaCxB67zjHPpKGZAkH5rDcMJSlQUDc="},"senderSigningKey":{"public":"BTJ50vZTEhVY2ufRZ013M2ZonbPp3M0jFd/6lxVusP0/"},"senderMessageKeys":[]},{"senderKeyId":859419172,"senderChainKey":{"iteration":3,"seed":"EHNMSbKgKMtTI2WI6cNho0ToNQA61ZTQsPS+l7bWYxY="},"senderSigningKey":{"public":"BcHUzNb30FK5Qbh9jMNgjXBZthtnQmMrr3bYL1fSZtEw"},"senderMessageKeys":[]},{"senderKeyId":2109662113,"senderChainKey":{"iteration":30,"seed":"kZuoOHjhXhO5ONvQytdiKX0LCQLbKFQxusTLxBkkmhA="},"senderSigningKey":{"public":"BdbRgUqJfuMu4Y5910QJHSOnISE73NEbXcVmGsqXmNYB"},"senderMessageKeys":[]},{"senderKeyId":2109662113,"senderChainKey":{"iteration":1,"seed":"ezBnH0VNeB6yNirjFElNCAwERAtOA4p/w0+1IZmSJV8="},"senderSigningKey":{"public":"BdbRgUqJfuMu4Y5910QJHSOnISE73NEbXcVmGsqXmNYB"},"senderMessageKeys":[]},{"senderKeyId":538000330,"senderChainKey":{"iteration":26,"seed":"WT5eaeOoTK2JojG1mGZw1V2Nlb8Z/swyllzZ1Vu4u9k="},"senderSigningKey":{"public":"BW2/cIdX0BY4ElWYReaf80Wwjw+2c7QuFlDDX39E8RtK"},"senderMessageKeys":[]},{"senderKeyId":447718037,"senderChainKey":{"iteration":1,"seed":"w3XP6A6dxyp6of/a36HlHSayNaxl99d0qYAYlnXBLUQ="},"senderSigningKey":{"public":"BbiYX6Lj6tCYzp/9Y+fqJEV+2GK/9Ss6H1EhE9SCgY4a"},"senderMessageKeys":[]}]