[{"senderKeyId":1634510143,"senderChainKey":{"iteration":1,"seed":"waa5BMtno5MCDj65KSzYTyYgU6CrkYxJ926AKl/u1X0="},"senderSigningKey":{"public":"BXTsLw9LUXpzMcxL5YAnkl0UCSesuwqrKGAdW/pBIWNU"},"senderMessageKeys":[]},{"senderKeyId":1287898540,"senderChainKey":{"iteration":2,"seed":"MNbuadxzzA0LGKorQ8vXJyP6Ys4Vr2Qg7Enj4G+50sU="},"senderSigningKey":{"public":"BQvwMCEM++hvip+xAaPnuIntY1fHRRU1quvTzYyqFAMN"},"senderMessageKeys":[]},{"senderKeyId":1287898540,"senderChainKey":{"iteration":1,"seed":"Mt6HVGBKkKP3cWoJNTHTxv10h/I3+3BCk+WUWkiXyCU="},"senderSigningKey":{"public":"BQvwMCEM++hvip+xAaPnuIntY1fHRRU1quvTzYyqFAMN"},"senderMessageKeys":[]},{"senderKeyId":1351114114,"senderChainKey":{"iteration":2,"seed":"kAnRauTKlvP+bCsy2TvE1mmaNlrf3X/gE7+QYHlsR0s="},"senderSigningKey":{"public":"BcVq9LDU2QFK3ePdp9QPHJRumCA2R819AgskcTtTIwgq"},"senderMessageKeys":[]},{"senderKeyId":1351114114,"senderChainKey":{"iteration":1,"seed":"9px0hZncPq7jUsA2olpdc3SdHZxrW2tVAq5NuGmvnbk="},"senderSigningKey":{"public":"BcVq9LDU2QFK3ePdp9QPHJRumCA2R819AgskcTtTIwgq"},"senderMessageKeys":[]},{"senderKeyId":1694749686,"senderChainKey":{"iteration":1,"seed":"GbUtIWZ7dJhLfoigzR5kKdMivadXhPpNcYlVo1rJdA8="},"senderSigningKey":{"public":"BcdvoWiIcts3LecT35GyYVlkTKmZ3udgBFfiCPn3oRNo"},"senderMessageKeys":[]},{"senderKeyId":180611594,"senderChainKey":{"iteration":1,"seed":"pJF4opsqeGRsuhZQiNIqzX/iq+9RFTwr90yElWzQHTY="},"senderSigningKey":{"public":"Ba0zvt/H22M3Cne/7YOg4iDAPXDmFSmLd91dBZiFxB0z"},"senderMessageKeys":[]}]