[{"senderKeyId":486232810,"senderChainKey":{"iteration":3,"seed":"/alySvgFFXubRcZUw7feFjuBDJtu515hJNBE5bmNtL0="},"senderSigningKey":{"public":"BapHpbAgiCL71vi5eRyin4gWbNEcnNjGqCsV4ZxDeWpB"},"senderMessageKeys":[]},{"senderKeyId":15613532,"senderChainKey":{"iteration":21,"seed":"hN7YO0poLwd45MUGNBfsPzr/tJOL4vKM+Yld9Ls/Xe4="},"senderSigningKey":{"public":"BQGdgOtXCISpcvPsB74d7/LIw7/weUsN5KxghIfcix1w"},"senderMessageKeys":[]},{"senderKeyId":15613532,"senderChainKey":{"iteration":1,"seed":"kDY8Ze70LQWHC4nuLuHuhRgr9bokm7WkKiTOeyBtJV4="},"senderSigningKey":{"public":"BQGdgOtXCISpcvPsB74d7/LIw7/weUsN5KxghIfcix1w"},"senderMessageKeys":[]},{"senderKeyId":15613532,"senderChainKey":{"iteration":3,"seed":"qItwyV0dfSG/KLM1NAlCrIGJlru9giEG0T7KOW8ihFI="},"senderSigningKey":{"public":"BQGdgOtXCISpcvPsB74d7/LIw7/weUsN5KxghIfcix1w"},"senderMessageKeys":[]},{"senderKeyId":15613532,"senderChainKey":{"iteration":4,"seed":"xh97B7ggKpjGehhX17QQ1xRqESbR+C2SeOuKS4sDwJc="},"senderSigningKey":{"public":"BQGdgOtXCISpcvPsB74d7/LIw7/weUsN5KxghIfcix1w"},"senderMessageKeys":[]},{"senderKeyId":15613532,"senderChainKey":{"iteration":11,"seed":"dD+39vKyO3WZbdA29b6QPqobbzLqLWqqR+ivYYgfmlY="},"senderSigningKey":{"public":"BQGdgOtXCISpcvPsB74d7/LIw7/weUsN5KxghIfcix1w"},"senderMessageKeys":[]}]