[{"senderKeyId":732334631,"senderChainKey":{"iteration":5,"seed":"KQC3XTLkccb731HrEKwVpISJFRb5BYB6HFmLxm1JkC4="},"senderSigningKey":{"public":"BavHUfxJtZ3XKE/AbJ4TNij9KLCu+QT+E8V9tKMzx6k/"},"senderMessageKeys":[]},{"senderKeyId":128447400,"senderChainKey":{"iteration":80,"seed":"yIOvbDpkbEpdPDxdcsL1MtVU2aXicQObmn0wmo0x1J4="},"senderSigningKey":{"public":"Bevc9ixKYRdcISBAKvYrzrLfaLB64wLwYL+MjGNYZvUl"},"senderMessageKeys":[]},{"senderKeyId":2035501767,"senderChainKey":{"iteration":1,"seed":"K2xXAYSohYxr1/oQMQHwmTYmybKgwXgJdSNIdoOht3U="},"senderSigningKey":{"public":"BQtuL9b9YBvTkum7xxn+bceLDAV3RXU29VVSmKkFENN5"},"senderMessageKeys":[]}]