[{"senderKeyId":334446867,"senderChainKey":{"iteration":2,"seed":"x+SNsa7q3VLmQ+ODoLYPFrpyTj+EV3ELEm5+8SulfMU="},"senderSigningKey":{"public":"BTz5Wh/jTMY2dUAmb8uxZAvcxi/UY+AJ/XFKUC2utolR"},"senderMessageKeys":[]},{"senderKeyId":1042504439,"senderChainKey":{"iteration":16,"seed":"id9oBRkS8Y7Eug15szffQZGRhF5YuFDTObLzZAkenQI="},"senderSigningKey":{"public":"BY/oSUDe/IrXapDbURpm+axKGEDJIx7Rd4JOGV4Hbks7"},"senderMessageKeys":[]},{"senderKeyId":1042504439,"senderChainKey":{"iteration":10,"seed":"Y25pXrcE2GKiIVqzvHtib3eocyXI+CyA+cL4WvHOJMw="},"senderSigningKey":{"public":"BY/oSUDe/IrXapDbURpm+axKGEDJIx7Rd4JOGV4Hbks7"},"senderMessageKeys":[]},{"senderKeyId":1042504439,"senderChainKey":{"iteration":11,"seed":"0gxLfUxhiGSeEE5DjYs9N4tAVuqjUBWQq59mzpC3C7w="},"senderSigningKey":{"public":"BY/oSUDe/IrXapDbURpm+axKGEDJIx7Rd4JOGV4Hbks7"},"senderMessageKeys":[]},{"senderKeyId":1140796238,"senderChainKey":{"iteration":2,"seed":"zMihJOb50E980LqCR9CMu2dZFDBz1UseBiTvjVp2dD0="},"senderSigningKey":{"public":"BVy5pOduTiPiSfheqh0ccLluIpt6H6FQO8hLk4BV9C83"},"senderMessageKeys":[]}]