[{"senderKeyId":2093809414,"senderChainKey":{"iteration":10,"seed":"ZRS7bGOswc2PnaaRKd3gr2c3VnhzqgwrBLiDt4U3Zk8="},"senderSigningKey":{"public":"BTXodoMbTMiY2A7WkNhUfwQq6Pe1lcaBZjEBeg3oX9hF"},"senderMessageKeys":[]},{"senderKeyId":2093809414,"senderChainKey":{"iteration":4,"seed":"C/u6Z1lO0Ra/XgKEsaSaEPYxScSl/PPcb2vxF0WGeuU="},"senderSigningKey":{"public":"BTXodoMbTMiY2A7WkNhUfwQq6Pe1lcaBZjEBeg3oX9hF"},"senderMessageKeys":[]},{"senderKeyId":2093809414,"senderChainKey":{"iteration":5,"seed":"ZvlvPzDLwoy3C+GvSr3FBIu4iRkia7v2YUG0mFf/bWY="},"senderSigningKey":{"public":"BTXodoMbTMiY2A7WkNhUfwQq6Pe1lcaBZjEBeg3oX9hF"},"senderMessageKeys":[]},{"senderKeyId":2093809414,"senderChainKey":{"iteration":7,"seed":"+9VhwwGVm2r6eBH7rjszuS97A7w7stsdKlsoMtd9kws="},"senderSigningKey":{"public":"BTXodoMbTMiY2A7WkNhUfwQq6Pe1lcaBZjEBeg3oX9hF"},"senderMessageKeys":[]}]