[{"senderKeyId":214030366,"senderChainKey":{"iteration":2,"seed":"MSkX+pEka4uRrMEsi+sbmTE+S9+EWngxU4GYmg0grHQ="},"senderSigningKey":{"public":"BVMlINLfN2i3aMG+GHYUN/kxHAYEmTN6fDEZlrImclID"},"senderMessageKeys":[]},{"senderKeyId":1881131679,"senderChainKey":{"iteration":1,"seed":"NMaALFCCayRqPr1MK94CIAoXEDTCOnUyfsLsUcD7CLA="},"senderSigningKey":{"public":"BT383QsGPQCPGVWPOjiRw2LVwW9I6HUIZwq9ljUfGFAD"},"senderMessageKeys":[]},{"senderKeyId":779804391,"senderChainKey":{"iteration":1,"seed":"vAV2mhKhTA0IAQ6ZNaPmWMr7Qv1VLRWYkwUZ6aQ+8j0="},"senderSigningKey":{"public":"BanMM6C4UbpMvSygxbPYevN5Bw/1ClJfkAmhhA4X0fgO"},"senderMessageKeys":[]}]