[{"senderKeyId":320035976,"senderChainKey":{"iteration":10,"seed":"eh0cpmN8s7KE2GO9D3nbH+UI/wbnM5fTqlJ6n0h9xfU="},"senderSigningKey":{"public":"BfCRmOPu8ZcL4IuOSZHakZ0vcxPWDncSLflVq2hM+gZ+"},"senderMessageKeys":[]},{"senderKeyId":320035976,"senderChainKey":{"iteration":8,"seed":"THqOP5qFLJdqH6DFqIwNhKABckaUrsihNZGXXET4AFw="},"senderSigningKey":{"public":"BfCRmOPu8ZcL4IuOSZHakZ0vcxPWDncSLflVq2hM+gZ+"},"senderMessageKeys":[]},{"senderKeyId":320035976,"senderChainKey":{"iteration":9,"seed":"mwra30fHXoWJJbDUu83bEsHAXjDEUqfD3RkERNnmRJ8="},"senderSigningKey":{"public":"BfCRmOPu8ZcL4IuOSZHakZ0vcxPWDncSLflVq2hM+gZ+"},"senderMessageKeys":[]},{"senderKeyId":1614797495,"senderChainKey":{"iteration":1,"seed":"aNOARDNa+cU9L3b5D8dzj3DeT1B6kpb7lVIJjGpTHOA="},"senderSigningKey":{"public":"Bbzb6O06FQntKYyeqZlBf8FCZJQIGQyZyAfVkme88Zgj"},"senderMessageKeys":[]}]