[{"senderKeyId":570931126,"senderChainKey":{"iteration":73,"seed":"dByAon8i0rbSMU+ku5MG/KGDxvzwWcEQu9rUjHFrKok="},"senderSigningKey":{"public":"BcGf1QGu+lOHSxKIQdO40eYqm7vxSgqpL15lMMquDnYC"},"senderMessageKeys":[]},{"senderKeyId":570931126,"senderChainKey":{"iteration":6,"seed":"0odR/wp+XF4RTcCnsEItJHhXiU9iKGLIs2ZxmncLUxc="},"senderSigningKey":{"public":"BcGf1QGu+lOHSxKIQdO40eYqm7vxSgqpL15lMMquDnYC"},"senderMessageKeys":[]},{"senderKeyId":570931126,"senderChainKey":{"iteration":13,"seed":"AIqZ+ho6jKLpA09jqRYzMwwqbQJeeT7pQqkKyh2754Y="},"senderSigningKey":{"public":"BcGf1QGu+lOHSxKIQdO40eYqm7vxSgqpL15lMMquDnYC"},"senderMessageKeys":[]},{"senderKeyId":467508839,"senderChainKey":{"iteration":7,"seed":"9BKilJK8Y/vkO+Nqd4syTMLAcg9Sl2c1yMIp2cCnfzY="},"senderSigningKey":{"public":"BbkaA7QOffpC11u5P7mz778OaSIuIjBXUkyPD0NGxr9Z"},"senderMessageKeys":[]},{"senderKeyId":664487351,"senderChainKey":{"iteration":23,"seed":"Dodiy609KX5EpmteMU/hMjqzEbQUq54akfriyiI2B+4="},"senderSigningKey":{"public":"BcbrZ0sHG8m/VcfM1tdBI+jBgCwuAlJ7rHShAgx1L1Bc"},"senderMessageKeys":[]},{"senderKeyId":992452885,"senderChainKey":{"iteration":9,"seed":"LiD44z5s0beHEA3X6DaxEYUf+09eakuQLFRXWkbkpAI="},"senderSigningKey":{"public":"BRqnMN3SIefuPa3T+5Kxu4/487TNgmRAQCj6YWBD+8Qv"},"senderMessageKeys":[]},{"senderKeyId":1138617158,"senderChainKey":{"iteration":3,"seed":"kZ/YaNLPR5PBwZK1KhVN1m8LAlQdFchBImrRuYfcD3w="},"senderSigningKey":{"public":"BSM1lFIWljAF9tOvF5clT6zpvpzgdN2SkccjwLQAmMsO"},"senderMessageKeys":[]},{"senderKeyId":381580250,"senderChainKey":{"iteration":50,"seed":"8SUv3pbb/AJmgr/lvCynHna+Wh2/9BRQA34ZPwzWcP0="},"senderSigningKey":{"public":"BWU1GDPQc/UcMd8fxEr+5eepVp2M19zhVlxSrDGL6VsU"},"senderMessageKeys":[]},{"senderKeyId":501127737,"senderChainKey":{"iteration":8,"seed":"zZIntmvW5bN5kPt6/9df3jI9RWHssKh58fhADTYMQdo="},"senderSigningKey":{"public":"BSA2tIadX8t6/XVXsW3yRObQK2PyC8pnBl3646YTchRZ"},"senderMessageKeys":[]},{"senderKeyId":33016339,"senderChainKey":{"iteration":16,"seed":"SkMc2vsToV/iTt5Yw+G1dZ7UyexD0ekJlPGDZX6YAcs="},"senderSigningKey":{"public":"BYFhqy6mFMOAFSNpVyRpH6R2SS/Zz+SgZgnCd8mY0qZl"},"senderMessageKeys":[]},{"senderKeyId":2097422060,"senderChainKey":{"iteration":9,"seed":"jyxzpsG2eV3dR1a3A75y6QX8GBS69uVB85vOe2QfD1Y="},"senderSigningKey":{"public":"BY8E9ClpenNbgCw/FZzbXjH2fa5zkGF892m9M2J8KgV2"},"senderMessageKeys":[]},{"senderKeyId":2097422060,"senderChainKey":{"iteration":4,"seed":"fQf5kQO7awPDJR1kiTKD+njtRmnY5pMpCIFGfZdFOT8="},"senderSigningKey":{"public":"BY8E9ClpenNbgCw/FZzbXjH2fa5zkGF892m9M2J8KgV2"},"senderMessageKeys":[]},{"senderKeyId":1670777894,"senderChainKey":{"iteration":4,"seed":"vcLK4Vabkzi25vZMaQX9do2aFfoMeM2wDZa9hobpGGY="},"senderSigningKey":{"public":"BchDY9+Btl7EO/qYcFbI6fdwndl0FoeuO9NspggkHJ1M"},"senderMessageKeys":[]}]