[{"senderKeyId":1784754307,"senderChainKey":{"iteration":5,"seed":"NGkl7CgNC3ME9edJ6mfge8JgQkUGFR8dDit0zKQJN6k="},"senderSigningKey":{"public":"BRgYfyYDv1+KFMOF9v17DXK0sP+OZRGvsyyhaxE8qqJ5"},"senderMessageKeys":[{}]},{"senderKeyId":1784754307,"senderChainKey":{"iteration":3,"seed":"UD0cMYP+FfGPKgToKPe/DZd3fP6h1QBdOY8Ys4Xu+wY="},"senderSigningKey":{"public":"BRgYfyYDv1+KFMOF9v17DXK0sP+OZRGvsyyhaxE8qqJ5"},"senderMessageKeys":[]},{"senderKeyId":792472809,"senderChainKey":{"iteration":3,"seed":"hU9Z5qSPB/wkl1eHH94VGofk1DFHJZm57jM+y7OViGE="},"senderSigningKey":{"public":"BWu0ctyCg086AbelsVcLILDm/YtGPNPx+N+DgebMuS9b"},"senderMessageKeys":[]},{"senderKeyId":2069943679,"senderChainKey":{"iteration":5,"seed":"9JfHEM+UiSpv6k0odtOKRGTUM3Dh6v1oCIpbyOx87ZM="},"senderSigningKey":{"public":"BfAbIyIjropQwpCQ/uc5DGTNE62UkJd7Kw/yLsCffE8y"},"senderMessageKeys":[]}]