[{"senderKeyId":49796029,"senderChainKey":{"iteration":378,"seed":"G6Lzw7hwCZx+pRjpowFHzwnC1KDHAyqb+NpHblZsCmg="},"senderSigningKey":{"public":"BWAaMM4m4aSdHmQltEPBpHNqGkjX1RzStKxRXW4hFmg/"},"senderMessageKeys":[]},{"senderKeyId":49796029,"senderChainKey":{"iteration":302,"seed":"JqMlhv0hHiTmE+yEDZq0Z6Q2NWhfZkXpD9SdIsvsDPk="},"senderSigningKey":{"public":"BWAaMM4m4aSdHmQltEPBpHNqGkjX1RzStKxRXW4hFmg/"},"senderMessageKeys":[]},{"senderKeyId":441628426,"senderChainKey":{"iteration":86,"seed":"Xu4/r/nfNq2FrJGCfZDbhz9Yg3PT32eCMZaEhfDgL/E="},"senderSigningKey":{"public":"BUKbb5oYxnwBPppKC+pCGxg6GH11zcB0HIw44zXBHBM6"},"senderMessageKeys":[]}]