[{"senderKeyId":604770336,"senderChainKey":{"iteration":8,"seed":"TFgiW8A/UjKz7yPCbPBEI7HvCIlanFPzQC9Gvh6DGJQ="},"senderSigningKey":{"public":"Bfl3ulEx8BymyBUb+e2QOzWPcL3ABqgmGB08M4Q1gA9j"},"senderMessageKeys":[]},{"senderKeyId":438264446,"senderChainKey":{"iteration":1,"seed":"AaNYtKPkw0JEHNqwzcFQ57h1x7UdvKcSy8s5qoZtAJU="},"senderSigningKey":{"public":"BSbrFgaCZTWhJwiDhB/o4fYgSfKy3/DHklnpXIHPJUsN"},"senderMessageKeys":[]},{"senderKeyId":2070846923,"senderChainKey":{"iteration":1,"seed":"Xr4jQZ+hkbRMAOXnTTilIzZMuXZEFaq0TL5bwwcIQVo="},"senderSigningKey":{"public":"BZgDWHx33tMCdUBotQZOvTSzGiN7z4mZd67fa0s3qfxU"},"senderMessageKeys":[]},{"senderKeyId":1226626646,"senderChainKey":{"iteration":4,"seed":"5YvOK7AhsLbMstZBjgcdqwcMul/DWcfOOWA7gz+f8ao="},"senderSigningKey":{"public":"BTk3rCr6OlbMvSqyhYdz15mtnq6RWw2vcdEjMG8xnURo"},"senderMessageKeys":[]},{"senderKeyId":1862647314,"senderChainKey":{"iteration":11,"seed":"m3rVL9VH19TNCOO2A8v4IkecYRMEs0WH01IiLhX+wXU="},"senderSigningKey":{"public":"BbdqBNtOXBQ36cMJwjLEbhZNeXQ3synIY6ZldQAfjKJ6"},"senderMessageKeys":[{}]},{"senderKeyId":1862647314,"senderChainKey":{"iteration":1,"seed":"3vo+JzZYdIbRoAZxY1Pb96m9tDYjVFlUKf1ZAF6x2mY="},"senderSigningKey":{"public":"BbdqBNtOXBQ36cMJwjLEbhZNeXQ3synIY6ZldQAfjKJ6"},"senderMessageKeys":[]},{"senderKeyId":1862647314,"senderChainKey":{"iteration":3,"seed":"TSVuG/3sNl+KjcIWU7GMgIcNd9DTlfsFarRJ8CT261o="},"senderSigningKey":{"public":"BbdqBNtOXBQ36cMJwjLEbhZNeXQ3synIY6ZldQAfjKJ6"},"senderMessageKeys":[]},{"senderKeyId":1862647314,"senderChainKey":{"iteration":6,"seed":"Se0y/VgnlmrgHr3OGltJ2KC2sjazJjiyzPuwpFhTr5U="},"senderSigningKey":{"public":"BbdqBNtOXBQ36cMJwjLEbhZNeXQ3synIY6ZldQAfjKJ6"},"senderMessageKeys":[]},{"senderKeyId":1862647314,"senderChainKey":{"iteration":7,"seed":"E6jIhtbPyurR8nWV3q0EtzJXEHHIJ6fykIxg3IW/8q0="},"senderSigningKey":{"public":"BbdqBNtOXBQ36cMJwjLEbhZNeXQ3synIY6ZldQAfjKJ6"},"senderMessageKeys":[]}]