[{"senderKeyId":1064894839,"senderChainKey":{"iteration":21,"seed":"khVmFlkXAyxQs38yC0O9IHh15Dv/3sqNcxhV2L3IuAk="},"senderSigningKey":{"public":"BQAPpBZlofMYDssphbVJQG40ZRzM0TLSSpJ3lgSKHi9k"},"senderMessageKeys":[]},{"senderKeyId":1732353219,"senderChainKey":{"iteration":1,"seed":"TMgbXqAmbwU9Z0NxVM1Y+0P53QspTzryBbr6azm+/jE="},"senderSigningKey":{"public":"BclWgUmNy4mBeBtnRRvaZZwzErwfolTHnyG6OFSC2z1P"},"senderMessageKeys":[]},{"senderKeyId":53280480,"senderChainKey":{"iteration":65,"seed":"Hath3V+82K79SLHZvgsYgveUwG00lWU2Tt7aNkLlkjw="},"senderSigningKey":{"public":"BZNn/UgdxVFoHh5uMeM75zg3E2sCrmKH43Bl7HGCnrUO"},"senderMessageKeys":[{}]}]