[{"senderKeyId":2093890131,"senderChainKey":{"iteration":3,"seed":"KH5Zr93PzJGvFFQp694XuqPThBzrIlsWy7TONDuO6/Q="},"senderSigningKey":{"public":"BShzWngAGLbnQ4Q5+IdsR1VDPRXFUAJTd2aKuDIeteNd"},"senderMessageKeys":[]},{"senderKeyId":1562933977,"senderChainKey":{"iteration":6,"seed":"xGLNNprhqzuUeuTfOuZ7gHVzjhF7qNyCwwZRHYtCtoM="},"senderSigningKey":{"public":"BU3bkbsdv427ccthCi2xMuUogwjv9SFjBaXKqWpYIlAs"},"senderMessageKeys":[]},{"senderKeyId":1628705522,"senderChainKey":{"iteration":2,"seed":"RMTB7/FNJ9ePnp+ZqZFU8lJruZpoj4FyjrWdf31qHVc="},"senderSigningKey":{"public":"BVJCDQK4a6qwHERp+P7t6OXX3adiJs/xjqV004VMjncl"},"senderMessageKeys":[]},{"senderKeyId":2021688914,"senderChainKey":{"iteration":119,"seed":"Z4EoljjdLTVXvhM8Tl7y8Kbf8V7wwczF43/T24ZLILo="},"senderSigningKey":{"public":"BSvRmAZBxnE24z06q61V2UnGxweiLTG48dQecYu8Gngj"},"senderMessageKeys":[]},{"senderKeyId":2021688914,"senderChainKey":{"iteration":20,"seed":"3b3BCW1rnsPzw7Su/A8bu70WCf23hE3qoAFY8N3fHJs="},"senderSigningKey":{"public":"BSvRmAZBxnE24z06q61V2UnGxweiLTG48dQecYu8Gngj"},"senderMessageKeys":[]},{"senderKeyId":1053256395,"senderChainKey":{"iteration":2,"seed":"s23ZjLl/hosk+P9kSmLWxzwyGXqjVd/CHUESPZe9ptY="},"senderSigningKey":{"public":"BX7FIhoDxmq5MexALoObxK/76H201yT/mftczjwLzg9s"},"senderMessageKeys":[]}]