[{"senderKeyId":235450009,"senderChainKey":{"iteration":2,"seed":"orQ1/t6/iFohg6jwHKctYtG5QGFwFNFNam//CDB71mo="},"senderSigningKey":{"public":"BXHttAQRQc3Bt+ZCD3TwE/4q219ibVPJzV2lnrBKzPgG"},"senderMessageKeys":[]},{"senderKeyId":681974058,"senderChainKey":{"iteration":15,"seed":"IAIoIpc1vE5SF407vYFceI3hNd00U3VtXNga1OPFpQA="},"senderSigningKey":{"public":"BRRG91T+o7MkRNlBaE66zjqvWESLMcO/bjX8z6FmuuRI"},"senderMessageKeys":[]},{"senderKeyId":681974058,"senderChainKey":{"iteration":10,"seed":"PWJp4tOWvdodfsxy9sx6z6KhhIaR0fTMUyKSnfqo0HU="},"senderSigningKey":{"public":"BRRG91T+o7MkRNlBaE66zjqvWESLMcO/bjX8z6FmuuRI"},"senderMessageKeys":[]},{"senderKeyId":681974058,"senderChainKey":{"iteration":11,"seed":"YVcw3o3NNeQ72y1Ia9JQnlmdZ98QNeOXXR1kMgApe44="},"senderSigningKey":{"public":"BRRG91T+o7MkRNlBaE66zjqvWESLMcO/bjX8z6FmuuRI"},"senderMessageKeys":[]}]