[{"senderKeyId":833087719,"senderChainKey":{"iteration":699,"seed":"Xd2FUChW6u+hLW1Yh+OZWHN1QfnobPWkiMnHSCE7bEg="},"senderSigningKey":{"public":"BXMKKZkBJdfeAwiPVQmJ8GGejCHDA+feDDXsg7E+n0N0"},"senderMessageKeys":[{},{},{}]},{"senderKeyId":833087719,"senderChainKey":{"iteration":160,"seed":"3FxBAmNGA8T6h5M0GlnrHIcTdID1VSqFDv5tvOO1d6Q="},"senderSigningKey":{"public":"BXMKKZkBJdfeAwiPVQmJ8GGejCHDA+feDDXsg7E+n0N0"},"senderMessageKeys":[]},{"senderKeyId":833087719,"senderChainKey":{"iteration":161,"seed":"OJ9zAKhC6uNYkyLYkw/n0idohVKORLUt/exGmwwyQPo="},"senderSigningKey":{"public":"BXMKKZkBJdfeAwiPVQmJ8GGejCHDA+feDDXsg7E+n0N0"},"senderMessageKeys":[]},{"senderKeyId":833087719,"senderChainKey":{"iteration":162,"seed":"lMmnXQWD7RQ6kOHvPlBeiogtYCq3fApgiQRObQ+/oeU="},"senderSigningKey":{"public":"BXMKKZkBJdfeAwiPVQmJ8GGejCHDA+feDDXsg7E+n0N0"},"senderMessageKeys":[]},{"senderKeyId":833087719,"senderChainKey":{"iteration":163,"seed":"JEhVwVFn3fu7OxwL4x/mKf55hEk3pjMZPgIySKIDoTg="},"senderSigningKey":{"public":"BXMKKZkBJdfeAwiPVQmJ8GGejCHDA+feDDXsg7E+n0N0"},"senderMessageKeys":[]},{"senderKeyId":833087719,"senderChainKey":{"iteration":164,"seed":"0xcaRKucvzTlzQl0O7cQJ6GA3mzzlPiG1u8NcLt5SL4="},"senderSigningKey":{"public":"BXMKKZkBJdfeAwiPVQmJ8GGejCHDA+feDDXsg7E+n0N0"},"senderMessageKeys":[]},{"senderKeyId":833087719,"senderChainKey":{"iteration":168,"seed":"qAC0Gwk25kmYoM7JCKKdLq6fATkiQoIlhHA4rISHarE="},"senderSigningKey":{"public":"BXMKKZkBJdfeAwiPVQmJ8GGejCHDA+feDDXsg7E+n0N0"},"senderMessageKeys":[]},{"senderKeyId":833087719,"senderChainKey":{"iteration":179,"seed":"AnZCxxkhs66EYVprs0x0S+vwu66zgpZf6aBRmmViTdo="},"senderSigningKey":{"public":"BXMKKZkBJdfeAwiPVQmJ8GGejCHDA+feDDXsg7E+n0N0"},"senderMessageKeys":[]},{"senderKeyId":833087719,"senderChainKey":{"iteration":209,"seed":"tWv+Aie2qfs2/E17wBDunZi9782T2r5otqdWlLG12jY="},"senderSigningKey":{"public":"BXMKKZkBJdfeAwiPVQmJ8GGejCHDA+feDDXsg7E+n0N0"},"senderMessageKeys":[]},{"senderKeyId":833087719,"senderChainKey":{"iteration":216,"seed":"6P+fSBNVjD5du+azRRoAcUH56027Ds0ydrDiiqBUR9Q="},"senderSigningKey":{"public":"BXMKKZkBJdfeAwiPVQmJ8GGejCHDA+feDDXsg7E+n0N0"},"senderMessageKeys":[]},{"senderKeyId":833087719,"senderChainKey":{"iteration":219,"seed":"RYHCvzJEgfpWTvIvENggCmpT0wLM4Elk9H9fWDorB58="},"senderSigningKey":{"public":"BXMKKZkBJdfeAwiPVQmJ8GGejCHDA+feDDXsg7E+n0N0"},"senderMessageKeys":[]},{"senderKeyId":833087719,"senderChainKey":{"iteration":220,"seed":"G83VnewO3/J09uZtlfFl55x+sPIY1wnrVzI23L+BbsQ="},"senderSigningKey":{"public":"BXMKKZkBJdfeAwiPVQmJ8GGejCHDA+feDDXsg7E+n0N0"},"senderMessageKeys":[]},{"senderKeyId":833087719,"senderChainKey":{"iteration":260,"seed":"/m/wjJD/e3bdYxYDUgZdpOYkgW4u2KI3tu01RzomY3Y="},"senderSigningKey":{"public":"BXMKKZkBJdfeAwiPVQmJ8GGejCHDA+feDDXsg7E+n0N0"},"senderMessageKeys":[]},{"senderKeyId":833087719,"senderChainKey":{"iteration":269,"seed":"bjN0GnCJKWLHl6zPEH9J3J2PHeHkBQESw/W4gI7+bP4="},"senderSigningKey":{"public":"BXMKKZkBJdfeAwiPVQmJ8GGejCHDA+feDDXsg7E+n0N0"},"senderMessageKeys":[]},{"senderKeyId":833087719,"senderChainKey":{"iteration":293,"seed":"BhHMc2Svo7RT6BlnSa1msN97CNUZgdaEGVVq9qAtkIQ="},"senderSigningKey":{"public":"BXMKKZkBJdfeAwiPVQmJ8GGejCHDA+feDDXsg7E+n0N0"},"senderMessageKeys":[]},{"senderKeyId":833087719,"senderChainKey":{"iteration":295,"seed":"1nsC4HFLPpJ4CfrTFFk272LH7xDyp5y53KlDemzvtB0="},"senderSigningKey":{"public":"BXMKKZkBJdfeAwiPVQmJ8GGejCHDA+feDDXsg7E+n0N0"},"senderMessageKeys":[]},{"senderKeyId":833087719,"senderChainKey":{"iteration":313,"seed":"/d+YHvWZwix6QOWDE1ichuirxKdHTGBM72pCrm5WCXw="},"senderSigningKey":{"public":"BXMKKZkBJdfeAwiPVQmJ8GGejCHDA+feDDXsg7E+n0N0"},"senderMessageKeys":[]},{"senderKeyId":833087719,"senderChainKey":{"iteration":314,"seed":"s4HgLwB45LDDmklF9o5QdB2y06Sx0Eep13coVBGwrRw="},"senderSigningKey":{"public":"BXMKKZkBJdfeAwiPVQmJ8GGejCHDA+feDDXsg7E+n0N0"},"senderMessageKeys":[]},{"senderKeyId":833087719,"senderChainKey":{"iteration":322,"seed":"FrIWzA2hRAg7xdjJlzc1pah3gUwYiN7K9MagI7+DICI="},"senderSigningKey":{"public":"BXMKKZkBJdfeAwiPVQmJ8GGejCHDA+feDDXsg7E+n0N0"},"senderMessageKeys":[]},{"senderKeyId":833087719,"senderChainKey":{"iteration":362,"seed":"8ydI1fAT/kY25/tVfVsqYLVTdnfWuQm0n4oc0lJgors="},"senderSigningKey":{"public":"BXMKKZkBJdfeAwiPVQmJ8GGejCHDA+feDDXsg7E+n0N0"},"senderMessageKeys":[]},{"senderKeyId":833087719,"senderChainKey":{"iteration":377,"seed":"549Xt/5UDK4Zw1rbrRZ9OaFtEjr5CR4K43YDVb1NrsI="},"senderSigningKey":{"public":"BXMKKZkBJdfeAwiPVQmJ8GGejCHDA+feDDXsg7E+n0N0"},"senderMessageKeys":[]},{"senderKeyId":833087719,"senderChainKey":{"iteration":386,"seed":"5/17ztHuXI4OI25Lrzw12hILBFlbxcE0ZXwSdIEEdeQ="},"senderSigningKey":{"public":"BXMKKZkBJdfeAwiPVQmJ8GGejCHDA+feDDXsg7E+n0N0"},"senderMessageKeys":[]},{"senderKeyId":833087719,"senderChainKey":{"iteration":387,"seed":"B1e5OQaK77xa2L6AOLdRt0KEpnag5yiLW77DWByV0ec="},"senderSigningKey":{"public":"BXMKKZkBJdfeAwiPVQmJ8GGejCHDA+feDDXsg7E+n0N0"},"senderMessageKeys":[]},{"senderKeyId":833087719,"senderChainKey":{"iteration":388,"seed":"CfcbbGA7r3NMMyA1auK5WJf8B88sM+R57+EwieWiJCo="},"senderSigningKey":{"public":"BXMKKZkBJdfeAwiPVQmJ8GGejCHDA+feDDXsg7E+n0N0"},"senderMessageKeys":[]},{"senderKeyId":833087719,"senderChainKey":{"iteration":390,"seed":"+qN11IaDPbEWzt2B099lGN0yeLDdJIq00HrfT7i76tg="},"senderSigningKey":{"public":"BXMKKZkBJdfeAwiPVQmJ8GGejCHDA+feDDXsg7E+n0N0"},"senderMessageKeys":[]},{"senderKeyId":833087719,"senderChainKey":{"iteration":391,"seed":"JdkAOTzi+F637OrsB+lJb5GJaXlSS2cXvBzZ7P/GTY4="},"senderSigningKey":{"public":"BXMKKZkBJdfeAwiPVQmJ8GGejCHDA+feDDXsg7E+n0N0"},"senderMessageKeys":[]},{"senderKeyId":833087719,"senderChainKey":{"iteration":393,"seed":"kMA0TpaLQ7whf8jhx2jHwRIvL3rgovo/NTa5byyAToA="},"senderSigningKey":{"public":"BXMKKZkBJdfeAwiPVQmJ8GGejCHDA+feDDXsg7E+n0N0"},"senderMessageKeys":[]},{"senderKeyId":833087719,"senderChainKey":{"iteration":394,"seed":"vz0JuKca8H9cDmI54ElX+MDIaWSuz7p5OAgfbsl4JFo="},"senderSigningKey":{"public":"BXMKKZkBJdfeAwiPVQmJ8GGejCHDA+feDDXsg7E+n0N0"},"senderMessageKeys":[]},{"senderKeyId":833087719,"senderChainKey":{"iteration":395,"seed":"eKI2DKIFFb02/vdmadKYP8Yk4aHOvVuQF6GIvpSuS8w="},"senderSigningKey":{"public":"BXMKKZkBJdfeAwiPVQmJ8GGejCHDA+feDDXsg7E+n0N0"},"senderMessageKeys":[]},{"senderKeyId":833087719,"senderChainKey":{"iteration":399,"seed":"ZLcjWSgP3o3oZrc2uH49r4nUlF1l2Xq97iUPYVPH2EY="},"senderSigningKey":{"public":"BXMKKZkBJdfeAwiPVQmJ8GGejCHDA+feDDXsg7E+n0N0"},"senderMessageKeys":[]},{"senderKeyId":833087719,"senderChainKey":{"iteration":400,"seed":"Fjg5IabYKQ5Pmy2chGAhiyXSXLtWyEwuC3tOMI5od0Q="},"senderSigningKey":{"public":"BXMKKZkBJdfeAwiPVQmJ8GGejCHDA+feDDXsg7E+n0N0"},"senderMessageKeys":[]},{"senderKeyId":833087719,"senderChainKey":{"iteration":401,"seed":"uxmXkLk9oP7lYnEApQNZAbViaQmoZ4vrZ2o6XkFYk58="},"senderSigningKey":{"public":"BXMKKZkBJdfeAwiPVQmJ8GGejCHDA+feDDXsg7E+n0N0"},"senderMessageKeys":[]},{"senderKeyId":833087719,"senderChainKey":{"iteration":403,"seed":"ZBI+IkPlQBfWR5I8jXnL7cb6x4rvDrfgMXX8aMqRcHo="},"senderSigningKey":{"public":"BXMKKZkBJdfeAwiPVQmJ8GGejCHDA+feDDXsg7E+n0N0"},"senderMessageKeys":[]},{"senderKeyId":833087719,"senderChainKey":{"iteration":405,"seed":"lLPCIblHlwakL2WZmnqVFyI6FirHgng5lX7sVSD5msQ="},"senderSigningKey":{"public":"BXMKKZkBJdfeAwiPVQmJ8GGejCHDA+feDDXsg7E+n0N0"},"senderMessageKeys":[]},{"senderKeyId":833087719,"senderChainKey":{"iteration":406,"seed":"UPhTgP0cSVzsiImc6CLNCnfTzMV+VoiVKW+gqvM74LM="},"senderSigningKey":{"public":"BXMKKZkBJdfeAwiPVQmJ8GGejCHDA+feDDXsg7E+n0N0"},"senderMessageKeys":[]},{"senderKeyId":833087719,"senderChainKey":{"iteration":407,"seed":"rol6idjQXFTDflPbgszboKasXyoKFnsSRebviwd+Wxc="},"senderSigningKey":{"public":"BXMKKZkBJdfeAwiPVQmJ8GGejCHDA+feDDXsg7E+n0N0"},"senderMessageKeys":[]},{"senderKeyId":833087719,"senderChainKey":{"iteration":410,"seed":"tiWXEMS+xM/oYW7AlRGdhY2zhc4LoPkoWXa6+4MGPn4="},"senderSigningKey":{"public":"BXMKKZkBJdfeAwiPVQmJ8GGejCHDA+feDDXsg7E+n0N0"},"senderMessageKeys":[]},{"senderKeyId":833087719,"senderChainKey":{"iteration":411,"seed":"CcQ5KSCSsydkjvGYrRx12vdRw3nC6RMMtZ9qm5KP85Q="},"senderSigningKey":{"public":"BXMKKZkBJdfeAwiPVQmJ8GGejCHDA+feDDXsg7E+n0N0"},"senderMessageKeys":[]},{"senderKeyId":833087719,"senderChainKey":{"iteration":412,"seed":"QuGcQy76b83T+6RbSHMWGdQR/2bDOBc3WnsSi4pOqkA="},"senderSigningKey":{"public":"BXMKKZkBJdfeAwiPVQmJ8GGejCHDA+feDDXsg7E+n0N0"},"senderMessageKeys":[]},{"senderKeyId":833087719,"senderChainKey":{"iteration":413,"seed":"znMPVQnhJ6gs6Rf/PfG6aCtQQa7Aq45QJ5pClxcZ3Ms="},"senderSigningKey":{"public":"BXMKKZkBJdfeAwiPVQmJ8GGejCHDA+feDDXsg7E+n0N0"},"senderMessageKeys":[]},{"senderKeyId":833087719,"senderChainKey":{"iteration":415,"seed":"HGzJ1vwBLee9o0N/19Z6QhsSQdn/WxIwbD9n60+KVRE="},"senderSigningKey":{"public":"BXMKKZkBJdfeAwiPVQmJ8GGejCHDA+feDDXsg7E+n0N0"},"senderMessageKeys":[]},{"senderKeyId":833087719,"senderChainKey":{"iteration":417,"seed":"FEZJtEIOXdwBx8MhRSdZLgQ1hfURwCTKBbvnsaG24Tg="},"senderSigningKey":{"public":"BXMKKZkBJdfeAwiPVQmJ8GGejCHDA+feDDXsg7E+n0N0"},"senderMessageKeys":[]},{"senderKeyId":833087719,"senderChainKey":{"iteration":421,"seed":"Z5+t9sdFEezrmHuq8QMBCj+6WBvgSFgYvs9Ka1BXg98="},"senderSigningKey":{"public":"BXMKKZkBJdfeAwiPVQmJ8GGejCHDA+feDDXsg7E+n0N0"},"senderMessageKeys":[]},{"senderKeyId":833087719,"senderChainKey":{"iteration":431,"seed":"9+QD4ezV1EcbvVEZJGKBjKlD/y3LlPfd4rkMah7fftI="},"senderSigningKey":{"public":"BXMKKZkBJdfeAwiPVQmJ8GGejCHDA+feDDXsg7E+n0N0"},"senderMessageKeys":[]},{"senderKeyId":833087719,"senderChainKey":{"iteration":432,"seed":"taOu2IqNTaIykZAYAOLg/eY+wAAJLS5rICC7nBLA7DM="},"senderSigningKey":{"public":"BXMKKZkBJdfeAwiPVQmJ8GGejCHDA+feDDXsg7E+n0N0"},"senderMessageKeys":[]},{"senderKeyId":833087719,"senderChainKey":{"iteration":435,"seed":"cnOnMspVq+XFGShmVYOGC3yeAE1XG6mNEwpfQjbi2Wo="},"senderSigningKey":{"public":"BXMKKZkBJdfeAwiPVQmJ8GGejCHDA+feDDXsg7E+n0N0"},"senderMessageKeys":[]},{"senderKeyId":833087719,"senderChainKey":{"iteration":439,"seed":"NebxJWPSiqTgTwSSM6XltexrlAVEd7n4bpRDCdaUAv4="},"senderSigningKey":{"public":"BXMKKZkBJdfeAwiPVQmJ8GGejCHDA+feDDXsg7E+n0N0"},"senderMessageKeys":[]},{"senderKeyId":833087719,"senderChainKey":{"iteration":440,"seed":"qIs9E6Z4VpIWT50wt4+4GiIbqIhGm07qflUZCzbvyRo="},"senderSigningKey":{"public":"BXMKKZkBJdfeAwiPVQmJ8GGejCHDA+feDDXsg7E+n0N0"},"senderMessageKeys":[]},{"senderKeyId":833087719,"senderChainKey":{"iteration":441,"seed":"W/EUTRYR1xWDKZv2oNaICjxxMSNO5LIBuKqGv5Z5How="},"senderSigningKey":{"public":"BXMKKZkBJdfeAwiPVQmJ8GGejCHDA+feDDXsg7E+n0N0"},"senderMessageKeys":[]},{"senderKeyId":833087719,"senderChainKey":{"iteration":443,"seed":"YM219YoyTKJL9E3HS15Z55cLNh7ozS+4vMC8Rn6Bhqo="},"senderSigningKey":{"public":"BXMKKZkBJdfeAwiPVQmJ8GGejCHDA+feDDXsg7E+n0N0"},"senderMessageKeys":[]},{"senderKeyId":833087719,"senderChainKey":{"iteration":444,"seed":"P/gNLyTdeF3VVgvdk9uoMV5N4dxu8HNok8NuatXjr1w="},"senderSigningKey":{"public":"BXMKKZkBJdfeAwiPVQmJ8GGejCHDA+feDDXsg7E+n0N0"},"senderMessageKeys":[]},{"senderKeyId":833087719,"senderChainKey":{"iteration":446,"seed":"8cFf+mNzs8sRSa9vVbddi8KboOEA0zSp+XdNibI9Uik="},"senderSigningKey":{"public":"BXMKKZkBJdfeAwiPVQmJ8GGejCHDA+feDDXsg7E+n0N0"},"senderMessageKeys":[]},{"senderKeyId":833087719,"senderChainKey":{"iteration":448,"seed":"nmFj51Cbk33pfPRE61f57PaYaX5AIxhvI6XY3M1t7q0="},"senderSigningKey":{"public":"BXMKKZkBJdfeAwiPVQmJ8GGejCHDA+feDDXsg7E+n0N0"},"senderMessageKeys":[]},{"senderKeyId":833087719,"senderChainKey":{"iteration":449,"seed":"AbhjIDneP8M50Y7NI4VKXKzrCRJ/3kZGQ7buSkDsT/U="},"senderSigningKey":{"public":"BXMKKZkBJdfeAwiPVQmJ8GGejCHDA+feDDXsg7E+n0N0"},"senderMessageKeys":[]},{"senderKeyId":833087719,"senderChainKey":{"iteration":451,"seed":"DNS1SVaCppxcqCqCSHTi1wt+KaRnebsaQ81amKh+ZHs="},"senderSigningKey":{"public":"BXMKKZkBJdfeAwiPVQmJ8GGejCHDA+feDDXsg7E+n0N0"},"senderMessageKeys":[]},{"senderKeyId":833087719,"senderChainKey":{"iteration":452,"seed":"I7Ow9dX4HRk7PvGSx8flV6o3YvNZG7Wyt7tlnPse//4="},"senderSigningKey":{"public":"BXMKKZkBJdfeAwiPVQmJ8GGejCHDA+feDDXsg7E+n0N0"},"senderMessageKeys":[]},{"senderKeyId":833087719,"senderChainKey":{"iteration":460,"seed":"5CzkselY/UspgB4KZTt0ro0VrBOt1jvYDhm/9DMpISg="},"senderSigningKey":{"public":"BXMKKZkBJdfeAwiPVQmJ8GGejCHDA+feDDXsg7E+n0N0"},"senderMessageKeys":[]},{"senderKeyId":833087719,"senderChainKey":{"iteration":494,"seed":"rplGUwgBxRC59t+iRk2Tf/guQ6OHMMmgUNkANJ1OnwY="},"senderSigningKey":{"public":"BXMKKZkBJdfeAwiPVQmJ8GGejCHDA+feDDXsg7E+n0N0"},"senderMessageKeys":[]},{"senderKeyId":833087719,"senderChainKey":{"iteration":495,"seed":"0gdlCgr6WjO7aNCszT7qOfIf6n69ID+IaWhgciClHoY="},"senderSigningKey":{"public":"BXMKKZkBJdfeAwiPVQmJ8GGejCHDA+feDDXsg7E+n0N0"},"senderMessageKeys":[]},{"senderKeyId":833087719,"senderChainKey":{"iteration":524,"seed":"4kKTsL0/3/VzrjhbTuXfrwjWz7g0jQdhQRtAwCMC7BY="},"senderSigningKey":{"public":"BXMKKZkBJdfeAwiPVQmJ8GGejCHDA+feDDXsg7E+n0N0"},"senderMessageKeys":[]},{"senderKeyId":833087719,"senderChainKey":{"iteration":548,"seed":"iGkVnmFxX3F8YPE7naX3+5mFi57gSodQ5xou/iHokAc="},"senderSigningKey":{"public":"BXMKKZkBJdfeAwiPVQmJ8GGejCHDA+feDDXsg7E+n0N0"},"senderMessageKeys":[]},{"senderKeyId":833087719,"senderChainKey":{"iteration":549,"seed":"bbI0O1XEenEky6ftoE6at5dpTBq4GH7uZEQ09eVSIoQ="},"senderSigningKey":{"public":"BXMKKZkBJdfeAwiPVQmJ8GGejCHDA+feDDXsg7E+n0N0"},"senderMessageKeys":[]},{"senderKeyId":833087719,"senderChainKey":{"iteration":555,"seed":"Xd9+HoL3YU5t6wmZ/MHS/mT2isVawRJSQJvYK29/FYo="},"senderSigningKey":{"public":"BXMKKZkBJdfeAwiPVQmJ8GGejCHDA+feDDXsg7E+n0N0"},"senderMessageKeys":[]},{"senderKeyId":833087719,"senderChainKey":{"iteration":556,"seed":"BOwACClQVFgT95ZFhdjFPQngqeZmaxM5e2NvnFmwsbk="},"senderSigningKey":{"public":"BXMKKZkBJdfeAwiPVQmJ8GGejCHDA+feDDXsg7E+n0N0"},"senderMessageKeys":[]},{"senderKeyId":833087719,"senderChainKey":{"iteration":587,"seed":"LaAbjuEgx/OXT6PcgHeGo1lxo9I917ou2jy7Us6HOPU="},"senderSigningKey":{"public":"BXMKKZkBJdfeAwiPVQmJ8GGejCHDA+feDDXsg7E+n0N0"},"senderMessageKeys":[]},{"senderKeyId":833087719,"senderChainKey":{"iteration":588,"seed":"fRbW5ulta/G88I758YJemvsIP07ijHqKRqdHaATzMmk="},"senderSigningKey":{"public":"BXMKKZkBJdfeAwiPVQmJ8GGejCHDA+feDDXsg7E+n0N0"},"senderMessageKeys":[]},{"senderKeyId":833087719,"senderChainKey":{"iteration":589,"seed":"0ded25Xq8J0nE0eo6iAXYQCHjFdQsihR2Z+36s6Qy/4="},"senderSigningKey":{"public":"BXMKKZkBJdfeAwiPVQmJ8GGejCHDA+feDDXsg7E+n0N0"},"senderMessageKeys":[]},{"senderKeyId":833087719,"senderChainKey":{"iteration":611,"seed":"FU03rkGnrwI+Z2TkZoNUbc/lsg/ThxB/kDiKBwIGnlU="},"senderSigningKey":{"public":"BXMKKZkBJdfeAwiPVQmJ8GGejCHDA+feDDXsg7E+n0N0"},"senderMessageKeys":[]},{"senderKeyId":833087719,"senderChainKey":{"iteration":612,"seed":"EJJrmeWOVemastMoAN8lqXaHpCOtlHvxoDrcV2WiPsA="},"senderSigningKey":{"public":"BXMKKZkBJdfeAwiPVQmJ8GGejCHDA+feDDXsg7E+n0N0"},"senderMessageKeys":[]},{"senderKeyId":833087719,"senderChainKey":{"iteration":633,"seed":"bJzUL5HVYgAYhao7fjbX/npGGqlCzclOQPTRM35X3YA="},"senderSigningKey":{"public":"BXMKKZkBJdfeAwiPVQmJ8GGejCHDA+feDDXsg7E+n0N0"},"senderMessageKeys":[]}]