[{"senderKeyId":1011694799,"senderChainKey":{"iteration":151,"seed":"NjACpGgp0V/0giIZsCnSaV1kwvhixkfhyfBEwvU+XHY="},"senderSigningKey":{"public":"BSUryIG7QRtgLpKly/juQLVIToWv3jECoVjmAJac0D8n"},"senderMessageKeys":[]},{"senderKeyId":1011694799,"senderChainKey":{"iteration":41,"seed":"Lq9fn/zB0lQ5yT4nTNZSrRb8PzvmF8HN+kLZwRHSBqw="},"senderSigningKey":{"public":"BSUryIG7QRtgLpKly/juQLVIToWv3jECoVjmAJac0D8n"},"senderMessageKeys":[]},{"senderKeyId":1771390540,"senderChainKey":{"iteration":183,"seed":"R+hNAeMIoDvJXcCNYse/kiAYu3fsieBBSN9DhuMW98I="},"senderSigningKey":{"public":"BZBXLvAXv9kkpDkeNustHwrXYnUmKCzmMlaKeZt+XoE1"},"senderMessageKeys":[{},{},{}]},{"senderKeyId":1771390540,"senderChainKey":{"iteration":8,"seed":"EkMdU79bJaXgUZjX+dXZbmh4QhFhfEL+YuQZ3XPgUyc="},"senderSigningKey":{"public":"BZBXLvAXv9kkpDkeNustHwrXYnUmKCzmMlaKeZt+XoE1"},"senderMessageKeys":[]},{"senderKeyId":1771390540,"senderChainKey":{"iteration":8,"seed":"EkMdU79bJaXgUZjX+dXZbmh4QhFhfEL+YuQZ3XPgUyc="},"senderSigningKey":{"public":"BZBXLvAXv9kkpDkeNustHwrXYnUmKCzmMlaKeZt+XoE1"},"senderMessageKeys":[]},{"senderKeyId":1771390540,"senderChainKey":{"iteration":8,"seed":"EkMdU79bJaXgUZjX+dXZbmh4QhFhfEL+YuQZ3XPgUyc="},"senderSigningKey":{"public":"BZBXLvAXv9kkpDkeNustHwrXYnUmKCzmMlaKeZt+XoE1"},"senderMessageKeys":[]},{"senderKeyId":1771390540,"senderChainKey":{"iteration":8,"seed":"EkMdU79bJaXgUZjX+dXZbmh4QhFhfEL+YuQZ3XPgUyc="},"senderSigningKey":{"public":"BZBXLvAXv9kkpDkeNustHwrXYnUmKCzmMlaKeZt+XoE1"},"senderMessageKeys":[]},{"senderKeyId":1771390540,"senderChainKey":{"iteration":8,"seed":"EkMdU79bJaXgUZjX+dXZbmh4QhFhfEL+YuQZ3XPgUyc="},"senderSigningKey":{"public":"BZBXLvAXv9kkpDkeNustHwrXYnUmKCzmMlaKeZt+XoE1"},"senderMessageKeys":[]},{"senderKeyId":1771390540,"senderChainKey":{"iteration":8,"seed":"EkMdU79bJaXgUZjX+dXZbmh4QhFhfEL+YuQZ3XPgUyc="},"senderSigningKey":{"public":"BZBXLvAXv9kkpDkeNustHwrXYnUmKCzmMlaKeZt+XoE1"},"senderMessageKeys":[]},{"senderKeyId":1771390540,"senderChainKey":{"iteration":8,"seed":"EkMdU79bJaXgUZjX+dXZbmh4QhFhfEL+YuQZ3XPgUyc="},"senderSigningKey":{"public":"BZBXLvAXv9kkpDkeNustHwrXYnUmKCzmMlaKeZt+XoE1"},"senderMessageKeys":[]},{"senderKeyId":1771390540,"senderChainKey":{"iteration":8,"seed":"EkMdU79bJaXgUZjX+dXZbmh4QhFhfEL+YuQZ3XPgUyc="},"senderSigningKey":{"public":"BZBXLvAXv9kkpDkeNustHwrXYnUmKCzmMlaKeZt+XoE1"},"senderMessageKeys":[]},{"senderKeyId":550915017,"senderChainKey":{"iteration":170,"seed":"HrXxO3O6MCE+Rjj/2pzPONIgNQrVx31i2lFS0FDJ98g="},"senderSigningKey":{"public":"BZ1WhwqOVpB2cu98bg2wEFSjV8/JjS3y8N4lZ0e3IrJT"},"senderMessageKeys":[{},{}]},{"senderKeyId":1481650332,"senderChainKey":{"iteration":5,"seed":"renjCMuYnbSKIrN9V7xyv8UrENXDJfNdo50h8lNcACo="},"senderSigningKey":{"public":"BZ+QWLQP+pLl5QfjDP4jqEnsh20PEaTrxbN+swVxUgpN"},"senderMessageKeys":[]},{"senderKeyId":995021023,"senderChainKey":{"iteration":157,"seed":"1W3GkaYfu3+JAD+i7DSB5P20yPULUzf6605MO1n6PUQ="},"senderSigningKey":{"public":"BcrHJL+XpsIgMYlnrgX9XtetOus9FVvqfZsZbKo0e14B"},"senderMessageKeys":[{}]},{"senderKeyId":1682037726,"senderChainKey":{"iteration":63,"seed":"4emsEh/5b08ehETGxdyvKLbGDzGt7Taa6zNUMLYFXDI="},"senderSigningKey":{"public":"BcNs04sZ9OZBGuZ8CBNc2NiG26WRQeZWYR7cUoB2c7Zu"},"senderMessageKeys":[{}]},{"senderKeyId":1034814695,"senderChainKey":{"iteration":557,"seed":"sTUcnFGfwXqw7Hi89snZ1sdOf7dBCRPOv85Wo/mrsqU="},"senderSigningKey":{"public":"BR5p17sFixt4PNo1IKbuDCOxfmnFg7tiMs6IsYXTPxkb"},"senderMessageKeys":[{},{},{},{},{},{},{},{}]},{"senderKeyId":607777758,"senderChainKey":{"iteration":59,"seed":"T7Dq6LVhqVLg2ONHha+Iz0652iWQbzw/mCcm5VqX5j4="},"senderSigningKey":{"public":"Bcdnsaa80tURkIqMhy5Pi15OdCurB54thiGppYUDGMpq"},"senderMessageKeys":[]},{"senderKeyId":969828750,"senderChainKey":{"iteration":1,"seed":"STxUaQsamNKHdZMQMNOCQR255LO8VSp4SzQy7oXslCk="},"senderSigningKey":{"public":"BbDUqE+UQ9SDCXFcC35lhBvmoFjlg/mX5pi2L/LajyMD"},"senderMessageKeys":[]},{"senderKeyId":1342914265,"senderChainKey":{"iteration":1,"seed":"PXPtWs4dRC5MblZP4W9w1XR+5hLtaDf4LxNu8FEaTVk="},"senderSigningKey":{"public":"BYeaP1MxslCTTxfGRs2GY2vKRcWx1Ozl7e1XfvUS5jpH"},"senderMessageKeys":[]},{"senderKeyId":405743967,"senderChainKey":{"iteration":19,"seed":"7F5q9o7VlzzfhaZNo5/9nDiGGDiBnCirpeKJ/n+jOx0="},"senderSigningKey":{"public":"BSw15WAA0iGqokXcR8bHZiGu0R5vgFRoFX+FpkfAYSxm"},"senderMessageKeys":[]},{"senderKeyId":236236292,"senderChainKey":{"iteration":156,"seed":"tAeavG4gnJ+U0zuLMu93E1VkvksvWDwFKigg7bKzEh8="},"senderSigningKey":{"public":"BVm6Oy+5eF9kSotpqnIx62DGm35QB4z9uzoL8PWS80tZ"},"senderMessageKeys":[{},{}]},{"senderKeyId":1207669333,"senderChainKey":{"iteration":335,"seed":"vvd1aLYCxyWK/x5OfCpZh798AdsXvKKMgnT0/1b4UIs="},"senderSigningKey":{"public":"BReepIbrsaMkw83lQiXk0632LXCdCfKSTHZRofygxFww"},"senderMessageKeys":[]},{"senderKeyId":1957472406,"senderChainKey":{"iteration":109,"seed":"oPYUGDGiXPRcwRLetebhl0v080sJ3PDHaNiocNq7dIY="},"senderSigningKey":{"public":"BWlhrXwzYZfM2WZcN+DMwteEwLUwShyMb1lMhwyUOVVt"},"senderMessageKeys":[]},{"senderKeyId":977474197,"senderChainKey":{"iteration":80,"seed":"pSeQWG6BhU0xcpwLgLv7ZyV6HkeI6nPSdF2v99rlNqY="},"senderSigningKey":{"public":"Bd969BSXBee5y9viBe71EsN/sThCT+VC6p2mQfz9NeQz"},"senderMessageKeys":[]},{"senderKeyId":161280203,"senderChainKey":{"iteration":5,"seed":"0VbeceuKvk4QuhXn4zwOwJU5itJx2SqMXiEUmDbYtrc="},"senderSigningKey":{"public":"Be4lflhjRX0+xZNTnS+wt6yVl90nvapbeektlo5dI0cI"},"senderMessageKeys":[]},{"senderKeyId":1256124350,"senderChainKey":{"iteration":200,"seed":"jyfdHp9JgGMfe889L28Ujft1eis+EulpYzbs4Fij3g0="},"senderSigningKey":{"public":"BaZ83Yv4ss8rinHFqY1FizazDKOSKN/6LMn59AcFYjE5"},"senderMessageKeys":[]}]