[{"senderKeyId":1582172652,"senderChainKey":{"iteration":19,"seed":"NcrhvqjRL7SArrWiQIqcCIPizKdN42lLIXlqPsNFDE8="},"senderSigningKey":{"public":"BdibYK+d7q5qssA6EJaDA/0YQA5k0RcjPq1UQVnE/3kn"},"senderMessageKeys":[]},{"senderKeyId":1571409228,"senderChainKey":{"iteration":5,"seed":"lD+JiavH0C3Qp+eOfXV3DoJyDwKgO+1znWJpoQsiPac="},"senderSigningKey":{"public":"BZszD73h9aCTluDKKPbNuXfDM4U4NvphKc0yx+x7pjI1"},"senderMessageKeys":[]},{"senderKeyId":1571409228,"senderChainKey":{"iteration":5,"seed":"lD+JiavH0C3Qp+eOfXV3DoJyDwKgO+1znWJpoQsiPac="},"senderSigningKey":{"public":"BZszD73h9aCTluDKKPbNuXfDM4U4NvphKc0yx+x7pjI1"},"senderMessageKeys":[]},{"senderKeyId":600514583,"senderChainKey":{"iteration":9,"seed":"dW3UmE7CRaeG/ZhK53OHyjK8pEDwCXnacDWn+icpeXU="},"senderSigningKey":{"public":"BWoI125pU/FchHILHjBFrkV4ibkjqjOnYWq01eg0ZsVy"},"senderMessageKeys":[]},{"senderKeyId":600514583,"senderChainKey":{"iteration":7,"seed":"o+28o+JYqcciKJZ3OZDP+BnTBudeGriyP2vHDFekMV8="},"senderSigningKey":{"public":"BWoI125pU/FchHILHjBFrkV4ibkjqjOnYWq01eg0ZsVy"},"senderMessageKeys":[]},{"senderKeyId":600514583,"senderChainKey":{"iteration":8,"seed":"rTbvps+I4Cc/Fwah5pKywAeKKOE8jXJ5dhWnBgOiIKM="},"senderSigningKey":{"public":"BWoI125pU/FchHILHjBFrkV4ibkjqjOnYWq01eg0ZsVy"},"senderMessageKeys":[]}]