[{"senderKeyId":557155626,"senderChainKey":{"iteration":94,"seed":"B5DZ/O02B79Ugad2KxF3ZvUAsYEcBXlqBh+O8rMC6q0="},"senderSigningKey":{"public":"BQDPqRSs9dh3D47cUWEhqMIXa6s+vGK95HhVOS0ld1I9"},"senderMessageKeys":[]},{"senderKeyId":557155626,"senderChainKey":{"iteration":93,"seed":"W9/tXKKgeqIPhqBqRu/74l6sBfyWDHKgs1ws6D7a6Jo="},"senderSigningKey":{"public":"BQDPqRSs9dh3D47cUWEhqMIXa6s+vGK95HhVOS0ld1I9"},"senderMessageKeys":[]},{"senderKeyId":1847971316,"senderChainKey":{"iteration":4,"seed":"8rC4iG4ZANd36je2Cn2CLnn4Du1kzVEE0R6QGcCyZn0="},"senderSigningKey":{"public":"BS8wPhe41WfLFHblk25fbLKFKmdIqodDgP3nU1bHeGEW"},"senderMessageKeys":[]},{"senderKeyId":1847971316,"senderChainKey":{"iteration":3,"seed":"BtJBA4SNV5Jg9TyFZ18mp/21+B1jC70uiy8XzGWCYZs="},"senderSigningKey":{"public":"BS8wPhe41WfLFHblk25fbLKFKmdIqodDgP3nU1bHeGEW"},"senderMessageKeys":[]},{"senderKeyId":2110758996,"senderChainKey":{"iteration":10,"seed":"UzlGENzeLFbcSApGcRdk/2vvGdp4R2wvf51AqlLShxA="},"senderSigningKey":{"public":"BUcchqJ8woNtM/n3+Q4VwrQI7aaRuuCXzCcCv8txtWkH"},"senderMessageKeys":[]},{"senderKeyId":602749412,"senderChainKey":{"iteration":2,"seed":"Qvd2dGzRl1kQmhx26SJtDgO63DTdBu1Jo7EBfFAytbI="},"senderSigningKey":{"public":"BW+KE2CfA26sVUB1cLWCkcgsFmtBnX36+vAg2Lc5Cdd7"},"senderMessageKeys":[]}]