[{"senderKeyId":1589411255,"senderChainKey":{"iteration":30,"seed":"RsHtV3Ob803eRBvVqyK/nPSvyF/r9Bk6S+0UnlMq5n0="},"senderSigningKey":{"public":"BZ1mge2KxEchJ38lAXuQRq7lDoP+mEn+6ZgpcTD40p1V"},"senderMessageKeys":[]},{"senderKeyId":1589411255,"senderChainKey":{"iteration":2,"seed":"CxcstKU/nR6mWgBtjMcbjlXejcwXE8/orbc+ss313ck="},"senderSigningKey":{"public":"BZ1mge2KxEchJ38lAXuQRq7lDoP+mEn+6ZgpcTD40p1V"},"senderMessageKeys":[]},{"senderKeyId":1589411255,"senderChainKey":{"iteration":3,"seed":"RLa0DxCjURWWzTWLxzthVoyr+0j0TCijAMc9+fH+k7E="},"senderSigningKey":{"public":"BZ1mge2KxEchJ38lAXuQRq7lDoP+mEn+6ZgpcTD40p1V"},"senderMessageKeys":[]},{"senderKeyId":1589411255,"senderChainKey":{"iteration":9,"seed":"QfKdlnZtW+/03kjMGw8RS5RobDyYeZzdUZYIhzib/UI="},"senderSigningKey":{"public":"BZ1mge2KxEchJ38lAXuQRq7lDoP+mEn+6ZgpcTD40p1V"},"senderMessageKeys":[]},{"senderKeyId":1589411255,"senderChainKey":{"iteration":15,"seed":"l8chDQmy7/z4kVEou1kUZ+j5Q7vAId+CBDtlm/ZzBCE="},"senderSigningKey":{"public":"BZ1mge2KxEchJ38lAXuQRq7lDoP+mEn+6ZgpcTD40p1V"},"senderMessageKeys":[]}]