[{"senderKeyId":627964710,"senderChainKey":{"iteration":22,"seed":"DaHPUmYZnCbquPq3+Rml6xlPJT3PyINXGWMtYIsoxj4="},"senderSigningKey":{"public":"BWnyN6a1DCf1+9Z1VxFmKmdK76iTsMc9keDHS5lLWhsm"},"senderMessageKeys":[]},{"senderKeyId":1879232480,"senderChainKey":{"iteration":3,"seed":"X/JQLdytEKAT/qVdeZZgipj+kjFlw8y/+U6b/12zs8Q="},"senderSigningKey":{"public":"BS9Pfyh+maqECms1vrGOmxgei5r9p1CR47lH1tgIv6IQ"},"senderMessageKeys":[]},{"senderKeyId":1732123405,"senderChainKey":{"iteration":26,"seed":"v4T9EoKSxUd3TNr7FObgubDV0/Gen0tmTa2UHtcgXhg="},"senderSigningKey":{"public":"BW7ZXy+0fUUd6XL99+WJpR5V24n+eRdwHtQ8VnulftYu"},"senderMessageKeys":[]},{"senderKeyId":1732123405,"senderChainKey":{"iteration":24,"seed":"tr9SJBVqwX1Xl2CLro9ZraE4khjQ603brancQFDdTfo="},"senderSigningKey":{"public":"BW7ZXy+0fUUd6XL99+WJpR5V24n+eRdwHtQ8VnulftYu"},"senderMessageKeys":[]}]