[{"senderKeyId":485497090,"senderChainKey":{"iteration":1,"seed":"Mhsfsupr35XSBdy0Tu/Xaz9qziFMOvqWsdFPLgqwBnc="},"senderSigningKey":{"public":"BZjNcDf7MuTheNAyA21Gq9QeMdMLQSornUEMpmbffgEu"},"senderMessageKeys":[]},{"senderKeyId":812024843,"senderChainKey":{"iteration":1,"seed":"4X+55FXO9Qz/+EVOf0NrdtzEUfpK2CLhKyF0oP+bOOc="},"senderSigningKey":{"public":"BbmNLcZ0ypR/ywg+smC+h5RYGN3JIlcQKqC4ENY1vHp2"},"senderMessageKeys":[]},{"senderKeyId":1417729806,"senderChainKey":{"iteration":2,"seed":"BEnEVDkMDlQEoh3Xy4S8vKdkbHJPqN+DxLOq+uejWpo="},"senderSigningKey":{"public":"BVGep4rKRbtsFrj68aEiuoueKa6/y60DDhEwxeiutw4t"},"senderMessageKeys":[]}]