[{"senderKeyId":453494920,"senderChainKey":{"iteration":404,"seed":"SkZBbN+8mvW51q5DChCd2dNivgczWIKbFqLBBgSBwp4="},"senderSigningKey":{"public":"BXk8dZFXyXKjgdiv714HJaHryI1ZL6o2XY94yLCTZJM6"},"senderMessageKeys":[]},{"senderKeyId":453494920,"senderChainKey":{"iteration":339,"seed":"9iVChoke5MEgezhueeFKnSF9aTYdmKt9436JfczfkWQ="},"senderSigningKey":{"public":"BXk8dZFXyXKjgdiv714HJaHryI1ZL6o2XY94yLCTZJM6"},"senderMessageKeys":[]},{"senderKeyId":453494920,"senderChainKey":{"iteration":344,"seed":"QK6/n67OKxT4B1RPpEnwfyoLrhVYA8pqfiR8lwRB4/w="},"senderSigningKey":{"public":"BXk8dZFXyXKjgdiv714HJaHryI1ZL6o2XY94yLCTZJM6"},"senderMessageKeys":[]},{"senderKeyId":453494920,"senderChainKey":{"iteration":348,"seed":"VWNgRoFjl1goZ1K/3V8675N7xTKFb/qsx+pkAKJC11I="},"senderSigningKey":{"public":"BXk8dZFXyXKjgdiv714HJaHryI1ZL6o2XY94yLCTZJM6"},"senderMessageKeys":[]},{"senderKeyId":453494920,"senderChainKey":{"iteration":355,"seed":"DoeCDzsHuAkycognpv5hsP5Yv5sk74dDr1iEZxrzwI8="},"senderSigningKey":{"public":"BXk8dZFXyXKjgdiv714HJaHryI1ZL6o2XY94yLCTZJM6"},"senderMessageKeys":[]},{"senderKeyId":453494920,"senderChainKey":{"iteration":361,"seed":"az8NXI1109Q1wQNmRY7dZfBiLKCCeQI/DDDnCZ7BdkU="},"senderSigningKey":{"public":"BXk8dZFXyXKjgdiv714HJaHryI1ZL6o2XY94yLCTZJM6"},"senderMessageKeys":[]},{"senderKeyId":453494920,"senderChainKey":{"iteration":368,"seed":"j1+yuvksjae4NeOACweEvefyFhAUHhEc9b4ZEqhjDf8="},"senderSigningKey":{"public":"BXk8dZFXyXKjgdiv714HJaHryI1ZL6o2XY94yLCTZJM6"},"senderMessageKeys":[]},{"senderKeyId":453494920,"senderChainKey":{"iteration":386,"seed":"cLeZUA9EpcjzarLD3gKBtD7EnxzZKZXZwmKme73kTAY="},"senderSigningKey":{"public":"BXk8dZFXyXKjgdiv714HJaHryI1ZL6o2XY94yLCTZJM6"},"senderMessageKeys":[]},{"senderKeyId":453494920,"senderChainKey":{"iteration":387,"seed":"Nsa0SLZ87v1mze3ETMtAq+QyWiCCQXgg+93WI5zO8RI="},"senderSigningKey":{"public":"BXk8dZFXyXKjgdiv714HJaHryI1ZL6o2XY94yLCTZJM6"},"senderMessageKeys":[]}]