[{"senderKeyId":310520055,"senderChainKey":{"iteration":4,"seed":"/Feh91IuBR8ObU6ks1ITQbrq391Dcmu8YauLyiwi6ow="},"senderSigningKey":{"public":"BTJFPRdU4OUqElYgiRTN90aaTWIBwwbY75rMFLdEGoBY"},"senderMessageKeys":[]},{"senderKeyId":1380062619,"senderChainKey":{"iteration":1,"seed":"RjoVJ5qTJi0WYc43EMXcI+3g9mSuuz67gwivUzNhGbY="},"senderSigningKey":{"public":"BYr0cqaxrtErdxe0NLzFgVksg5yOgObyBaqlH8cr0IU5"},"senderMessageKeys":[]},{"senderKeyId":194389100,"senderChainKey":{"iteration":1,"seed":"IIy76+53/Pi9s7fgpMtZYIxXLW8Ue9NXVFNiGWH5QoA="},"senderSigningKey":{"public":"BR1e22iqzrSwtuzGPR5Qz9EGf3qjKdim0hfQwmEVS39Y"},"senderMessageKeys":[]}]