[{"senderKeyId":1975615265,"senderChainKey":{"iteration":264,"seed":"9KlnG6DEh0qzJvlQBO8tm81sI4eIn3foAMLjeaC1MNk="},"senderSigningKey":{"public":"Bbw0MVVwmgy3tV6I/PTjGTklbbdpH6w8aI5579pvvf9U"},"senderMessageKeys":[{},{},{},{},{},{},{},{},{}]},{"senderKeyId":1975615265,"senderChainKey":{"iteration":127,"seed":"aoYdG/JxbwZ/vU5CGk7hdSr4oIwzy5ioqYN5fi+3JIg="},"senderSigningKey":{"public":"Bbw0MVVwmgy3tV6I/PTjGTklbbdpH6w8aI5579pvvf9U"},"senderMessageKeys":[]},{"senderKeyId":1975615265,"senderChainKey":{"iteration":138,"seed":"FhqY85YOikFeD+mVyY0WkRrmA/I/rvMZQeLn3t4SiTk="},"senderSigningKey":{"public":"Bbw0MVVwmgy3tV6I/PTjGTklbbdpH6w8aI5579pvvf9U"},"senderMessageKeys":[]},{"senderKeyId":1975615265,"senderChainKey":{"iteration":140,"seed":"pRkaQy4zAUb39qVV5s6Y0tFPv7S0nAiH5YjXzT/r/ks="},"senderSigningKey":{"public":"Bbw0MVVwmgy3tV6I/PTjGTklbbdpH6w8aI5579pvvf9U"},"senderMessageKeys":[]},{"senderKeyId":1975615265,"senderChainKey":{"iteration":210,"seed":"WS/jHL9lLloZSO3OdJLwZnzEfAUeShx4D2TkPhYiwJA="},"senderSigningKey":{"public":"Bbw0MVVwmgy3tV6I/PTjGTklbbdpH6w8aI5579pvvf9U"},"senderMessageKeys":[]},{"senderKeyId":1975615265,"senderChainKey":{"iteration":212,"seed":"vfhyYjmfOxvWACSVtTHLxNTimCnaZJVkPhF6urXRwTc="},"senderSigningKey":{"public":"Bbw0MVVwmgy3tV6I/PTjGTklbbdpH6w8aI5579pvvf9U"},"senderMessageKeys":[]},{"senderKeyId":1975615265,"senderChainKey":{"iteration":239,"seed":"gfimQ2X7qsceqUWSKlaOyJgwMous05vHCgPzRyZgOUE="},"senderSigningKey":{"public":"Bbw0MVVwmgy3tV6I/PTjGTklbbdpH6w8aI5579pvvf9U"},"senderMessageKeys":[]}]