[{"senderKeyId":1785851436,"senderChainKey":{"iteration":44,"seed":"LoBapXmWrilstBs1sDJJO/c/sSoCSylnikndbDtYfYk="},"senderSigningKey":{"public":"BZlPwHADwhztjE/NKAPLrZBMaKfIn0YloyZZ0joxZAUz"},"senderMessageKeys":[]},{"senderKeyId":624214592,"senderChainKey":{"iteration":4,"seed":"hM0stvSFtuRCTT2w5hDqWfw8D3isVCD0LefrVHdlSxU="},"senderSigningKey":{"public":"BX89SKZR1/GsrX6eaZYPO2z576arHFTYLvbmRbblNwUF"},"senderMessageKeys":[]},{"senderKeyId":378649925,"senderChainKey":{"iteration":6,"seed":"YZVFGXE0KqC6mBjOaSeXLR4+2A++rAAv6U3Ub2zmxBE="},"senderSigningKey":{"public":"BTS0f/wLz2rdTXNMO2BTIOf+v+01xOwh0Ex6oJSEd+Ef"},"senderMessageKeys":[]},{"senderKeyId":638462523,"senderChainKey":{"iteration":2,"seed":"I2xGmn0z02orjNZmBXeDZLANvuXYZ0NI2U6NsEpngcM="},"senderSigningKey":{"public":"Beo4OZ0XKnhzvSGgazkkGiZclKENv2rVO7K7XnPUj75W"},"senderMessageKeys":[]},{"senderKeyId":323064429,"senderChainKey":{"iteration":14,"seed":"uZ8px+8Kzp9wC8y5M7ZKcZwutLDsTAIZoTAVcuAOY6k="},"senderSigningKey":{"public":"BQArMbhOUEaOmY5qtXhRNAXp34KvzPmEA5oP98NsoYcK"},"senderMessageKeys":[]},{"senderKeyId":323064429,"senderChainKey":{"iteration":11,"seed":"78jpT3pdQDocBWvovPIwzwsHjhNq2kiAFkhHi6KGc5Q="},"senderSigningKey":{"public":"BQArMbhOUEaOmY5qtXhRNAXp34KvzPmEA5oP98NsoYcK"},"senderMessageKeys":[]}]