[{"senderKeyId":625995506,"senderChainKey":{"iteration":14,"seed":"MhFu3ya01ozyE31uRTTh3C+YUdhwxC5E0M/vFKq9Zj0="},"senderSigningKey":{"public":"BTf4QXH9xT9E6VlSdXcsSiGL4xUegR2XrHyXhsMO7yhR"},"senderMessageKeys":[]},{"senderKeyId":625995506,"senderChainKey":{"iteration":1,"seed":"1YA46pu1jBjgBTbBkleJDLq8iPfYbpJ87EjCHM7+x48="},"senderSigningKey":{"public":"BTf4QXH9xT9E6VlSdXcsSiGL4xUegR2XrHyXhsMO7yhR"},"senderMessageKeys":[]},{"senderKeyId":625995506,"senderChainKey":{"iteration":2,"seed":"e40dwVmqcwsGvGdhRN3ZvCXhjpwcVwMef2M5y0xaH+s="},"senderSigningKey":{"public":"BTf4QXH9xT9E6VlSdXcsSiGL4xUegR2XrHyXhsMO7yhR"},"senderMessageKeys":[]},{"senderKeyId":625995506,"senderChainKey":{"iteration":8,"seed":"M3MUHJ4W2w8Ces1TmnNmERj9cZfvv2wQP3HQnt5ZMy0="},"senderSigningKey":{"public":"BTf4QXH9xT9E6VlSdXcsSiGL4xUegR2XrHyXhsMO7yhR"},"senderMessageKeys":[]}]