[{"senderKeyId":151377625,"senderChainKey":{"iteration":5,"seed":"qva2IkTQABTKWliPpP2kotFKMvaeCPNenaj6btHka2c="},"senderSigningKey":{"public":"BbkTUBqh0JOIO7pu+uwK0pMVSYTh7Fy0sAz9UES9NHBX"},"senderMessageKeys":[]},{"senderKeyId":1404274997,"senderChainKey":{"iteration":17,"seed":"r2n8urYb7+YKwoar4VxggNo/ipBfMhyY2hnXMvO1ZCc="},"senderSigningKey":{"public":"Bbn7s5Mx0u+aZlKG0cCb0+lxbaMNWrLB2D0QvoqXk6Rd"},"senderMessageKeys":[]},{"senderKeyId":1404274997,"senderChainKey":{"iteration":14,"seed":"LgcWWme1OU8hMXXZkYGuSO7NOQyWAe74p4y5XrvmTTM="},"senderSigningKey":{"public":"Bbn7s5Mx0u+aZlKG0cCb0+lxbaMNWrLB2D0QvoqXk6Rd"},"senderMessageKeys":[]},{"senderKeyId":1404021745,"senderChainKey":{"iteration":3,"seed":"j5Du1fl/CnqPTlrJvENbvSln7ioPtBby27rW1n+JFwU="},"senderSigningKey":{"public":"Be+N/dFN3czS5R1Da33BceVmbmtH1BclveKNmhzFE4Z/"},"senderMessageKeys":[]},{"senderKeyId":1404021745,"senderChainKey":{"iteration":1,"seed":"DXMxdWh9gQuPZSDLKPtnbvKxUD/d/yMeKG8N//1Pgqs="},"senderSigningKey":{"public":"Be+N/dFN3czS5R1Da33BceVmbmtH1BclveKNmhzFE4Z/"},"senderMessageKeys":[]},{"senderKeyId":1404021745,"senderChainKey":{"iteration":2,"seed":"DYZ9rKbwmvwM36+t5kiAdFJPHTU+Dy2v5sL9U/6N9zY="},"senderSigningKey":{"public":"Be+N/dFN3czS5R1Da33BceVmbmtH1BclveKNmhzFE4Z/"},"senderMessageKeys":[]},{"senderKeyId":1864955565,"senderChainKey":{"iteration":4,"seed":"DZhAAt2gN79had0OkeMz7YXTP085Iu5QICJec8ps0DQ="},"senderSigningKey":{"public":"BYQ5EFrgIf9Z+vOGxugpzGCcuN5BUfoUIw1i9FC1Tzch"},"senderMessageKeys":[]},{"senderKeyId":1300193737,"senderChainKey":{"iteration":4,"seed":"lswOfTqrWq1M3LdSa9/OqX2qpuGI92SKdrgKmbjN9Ck="},"senderSigningKey":{"public":"BYX0i11u7g86N1QlrRX6lP71c/LpiAmJ8gboY1IW1r86"},"senderMessageKeys":[{}]},{"senderKeyId":626803676,"senderChainKey":{"iteration":1,"seed":"ozfLlb3qPDyRyN3fnzJwKSeyqB4VN/40l0POg/ItjCo="},"senderSigningKey":{"public":"BevTUm8YjcgiRqum1qQB7CA8YAvzMMSCnqST9Bhxshk5"},"senderMessageKeys":[]},{"senderKeyId":896376380,"senderChainKey":{"iteration":1,"seed":"qgLI3mjRqK8pHQ0mfx2V4urCejgBtIPPgdW03As1Czo="},"senderSigningKey":{"public":"BUZssRRU83VWv6vqxySxVh1NLUMotrpGFYs0hSKyFMEJ"},"senderMessageKeys":[]}]