[{"senderKeyId":472421781,"senderChainKey":{"iteration":7,"seed":"Zh98LaNtnRuT3lBMv9FQONKoisHX/vObtOh8ZIsDKPA="},"senderSigningKey":{"public":"BaFRIvgQj36ZA0XHZhlnIYbRkPGZMIOXbLkg6wwVcJ8R"},"senderMessageKeys":[]},{"senderKeyId":1101144675,"senderChainKey":{"iteration":32,"seed":"Zendx7aVolWN99Iji/fb4onezYx0bBqeM6TgTQEK2j0="},"senderSigningKey":{"public":"Bcec1mm9IwfmmRKn+81g3mx1JXdyXHMsHoZ59zj+Rp49"},"senderMessageKeys":[]},{"senderKeyId":1276319831,"senderChainKey":{"iteration":32,"seed":"oL5DD4Qg5tEkYkcBaEtMIrwl6ZF2jMAUrZ0TeAmP2XY="},"senderSigningKey":{"public":"BaSrryskXPciYPi2Aq5qyyeX1/LpLBgqzB684BAJCWx9"},"senderMessageKeys":[{}]}]