[{"senderKeyId":1235883822,"senderChainKey":{"iteration":7,"seed":"7zClodlbRQwGl+Pn+J4LASe1JeLdCKFlgDGHsHsOymI="},"senderSigningKey":{"public":"BdrjoeghR2ttiIxfHj+E7ma7FOLfLiO9NbiqZhQUqB4M"},"senderMessageKeys":[]},{"senderKeyId":1235883822,"senderChainKey":{"iteration":3,"seed":"1+8YkgJMD57AGgo4x1CKgdAowpnSRLLVZuGfp+l9fjc="},"senderSigningKey":{"public":"BdrjoeghR2ttiIxfHj+E7ma7FOLfLiO9NbiqZhQUqB4M"},"senderMessageKeys":[]},{"senderKeyId":1235883822,"senderChainKey":{"iteration":5,"seed":"cPanDyOUexqinFVLendRZoLWpcWBLjemJJnrckLIZlk="},"senderSigningKey":{"public":"BdrjoeghR2ttiIxfHj+E7ma7FOLfLiO9NbiqZhQUqB4M"},"senderMessageKeys":[]},{"senderKeyId":1235883822,"senderChainKey":{"iteration":6,"seed":"1CqEmdtFcBNPOp6ZkXDhpabOJF6Jkw/LOnAvJcDDpL4="},"senderSigningKey":{"public":"BdrjoeghR2ttiIxfHj+E7ma7FOLfLiO9NbiqZhQUqB4M"},"senderMessageKeys":[]}]