[{"senderKeyId":1646988040,"senderChainKey":{"iteration":1,"seed":"SDB9d4O5IHSiKR5XOD9waSSCyeIOxSALoqNJu9ADQXc="},"senderSigningKey":{"public":"BYrERTlwS6O9PnKkNE81yEyhxfsrmjchffYBcnJv/59Y"},"senderMessageKeys":[]},{"senderKeyId":945718682,"senderChainKey":{"iteration":1,"seed":"QX5hpXdLRuw+TgpFcc7Q+5q/dwQ7h3Ams7afbFT4Hik="},"senderSigningKey":{"public":"BbuHO8e51WWMYDRScBTYZAw3zM9Kg85zDHWCTpeGeyYh"},"senderMessageKeys":[]},{"senderKeyId":1188777160,"senderChainKey":{"iteration":1,"seed":"XTypfqhrSqDbuMl7Bm+pWlt2Mn4Kk1G+9R99AaFVEhY="},"senderSigningKey":{"public":"BUERKGhsVU3ZLQjme6dCm7+gZSzNkdsHq8g2paG0EYYk"},"senderMessageKeys":[]}]