[{"senderKeyId":297180062,"senderChainKey":{"iteration":1526,"seed":"wDkDjVL43Dg7LQHNEnwgWyrwNjxgOLZADxxRx9vxaHU="},"senderSigningKey":{"public":"BUQVyekM+xWL7jfk/TJPBpInVs990AuBbw0SNgt5h4J5"},"senderMessageKeys":[{},{},{},{},{},{},{},{},{},{},{},{},{},{},{},{},{},{},{},{},{},{},{},{},{},{},{},{},{},{},{},{},{},{},{},{},{},{},{},{},{},{},{},{},{}]},{"senderKeyId":297180062,"senderChainKey":{"iteration":591,"seed":"uxfLE1MRUGOHbz/eQFpszq6UDJqWWCQ4dQgLXwN60Hg="},"senderSigningKey":{"public":"BUQVyekM+xWL7jfk/TJPBpInVs990AuBbw0SNgt5h4J5"},"senderMessageKeys":[]},{"senderKeyId":297180062,"senderChainKey":{"iteration":595,"seed":"OobNwC0ZmRckGL0SQ5JrYeDLUdYDWXIFAmOOquHLawk="},"senderSigningKey":{"public":"BUQVyekM+xWL7jfk/TJPBpInVs990AuBbw0SNgt5h4J5"},"senderMessageKeys":[]},{"senderKeyId":297180062,"senderChainKey":{"iteration":596,"seed":"4ubbDMccPN+FHceA11n0PAkdoI47rz5d+l/3dxb1ioA="},"senderSigningKey":{"public":"BUQVyekM+xWL7jfk/TJPBpInVs990AuBbw0SNgt5h4J5"},"senderMessageKeys":[]},{"senderKeyId":297180062,"senderChainKey":{"iteration":597,"seed":"DxEZ6AS6r5YRLybxTAIZN9LkOjoeO/MfDfA3J6Yi5bY="},"senderSigningKey":{"public":"BUQVyekM+xWL7jfk/TJPBpInVs990AuBbw0SNgt5h4J5"},"senderMessageKeys":[]},{"senderKeyId":297180062,"senderChainKey":{"iteration":598,"seed":"tb70UyJDod6nKTVjmuvH91jNosvMjfJYTalLrnlxj/k="},"senderSigningKey":{"public":"BUQVyekM+xWL7jfk/TJPBpInVs990AuBbw0SNgt5h4J5"},"senderMessageKeys":[]},{"senderKeyId":297180062,"senderChainKey":{"iteration":599,"seed":"TYhcXOasymH5KXKGy3MZP2PxfsBCKJIDlL0l0pG4HWA="},"senderSigningKey":{"public":"BUQVyekM+xWL7jfk/TJPBpInVs990AuBbw0SNgt5h4J5"},"senderMessageKeys":[]},{"senderKeyId":297180062,"senderChainKey":{"iteration":600,"seed":"LKnlgvgOineKyIJoZwJrfVdg+PVA3zi57VlNqXBZYJg="},"senderSigningKey":{"public":"BUQVyekM+xWL7jfk/TJPBpInVs990AuBbw0SNgt5h4J5"},"senderMessageKeys":[]},{"senderKeyId":297180062,"senderChainKey":{"iteration":601,"seed":"Yd1xxpy9v59iN6TdBi1CX0+3Ozkd3SMgHLmoM8XWQGU="},"senderSigningKey":{"public":"BUQVyekM+xWL7jfk/TJPBpInVs990AuBbw0SNgt5h4J5"},"senderMessageKeys":[]},{"senderKeyId":297180062,"senderChainKey":{"iteration":602,"seed":"pVdzMe1t9xdpamKqf9AjpJy7QVX2LyGF0ivJ1Hu6oBw="},"senderSigningKey":{"public":"BUQVyekM+xWL7jfk/TJPBpInVs990AuBbw0SNgt5h4J5"},"senderMessageKeys":[]},{"senderKeyId":297180062,"senderChainKey":{"iteration":603,"seed":"eOdX8PRWPcngTqmQa49PfG4KJIIbHXElaBoP9dPCmM4="},"senderSigningKey":{"public":"BUQVyekM+xWL7jfk/TJPBpInVs990AuBbw0SNgt5h4J5"},"senderMessageKeys":[]},{"senderKeyId":297180062,"senderChainKey":{"iteration":604,"seed":"+brjRW/a/1dg76Z2wmQjVHBm+USU8TxU2a6Ye8gOih8="},"senderSigningKey":{"public":"BUQVyekM+xWL7jfk/TJPBpInVs990AuBbw0SNgt5h4J5"},"senderMessageKeys":[]},{"senderKeyId":297180062,"senderChainKey":{"iteration":605,"seed":"smEhMDScz8Ipk7YB0JVTcNAfaPanAams9+xV5Uvvbks="},"senderSigningKey":{"public":"BUQVyekM+xWL7jfk/TJPBpInVs990AuBbw0SNgt5h4J5"},"senderMessageKeys":[]},{"senderKeyId":297180062,"senderChainKey":{"iteration":606,"seed":"bgfA9q0pa9z46iS1AM4cV02PDudLPnD2mTvK5lyn2fQ="},"senderSigningKey":{"public":"BUQVyekM+xWL7jfk/TJPBpInVs990AuBbw0SNgt5h4J5"},"senderMessageKeys":[]},{"senderKeyId":297180062,"senderChainKey":{"iteration":607,"seed":"C6zkKjrIwVsoEaU7Y/oU7RfvBjkqo+AHy4JAjz1Jfv8="},"senderSigningKey":{"public":"BUQVyekM+xWL7jfk/TJPBpInVs990AuBbw0SNgt5h4J5"},"senderMessageKeys":[]},{"senderKeyId":297180062,"senderChainKey":{"iteration":608,"seed":"ARUWypW5hEd9ZM7/Cmj42KcP1mAJ9ZRLkt/R+9LPHh4="},"senderSigningKey":{"public":"BUQVyekM+xWL7jfk/TJPBpInVs990AuBbw0SNgt5h4J5"},"senderMessageKeys":[]},{"senderKeyId":297180062,"senderChainKey":{"iteration":609,"seed":"AopIC+EQm4RDZB770F4UW11HeXNGq+RNlWBQE/lUWoU="},"senderSigningKey":{"public":"BUQVyekM+xWL7jfk/TJPBpInVs990AuBbw0SNgt5h4J5"},"senderMessageKeys":[]},{"senderKeyId":297180062,"senderChainKey":{"iteration":610,"seed":"khqeBtPhK5bQTzpj3BnleN1+OuCP5NmM8xjrNyPW0os="},"senderSigningKey":{"public":"BUQVyekM+xWL7jfk/TJPBpInVs990AuBbw0SNgt5h4J5"},"senderMessageKeys":[]},{"senderKeyId":297180062,"senderChainKey":{"iteration":611,"seed":"orF8vpabk4ueoWn4VUu+PoA/7MHWbGdf63nY8oXfrac="},"senderSigningKey":{"public":"BUQVyekM+xWL7jfk/TJPBpInVs990AuBbw0SNgt5h4J5"},"senderMessageKeys":[]},{"senderKeyId":297180062,"senderChainKey":{"iteration":612,"seed":"fEOHtTm+9DUF0gO/TSM/rOKjziyVb5QoWnI4pgex5K8="},"senderSigningKey":{"public":"BUQVyekM+xWL7jfk/TJPBpInVs990AuBbw0SNgt5h4J5"},"senderMessageKeys":[]},{"senderKeyId":297180062,"senderChainKey":{"iteration":613,"seed":"p8nXUmAPVmUBEj1M0CvSQ9irLLaYxILSMjg9/N43zvQ="},"senderSigningKey":{"public":"BUQVyekM+xWL7jfk/TJPBpInVs990AuBbw0SNgt5h4J5"},"senderMessageKeys":[]},{"senderKeyId":297180062,"senderChainKey":{"iteration":614,"seed":"T8CH0t2A6IiZ7aOYp4cawLKBuFYiVFOhFUYuvpfysmw="},"senderSigningKey":{"public":"BUQVyekM+xWL7jfk/TJPBpInVs990AuBbw0SNgt5h4J5"},"senderMessageKeys":[]},{"senderKeyId":297180062,"senderChainKey":{"iteration":615,"seed":"S9v+Xwy3V2TYiitSW+SGYyRt1E7xlFpDZ/49ej/eVUE="},"senderSigningKey":{"public":"BUQVyekM+xWL7jfk/TJPBpInVs990AuBbw0SNgt5h4J5"},"senderMessageKeys":[]},{"senderKeyId":297180062,"senderChainKey":{"iteration":616,"seed":"LGk/cS2r0dSvn6gERupm00BtTFgm63ZBRkyHBn0TO+w="},"senderSigningKey":{"public":"BUQVyekM+xWL7jfk/TJPBpInVs990AuBbw0SNgt5h4J5"},"senderMessageKeys":[]},{"senderKeyId":297180062,"senderChainKey":{"iteration":617,"seed":"eYqxXlb7k/UDzAlUAE7pBHcbLFB0YIJp+ENirCmoENs="},"senderSigningKey":{"public":"BUQVyekM+xWL7jfk/TJPBpInVs990AuBbw0SNgt5h4J5"},"senderMessageKeys":[]},{"senderKeyId":297180062,"senderChainKey":{"iteration":618,"seed":"LCwMyLsR3+KH3yJ+VLkMYPgZ+yqqs9dPMgcqBlez9Vc="},"senderSigningKey":{"public":"BUQVyekM+xWL7jfk/TJPBpInVs990AuBbw0SNgt5h4J5"},"senderMessageKeys":[]},{"senderKeyId":297180062,"senderChainKey":{"iteration":880,"seed":"nefsmREnO+Ks2sHY2m//2/fV4u4d9Zh8mSD/wfNiZQU="},"senderSigningKey":{"public":"BUQVyekM+xWL7jfk/TJPBpInVs990AuBbw0SNgt5h4J5"},"senderMessageKeys":[]},{"senderKeyId":297180062,"senderChainKey":{"iteration":885,"seed":"mGSrbgp3a+nyVanIxYNAcpXKqVWeDsMZLSMzQc7vgBo="},"senderSigningKey":{"public":"BUQVyekM+xWL7jfk/TJPBpInVs990AuBbw0SNgt5h4J5"},"senderMessageKeys":[]},{"senderKeyId":297180062,"senderChainKey":{"iteration":914,"seed":"XzHCBp9H1eK/9Ffa1eoXDokpZ2Y9ZUHywmMI0KWzv04="},"senderSigningKey":{"public":"BUQVyekM+xWL7jfk/TJPBpInVs990AuBbw0SNgt5h4J5"},"senderMessageKeys":[]},{"senderKeyId":297180062,"senderChainKey":{"iteration":916,"seed":"I6O5Jeart50uBuOBia9uq5sjGBlkTmpcTnEzb1jmBjw="},"senderSigningKey":{"public":"BUQVyekM+xWL7jfk/TJPBpInVs990AuBbw0SNgt5h4J5"},"senderMessageKeys":[]},{"senderKeyId":297180062,"senderChainKey":{"iteration":917,"seed":"ZgLxHA8qMsT1UX0W2ODupojAKdgIapyKDo5glCanWVc="},"senderSigningKey":{"public":"BUQVyekM+xWL7jfk/TJPBpInVs990AuBbw0SNgt5h4J5"},"senderMessageKeys":[]},{"senderKeyId":297180062,"senderChainKey":{"iteration":918,"seed":"BDEQMRbaD7f0Vyzx3VRXkd4uo+JOnw8xEFpjrliVX9Q="},"senderSigningKey":{"public":"BUQVyekM+xWL7jfk/TJPBpInVs990AuBbw0SNgt5h4J5"},"senderMessageKeys":[]},{"senderKeyId":297180062,"senderChainKey":{"iteration":921,"seed":"fcIyl5/UYHLo4lIpf8ewowUa3xPD9TpHldZGB8eyAbA="},"senderSigningKey":{"public":"BUQVyekM+xWL7jfk/TJPBpInVs990AuBbw0SNgt5h4J5"},"senderMessageKeys":[]},{"senderKeyId":297180062,"senderChainKey":{"iteration":922,"seed":"CqEhNLyH9joBI9S8RThBlpltUVoAEbgd5QC2IxD+0ik="},"senderSigningKey":{"public":"BUQVyekM+xWL7jfk/TJPBpInVs990AuBbw0SNgt5h4J5"},"senderMessageKeys":[]},{"senderKeyId":297180062,"senderChainKey":{"iteration":1103,"seed":"C48a44qz8v2kcC2ZGiAW9zXnsSClIfyCVb/tSsP9W9o="},"senderSigningKey":{"public":"BUQVyekM+xWL7jfk/TJPBpInVs990AuBbw0SNgt5h4J5"},"senderMessageKeys":[]},{"senderKeyId":297180062,"senderChainKey":{"iteration":1121,"seed":"A0di0AZwrP8qzlXB2IjGxZ7hoEQM1cextSPuORA+l4A="},"senderSigningKey":{"public":"BUQVyekM+xWL7jfk/TJPBpInVs990AuBbw0SNgt5h4J5"},"senderMessageKeys":[]},{"senderKeyId":297180062,"senderChainKey":{"iteration":1122,"seed":"AtGHUpBReItafr3E5k9C/jZkQnOXtiYPrmctI9wSUHQ="},"senderSigningKey":{"public":"BUQVyekM+xWL7jfk/TJPBpInVs990AuBbw0SNgt5h4J5"},"senderMessageKeys":[]},{"senderKeyId":297180062,"senderChainKey":{"iteration":1123,"seed":"3nCu8/mPO7SOxMRFGMzgOgZxi7MLwhY92yi31DAxAAA="},"senderSigningKey":{"public":"BUQVyekM+xWL7jfk/TJPBpInVs990AuBbw0SNgt5h4J5"},"senderMessageKeys":[]},{"senderKeyId":297180062,"senderChainKey":{"iteration":1125,"seed":"nhN/WJeKmW69QECH+2jn4kby5+9b0JgLz9nFoeEP45s="},"senderSigningKey":{"public":"BUQVyekM+xWL7jfk/TJPBpInVs990AuBbw0SNgt5h4J5"},"senderMessageKeys":[]},{"senderKeyId":297180062,"senderChainKey":{"iteration":1218,"seed":"ir+3R9wKJV37Fa0RZbDRJUaj8NHCVaMZu0tpTZlThD4="},"senderSigningKey":{"public":"BUQVyekM+xWL7jfk/TJPBpInVs990AuBbw0SNgt5h4J5"},"senderMessageKeys":[]},{"senderKeyId":297180062,"senderChainKey":{"iteration":1219,"seed":"2EympYmCLaV+iQp/9XczJiS1ViUqEuJGYwt22yQwX+k="},"senderSigningKey":{"public":"BUQVyekM+xWL7jfk/TJPBpInVs990AuBbw0SNgt5h4J5"},"senderMessageKeys":[]},{"senderKeyId":297180062,"senderChainKey":{"iteration":1220,"seed":"6Kgllo45TW679y8wgAdnJjvMzax6b6uxAVqvt9W1PR8="},"senderSigningKey":{"public":"BUQVyekM+xWL7jfk/TJPBpInVs990AuBbw0SNgt5h4J5"},"senderMessageKeys":[]},{"senderKeyId":297180062,"senderChainKey":{"iteration":1221,"seed":"l8v2jbjkalY5JrohxEiMSU6ZsJI37oyJud4lpsSAy64="},"senderSigningKey":{"public":"BUQVyekM+xWL7jfk/TJPBpInVs990AuBbw0SNgt5h4J5"},"senderMessageKeys":[]},{"senderKeyId":297180062,"senderChainKey":{"iteration":1222,"seed":"Pt7asHkBRRo8o1fGFdem4VEzGRd+UQh0ZaqnpeAVXVU="},"senderSigningKey":{"public":"BUQVyekM+xWL7jfk/TJPBpInVs990AuBbw0SNgt5h4J5"},"senderMessageKeys":[]},{"senderKeyId":297180062,"senderChainKey":{"iteration":1223,"seed":"of0lvY1GWcfc+ABtdU6YUZgLUG3sRDVP74pa6keAETc="},"senderSigningKey":{"public":"BUQVyekM+xWL7jfk/TJPBpInVs990AuBbw0SNgt5h4J5"},"senderMessageKeys":[]},{"senderKeyId":297180062,"senderChainKey":{"iteration":1224,"seed":"wF8rZtT1O6ihD3P63j5Vm2MktTwJ8LXXJb9C6Xw3LIA="},"senderSigningKey":{"public":"BUQVyekM+xWL7jfk/TJPBpInVs990AuBbw0SNgt5h4J5"},"senderMessageKeys":[]},{"senderKeyId":297180062,"senderChainKey":{"iteration":1225,"seed":"YFRLHP1H9V4L2XG2S7xWDzyO/UDj/MIlpemr6iYn3NQ="},"senderSigningKey":{"public":"BUQVyekM+xWL7jfk/TJPBpInVs990AuBbw0SNgt5h4J5"},"senderMessageKeys":[]},{"senderKeyId":297180062,"senderChainKey":{"iteration":1226,"seed":"d7ch1DO65vHDKMTFnVGHvax5sPpW8UV8BjGuh1YYKbo="},"senderSigningKey":{"public":"BUQVyekM+xWL7jfk/TJPBpInVs990AuBbw0SNgt5h4J5"},"senderMessageKeys":[]},{"senderKeyId":297180062,"senderChainKey":{"iteration":1227,"seed":"iwz8Fl8jlApRaP8WzfQ+TzNd38kDnLHOD2c5AZeSLX4="},"senderSigningKey":{"public":"BUQVyekM+xWL7jfk/TJPBpInVs990AuBbw0SNgt5h4J5"},"senderMessageKeys":[]},{"senderKeyId":297180062,"senderChainKey":{"iteration":1236,"seed":"nVwPhJfeQ1FgAqqw2uOrnjSusxLaV1rmPXtecb4AMLw="},"senderSigningKey":{"public":"BUQVyekM+xWL7jfk/TJPBpInVs990AuBbw0SNgt5h4J5"},"senderMessageKeys":[]},{"senderKeyId":297180062,"senderChainKey":{"iteration":1237,"seed":"dq4RUe1PeuBHqT+5ZlGwkpP8wdyP4Y6l+Omxue78W/c="},"senderSigningKey":{"public":"BUQVyekM+xWL7jfk/TJPBpInVs990AuBbw0SNgt5h4J5"},"senderMessageKeys":[]},{"senderKeyId":297180062,"senderChainKey":{"iteration":1238,"seed":"qjNeWyD5TWdTA8nUvr+mWLEn31QnP3wcv04UVfTKb94="},"senderSigningKey":{"public":"BUQVyekM+xWL7jfk/TJPBpInVs990AuBbw0SNgt5h4J5"},"senderMessageKeys":[]},{"senderKeyId":297180062,"senderChainKey":{"iteration":1239,"seed":"5nCNQx/226Ks+mE0YGpt6FlyS8BwoQUKbId7b4fLF90="},"senderSigningKey":{"public":"BUQVyekM+xWL7jfk/TJPBpInVs990AuBbw0SNgt5h4J5"},"senderMessageKeys":[]},{"senderKeyId":297180062,"senderChainKey":{"iteration":1240,"seed":"HBx9psg4swjG4vwyigz3MHAUUmCFxfeeHGoaLkVsyaA="},"senderSigningKey":{"public":"BUQVyekM+xWL7jfk/TJPBpInVs990AuBbw0SNgt5h4J5"},"senderMessageKeys":[]},{"senderKeyId":297180062,"senderChainKey":{"iteration":1241,"seed":"y6CS/UrtbtBtTI/o9e8JWGi6+uLehNBmVSmHhxQrV/c="},"senderSigningKey":{"public":"BUQVyekM+xWL7jfk/TJPBpInVs990AuBbw0SNgt5h4J5"},"senderMessageKeys":[]},{"senderKeyId":297180062,"senderChainKey":{"iteration":1242,"seed":"zYw/lPEzYTnoaqVJ4fd+HZL55B0ldh4p2yStaL/yZj0="},"senderSigningKey":{"public":"BUQVyekM+xWL7jfk/TJPBpInVs990AuBbw0SNgt5h4J5"},"senderMessageKeys":[]},{"senderKeyId":297180062,"senderChainKey":{"iteration":1243,"seed":"wEQUA8SFx8wQPbnSTZ8MGCNVvSKnZMC0cspnui0dAos="},"senderSigningKey":{"public":"BUQVyekM+xWL7jfk/TJPBpInVs990AuBbw0SNgt5h4J5"},"senderMessageKeys":[]},{"senderKeyId":297180062,"senderChainKey":{"iteration":1262,"seed":"0rNLcpf/vqKUBrgz7odwYT+uvfQTBoTMVCm3X4q4Z3I="},"senderSigningKey":{"public":"BUQVyekM+xWL7jfk/TJPBpInVs990AuBbw0SNgt5h4J5"},"senderMessageKeys":[]},{"senderKeyId":297180062,"senderChainKey":{"iteration":1264,"seed":"KINkxaAtzw1jxUJtWrcUKM6F8c6qPhzV8Ra+p21agGc="},"senderSigningKey":{"public":"BUQVyekM+xWL7jfk/TJPBpInVs990AuBbw0SNgt5h4J5"},"senderMessageKeys":[]},{"senderKeyId":297180062,"senderChainKey":{"iteration":1293,"seed":"9WzwCdWlMzWWuh2x7+HgJAwBbP1m2P2/Uou34SOvZVw="},"senderSigningKey":{"public":"BUQVyekM+xWL7jfk/TJPBpInVs990AuBbw0SNgt5h4J5"},"senderMessageKeys":[]},{"senderKeyId":297180062,"senderChainKey":{"iteration":1296,"seed":"9aRIRBk7SlyMeLNHWnroLh4Kl6OtG6iRwRejFq0h6wU="},"senderSigningKey":{"public":"BUQVyekM+xWL7jfk/TJPBpInVs990AuBbw0SNgt5h4J5"},"senderMessageKeys":[]},{"senderKeyId":297180062,"senderChainKey":{"iteration":1297,"seed":"1ZmAYFiuQIoAZtQ+E4ho8KLrHH5FqH4fx7W2qFFMquE="},"senderSigningKey":{"public":"BUQVyekM+xWL7jfk/TJPBpInVs990AuBbw0SNgt5h4J5"},"senderMessageKeys":[]},{"senderKeyId":297180062,"senderChainKey":{"iteration":1304,"seed":"ytEe8p/yzlnRRyzPFqCNmw1rauOEzqr3PKkxRw2tUDw="},"senderSigningKey":{"public":"BUQVyekM+xWL7jfk/TJPBpInVs990AuBbw0SNgt5h4J5"},"senderMessageKeys":[]},{"senderKeyId":297180062,"senderChainKey":{"iteration":1307,"seed":"Ez2FuT/rCEaThTvsBH6+7gQ3SsEBZVuyx0lbcft/3+Q="},"senderSigningKey":{"public":"BUQVyekM+xWL7jfk/TJPBpInVs990AuBbw0SNgt5h4J5"},"senderMessageKeys":[]},{"senderKeyId":297180062,"senderChainKey":{"iteration":1411,"seed":"20QhZIuvgAKciIf4r8a9z2/+OhcCGXNF5fHNd0ZVnfg="},"senderSigningKey":{"public":"BUQVyekM+xWL7jfk/TJPBpInVs990AuBbw0SNgt5h4J5"},"senderMessageKeys":[]},{"senderKeyId":297180062,"senderChainKey":{"iteration":1414,"seed":"4xiXLIEdwyRxtKv2mpIO9WQaSWeQoyop1NJS8oXHgKQ="},"senderSigningKey":{"public":"BUQVyekM+xWL7jfk/TJPBpInVs990AuBbw0SNgt5h4J5"},"senderMessageKeys":[]},{"senderKeyId":297180062,"senderChainKey":{"iteration":1416,"seed":"AR7Vdfq5dfqSRcv2YU/vphchjorSmmqIDxwKZ9NbJEU="},"senderSigningKey":{"public":"BUQVyekM+xWL7jfk/TJPBpInVs990AuBbw0SNgt5h4J5"},"senderMessageKeys":[]},{"senderKeyId":297180062,"senderChainKey":{"iteration":1438,"seed":"pjyi/uGvLe6aRqGTuwN9s3nh/tS84YwVPTiVHVXSCdE="},"senderSigningKey":{"public":"BUQVyekM+xWL7jfk/TJPBpInVs990AuBbw0SNgt5h4J5"},"senderMessageKeys":[]},{"senderKeyId":297180062,"senderChainKey":{"iteration":1520,"seed":"5oCAiaGs3po7KYuQZ7Sfr30lvc3q+r8EzCPj4R9QI5w="},"senderSigningKey":{"public":"BUQVyekM+xWL7jfk/TJPBpInVs990AuBbw0SNgt5h4J5"},"senderMessageKeys":[]},{"senderKeyId":297180062,"senderChainKey":{"iteration":1521,"seed":"GPo6EMalaPNAbgDDwNv0Jsd2C5cVJjfWzz/TOWrRPcY="},"senderSigningKey":{"public":"BUQVyekM+xWL7jfk/TJPBpInVs990AuBbw0SNgt5h4J5"},"senderMessageKeys":[]},{"senderKeyId":297180062,"senderChainKey":{"iteration":1522,"seed":"X8KtyeJtGInzurhFbm76meGjB+erWflHuz53mw6N+xQ="},"senderSigningKey":{"public":"BUQVyekM+xWL7jfk/TJPBpInVs990AuBbw0SNgt5h4J5"},"senderMessageKeys":[]},{"senderKeyId":297180062,"senderChainKey":{"iteration":1523,"seed":"Gw2GYf8N4WWyvjFgLITixCsA+dukuaPvHho0yKPZkGo="},"senderSigningKey":{"public":"BUQVyekM+xWL7jfk/TJPBpInVs990AuBbw0SNgt5h4J5"},"senderMessageKeys":[]}]