[{"senderKeyId":586806312,"senderChainKey":{"iteration":464,"seed":"iw7S8hG3zZHjXsdVhGcCtCqDvdcsGG0Mfy4PoQLo2fw="},"senderSigningKey":{"public":"BejTHvLqwxOi4MJ/v4Q1z45ahdDeR5CoNX2Bovo6rklh"},"senderMessageKeys":[{},{},{},{},{},{},{},{},{},{},{},{},{},{},{},{},{},{},{},{},{},{},{},{},{},{},{},{},{},{},{},{},{},{},{},{},{},{},{},{},{},{},{},{},{},{},{},{},{},{},{},{},{},{},{},{},{},{},{},{},{},{},{},{},{},{},{},{},{},{},{},{},{},{},{},{},{}]},{"senderKeyId":586806312,"senderChainKey":{"iteration":80,"seed":"Pi5cfxPKwsrvFJY16J/jrRwgYAAP20z7Y5OmGQC/yo0="},"senderSigningKey":{"public":"BejTHvLqwxOi4MJ/v4Q1z45ahdDeR5CoNX2Bovo6rklh"},"senderMessageKeys":[]},{"senderKeyId":586806312,"senderChainKey":{"iteration":81,"seed":"53Lq1d7gmJcYWNTbOcZg59ENM5jKGim4qZu6H+qRHeQ="},"senderSigningKey":{"public":"BejTHvLqwxOi4MJ/v4Q1z45ahdDeR5CoNX2Bovo6rklh"},"senderMessageKeys":[]},{"senderKeyId":586806312,"senderChainKey":{"iteration":82,"seed":"vkZXfDzVoikQOiSlIMVNLdQjyI0hZrHm4k/sU7ss7yM="},"senderSigningKey":{"public":"BejTHvLqwxOi4MJ/v4Q1z45ahdDeR5CoNX2Bovo6rklh"},"senderMessageKeys":[]},{"senderKeyId":586806312,"senderChainKey":{"iteration":83,"seed":"DuHCojAz7ap/bSDfbaq88wo9lLrjQUdjR1Nm1wW2lkg="},"senderSigningKey":{"public":"BejTHvLqwxOi4MJ/v4Q1z45ahdDeR5CoNX2Bovo6rklh"},"senderMessageKeys":[]},{"senderKeyId":586806312,"senderChainKey":{"iteration":84,"seed":"zMjDDDso41TCdWIaSJaAEMDL5zU7cOxMyl3ubLNGAlE="},"senderSigningKey":{"public":"BejTHvLqwxOi4MJ/v4Q1z45ahdDeR5CoNX2Bovo6rklh"},"senderMessageKeys":[]},{"senderKeyId":586806312,"senderChainKey":{"iteration":85,"seed":"hMHFYqglLlkrzBvdmrzqvlGfqq7UwFnT5QlJLJoXrHg="},"senderSigningKey":{"public":"BejTHvLqwxOi4MJ/v4Q1z45ahdDeR5CoNX2Bovo6rklh"},"senderMessageKeys":[]},{"senderKeyId":586806312,"senderChainKey":{"iteration":86,"seed":"pEe4HXPH8tpvubxgSGVdHmGlZLDi7KjoJL8EpWlq8As="},"senderSigningKey":{"public":"BejTHvLqwxOi4MJ/v4Q1z45ahdDeR5CoNX2Bovo6rklh"},"senderMessageKeys":[]},{"senderKeyId":586806312,"senderChainKey":{"iteration":87,"seed":"b8REn9HPVebbko+fMJZ3wDWSfwVY34Ije/xAEw1gcuo="},"senderSigningKey":{"public":"BejTHvLqwxOi4MJ/v4Q1z45ahdDeR5CoNX2Bovo6rklh"},"senderMessageKeys":[]},{"senderKeyId":586806312,"senderChainKey":{"iteration":88,"seed":"kor8nmrAceuvOBmc3gB2dhaZkV2MEusMUqbFvNv83Gg="},"senderSigningKey":{"public":"BejTHvLqwxOi4MJ/v4Q1z45ahdDeR5CoNX2Bovo6rklh"},"senderMessageKeys":[]},{"senderKeyId":586806312,"senderChainKey":{"iteration":89,"seed":"yw3/cMr7xdt1nMNWSG6tborXKkjsW4hFJKaUwgFlzmU="},"senderSigningKey":{"public":"BejTHvLqwxOi4MJ/v4Q1z45ahdDeR5CoNX2Bovo6rklh"},"senderMessageKeys":[]},{"senderKeyId":586806312,"senderChainKey":{"iteration":90,"seed":"WCb+bmNb4dLVN4HvR8z+75leRHc/fbZa/gNaXUkHeMs="},"senderSigningKey":{"public":"BejTHvLqwxOi4MJ/v4Q1z45ahdDeR5CoNX2Bovo6rklh"},"senderMessageKeys":[]},{"senderKeyId":586806312,"senderChainKey":{"iteration":91,"seed":"/Otb4XtJVKHEPs27GHBL8DfNVArXG2vTs5YR4cUgCRU="},"senderSigningKey":{"public":"BejTHvLqwxOi4MJ/v4Q1z45ahdDeR5CoNX2Bovo6rklh"},"senderMessageKeys":[]},{"senderKeyId":586806312,"senderChainKey":{"iteration":92,"seed":"KrCiUXxHRT2znUj1EOl3unh8lylqXHktlCx710fPZW4="},"senderSigningKey":{"public":"BejTHvLqwxOi4MJ/v4Q1z45ahdDeR5CoNX2Bovo6rklh"},"senderMessageKeys":[]},{"senderKeyId":586806312,"senderChainKey":{"iteration":93,"seed":"QZ3JUtVLIZ3p2M137W91GycCE+EdJ7CHqWrpTZiqhII="},"senderSigningKey":{"public":"BejTHvLqwxOi4MJ/v4Q1z45ahdDeR5CoNX2Bovo6rklh"},"senderMessageKeys":[]},{"senderKeyId":586806312,"senderChainKey":{"iteration":94,"seed":"J2phsFxhhzu66dI5ZLhi/Y6oKNKoPnbzgaKkmOYFFUg="},"senderSigningKey":{"public":"BejTHvLqwxOi4MJ/v4Q1z45ahdDeR5CoNX2Bovo6rklh"},"senderMessageKeys":[]},{"senderKeyId":586806312,"senderChainKey":{"iteration":95,"seed":"SeZMHqO+JbnYf2druPkwCM4FcoLAg//YKWBYdiLlV9M="},"senderSigningKey":{"public":"BejTHvLqwxOi4MJ/v4Q1z45ahdDeR5CoNX2Bovo6rklh"},"senderMessageKeys":[]},{"senderKeyId":586806312,"senderChainKey":{"iteration":96,"seed":"UOHYB3VeYRj4T7Ub9OosXb6dgKLYzp9Wd53mQx7R98U="},"senderSigningKey":{"public":"BejTHvLqwxOi4MJ/v4Q1z45ahdDeR5CoNX2Bovo6rklh"},"senderMessageKeys":[]},{"senderKeyId":586806312,"senderChainKey":{"iteration":97,"seed":"fv0SfqgDHwB9QOoMUiQtIYRbJSjVKWZ7X4794WnxeIQ="},"senderSigningKey":{"public":"BejTHvLqwxOi4MJ/v4Q1z45ahdDeR5CoNX2Bovo6rklh"},"senderMessageKeys":[]},{"senderKeyId":586806312,"senderChainKey":{"iteration":98,"seed":"aEgYAs+n5AOlqoerAsgRdGdQ0MDfCdagm2eEKaYe5GQ="},"senderSigningKey":{"public":"BejTHvLqwxOi4MJ/v4Q1z45ahdDeR5CoNX2Bovo6rklh"},"senderMessageKeys":[]},{"senderKeyId":586806312,"senderChainKey":{"iteration":99,"seed":"O3Bg0JcAmxwlnGl1wt2UAgfazOVELezEHpMWmsGB6XE="},"senderSigningKey":{"public":"BejTHvLqwxOi4MJ/v4Q1z45ahdDeR5CoNX2Bovo6rklh"},"senderMessageKeys":[]},{"senderKeyId":586806312,"senderChainKey":{"iteration":100,"seed":"HB5ypfZwAofT0T4kPyYve4qE870KucoU/aXar2U3BuE="},"senderSigningKey":{"public":"BejTHvLqwxOi4MJ/v4Q1z45ahdDeR5CoNX2Bovo6rklh"},"senderMessageKeys":[]},{"senderKeyId":586806312,"senderChainKey":{"iteration":114,"seed":"E+NyejwSQ32Ja+GV32KRfj4YUuxX6btzbju50Sz4Tl4="},"senderSigningKey":{"public":"BejTHvLqwxOi4MJ/v4Q1z45ahdDeR5CoNX2Bovo6rklh"},"senderMessageKeys":[]},{"senderKeyId":586806312,"senderChainKey":{"iteration":119,"seed":"5tm/aTALZa0FioFxxCKtD42SzWHLsnntU3BqsjeR0i0="},"senderSigningKey":{"public":"BejTHvLqwxOi4MJ/v4Q1z45ahdDeR5CoNX2Bovo6rklh"},"senderMessageKeys":[]},{"senderKeyId":586806312,"senderChainKey":{"iteration":200,"seed":"RYBga/4HwbhIu8SFZ4AKQ22oaPf2bapgfLquCo85MPk="},"senderSigningKey":{"public":"BejTHvLqwxOi4MJ/v4Q1z45ahdDeR5CoNX2Bovo6rklh"},"senderMessageKeys":[]},{"senderKeyId":586806312,"senderChainKey":{"iteration":201,"seed":"ngLjomRWTKW5oc78GQAFdERtUktvnFz777qZOO7DPtA="},"senderSigningKey":{"public":"BejTHvLqwxOi4MJ/v4Q1z45ahdDeR5CoNX2Bovo6rklh"},"senderMessageKeys":[]},{"senderKeyId":586806312,"senderChainKey":{"iteration":202,"seed":"NFUbNiaztW5s9dTnjWBapPBozuzVcykH2wL8zq2h8c0="},"senderSigningKey":{"public":"BejTHvLqwxOi4MJ/v4Q1z45ahdDeR5CoNX2Bovo6rklh"},"senderMessageKeys":[]},{"senderKeyId":586806312,"senderChainKey":{"iteration":206,"seed":"iBUzj3mbAjwKrPkDr8mg4KWu+h323eKnFWdXnFjWqTE="},"senderSigningKey":{"public":"BejTHvLqwxOi4MJ/v4Q1z45ahdDeR5CoNX2Bovo6rklh"},"senderMessageKeys":[]},{"senderKeyId":586806312,"senderChainKey":{"iteration":207,"seed":"WGRtxDjKsvodABthatPPYthYCuIR8jjVv7K1EwBafSM="},"senderSigningKey":{"public":"BejTHvLqwxOi4MJ/v4Q1z45ahdDeR5CoNX2Bovo6rklh"},"senderMessageKeys":[]},{"senderKeyId":586806312,"senderChainKey":{"iteration":208,"seed":"+pbAlEah6CPVKD0jKVuBiRV3WhE7vdpo5YnteE8gw4Y="},"senderSigningKey":{"public":"BejTHvLqwxOi4MJ/v4Q1z45ahdDeR5CoNX2Bovo6rklh"},"senderMessageKeys":[]},{"senderKeyId":586806312,"senderChainKey":{"iteration":209,"seed":"KXovWICEAFxKqL+uR+MGNPI17IhbY/Su2rhArJ9U/m4="},"senderSigningKey":{"public":"BejTHvLqwxOi4MJ/v4Q1z45ahdDeR5CoNX2Bovo6rklh"},"senderMessageKeys":[]},{"senderKeyId":586806312,"senderChainKey":{"iteration":210,"seed":"aqJgp7l3BFPzQSpNMoavmaPQhRKxm4WGDm8S3CfBXdQ="},"senderSigningKey":{"public":"BejTHvLqwxOi4MJ/v4Q1z45ahdDeR5CoNX2Bovo6rklh"},"senderMessageKeys":[]},{"senderKeyId":586806312,"senderChainKey":{"iteration":211,"seed":"UNUow/I7qrgC/Z5bWyrvMBIx8/ayPY61LEnRdUTurkw="},"senderSigningKey":{"public":"BejTHvLqwxOi4MJ/v4Q1z45ahdDeR5CoNX2Bovo6rklh"},"senderMessageKeys":[]},{"senderKeyId":586806312,"senderChainKey":{"iteration":212,"seed":"knjSUAotnAt+hv32PfMfxWDxcXKJgmbWDB2KQTRT+vA="},"senderSigningKey":{"public":"BejTHvLqwxOi4MJ/v4Q1z45ahdDeR5CoNX2Bovo6rklh"},"senderMessageKeys":[]},{"senderKeyId":586806312,"senderChainKey":{"iteration":213,"seed":"mqZSmvXu4EaZV4xeryh3OYvgxWXw+YDK+iciGj2eeMk="},"senderSigningKey":{"public":"BejTHvLqwxOi4MJ/v4Q1z45ahdDeR5CoNX2Bovo6rklh"},"senderMessageKeys":[]},{"senderKeyId":586806312,"senderChainKey":{"iteration":272,"seed":"1KuLDU1e9AxfRxzAxJwExaaAdBOKWafuuqyBeksVfpQ="},"senderSigningKey":{"public":"BejTHvLqwxOi4MJ/v4Q1z45ahdDeR5CoNX2Bovo6rklh"},"senderMessageKeys":[]},{"senderKeyId":586806312,"senderChainKey":{"iteration":273,"seed":"fqwz55FLz7gAE+OKJsQRBVj2O9DCCUcrzxEvWLiNTlM="},"senderSigningKey":{"public":"BejTHvLqwxOi4MJ/v4Q1z45ahdDeR5CoNX2Bovo6rklh"},"senderMessageKeys":[]},{"senderKeyId":586806312,"senderChainKey":{"iteration":275,"seed":"arW+SlrG+Kl3EUUpBIBvZmTwdZzv+ye6aIyd/f3tz24="},"senderSigningKey":{"public":"BejTHvLqwxOi4MJ/v4Q1z45ahdDeR5CoNX2Bovo6rklh"},"senderMessageKeys":[]},{"senderKeyId":586806312,"senderChainKey":{"iteration":276,"seed":"MDpybA/lROXlpN41H7hLANRGiXfkqHGpIhjSf8gUGqo="},"senderSigningKey":{"public":"BejTHvLqwxOi4MJ/v4Q1z45ahdDeR5CoNX2Bovo6rklh"},"senderMessageKeys":[]},{"senderKeyId":586806312,"senderChainKey":{"iteration":277,"seed":"GKa5pQtlZxFiiXjN393VQ8I3/nsORkIp8cBPAt6K8Nc="},"senderSigningKey":{"public":"BejTHvLqwxOi4MJ/v4Q1z45ahdDeR5CoNX2Bovo6rklh"},"senderMessageKeys":[]},{"senderKeyId":586806312,"senderChainKey":{"iteration":278,"seed":"hkUc8/IoITezJ024eJIhNoww8VCbomFFATlCFD67MuY="},"senderSigningKey":{"public":"BejTHvLqwxOi4MJ/v4Q1z45ahdDeR5CoNX2Bovo6rklh"},"senderMessageKeys":[]},{"senderKeyId":586806312,"senderChainKey":{"iteration":279,"seed":"WUOo+bRek5RfSt3KmVM5jMZglkZ8VDVKaeXyTM/SJH8="},"senderSigningKey":{"public":"BejTHvLqwxOi4MJ/v4Q1z45ahdDeR5CoNX2Bovo6rklh"},"senderMessageKeys":[]},{"senderKeyId":586806312,"senderChainKey":{"iteration":280,"seed":"rL6MnM4ncAFOf/c/YC6msCv1Mu0ocn9RfmPJ+K1VzpI="},"senderSigningKey":{"public":"BejTHvLqwxOi4MJ/v4Q1z45ahdDeR5CoNX2Bovo6rklh"},"senderMessageKeys":[]},{"senderKeyId":586806312,"senderChainKey":{"iteration":271,"seed":"2fYcDUPqd8qa2XjpLp695XjAiIVRA16ZP8haYRrC7hY="},"senderSigningKey":{"public":"BejTHvLqwxOi4MJ/v4Q1z45ahdDeR5CoNX2Bovo6rklh"},"senderMessageKeys":[]},{"senderKeyId":586806312,"senderChainKey":{"iteration":272,"seed":"1KuLDU1e9AxfRxzAxJwExaaAdBOKWafuuqyBeksVfpQ="},"senderSigningKey":{"public":"BejTHvLqwxOi4MJ/v4Q1z45ahdDeR5CoNX2Bovo6rklh"},"senderMessageKeys":[]},{"senderKeyId":586806312,"senderChainKey":{"iteration":273,"seed":"fqwz55FLz7gAE+OKJsQRBVj2O9DCCUcrzxEvWLiNTlM="},"senderSigningKey":{"public":"BejTHvLqwxOi4MJ/v4Q1z45ahdDeR5CoNX2Bovo6rklh"},"senderMessageKeys":[]},{"senderKeyId":586806312,"senderChainKey":{"iteration":274,"seed":"xm8nmoB6YXHvpQWlRKw/X0cEMrNqYZdLhA5L8b9oJyg="},"senderSigningKey":{"public":"BejTHvLqwxOi4MJ/v4Q1z45ahdDeR5CoNX2Bovo6rklh"},"senderMessageKeys":[]},{"senderKeyId":586806312,"senderChainKey":{"iteration":275,"seed":"arW+SlrG+Kl3EUUpBIBvZmTwdZzv+ye6aIyd/f3tz24="},"senderSigningKey":{"public":"BejTHvLqwxOi4MJ/v4Q1z45ahdDeR5CoNX2Bovo6rklh"},"senderMessageKeys":[]},{"senderKeyId":586806312,"senderChainKey":{"iteration":276,"seed":"MDpybA/lROXlpN41H7hLANRGiXfkqHGpIhjSf8gUGqo="},"senderSigningKey":{"public":"BejTHvLqwxOi4MJ/v4Q1z45ahdDeR5CoNX2Bovo6rklh"},"senderMessageKeys":[]},{"senderKeyId":586806312,"senderChainKey":{"iteration":277,"seed":"GKa5pQtlZxFiiXjN393VQ8I3/nsORkIp8cBPAt6K8Nc="},"senderSigningKey":{"public":"BejTHvLqwxOi4MJ/v4Q1z45ahdDeR5CoNX2Bovo6rklh"},"senderMessageKeys":[]},{"senderKeyId":586806312,"senderChainKey":{"iteration":278,"seed":"hkUc8/IoITezJ024eJIhNoww8VCbomFFATlCFD67MuY="},"senderSigningKey":{"public":"BejTHvLqwxOi4MJ/v4Q1z45ahdDeR5CoNX2Bovo6rklh"},"senderMessageKeys":[]},{"senderKeyId":586806312,"senderChainKey":{"iteration":279,"seed":"WUOo+bRek5RfSt3KmVM5jMZglkZ8VDVKaeXyTM/SJH8="},"senderSigningKey":{"public":"BejTHvLqwxOi4MJ/v4Q1z45ahdDeR5CoNX2Bovo6rklh"},"senderMessageKeys":[]},{"senderKeyId":586806312,"senderChainKey":{"iteration":280,"seed":"rL6MnM4ncAFOf/c/YC6msCv1Mu0ocn9RfmPJ+K1VzpI="},"senderSigningKey":{"public":"BejTHvLqwxOi4MJ/v4Q1z45ahdDeR5CoNX2Bovo6rklh"},"senderMessageKeys":[]},{"senderKeyId":586806312,"senderChainKey":{"iteration":281,"seed":"thu3D/6NDvomcChX9E0Q2LP9QBpdJjjNbZtgv/Vo0yU="},"senderSigningKey":{"public":"BejTHvLqwxOi4MJ/v4Q1z45ahdDeR5CoNX2Bovo6rklh"},"senderMessageKeys":[]},{"senderKeyId":586806312,"senderChainKey":{"iteration":282,"seed":"wiCXbsSF26SE+RG1Pc36HJddd1eDAKxFT5VoZOg0Cr0="},"senderSigningKey":{"public":"BejTHvLqwxOi4MJ/v4Q1z45ahdDeR5CoNX2Bovo6rklh"},"senderMessageKeys":[]},{"senderKeyId":586806312,"senderChainKey":{"iteration":283,"seed":"+wOry/kniYH7u40vXjRpGOTv0qSuKcCxWJMY/UWTGuc="},"senderSigningKey":{"public":"BejTHvLqwxOi4MJ/v4Q1z45ahdDeR5CoNX2Bovo6rklh"},"senderMessageKeys":[]},{"senderKeyId":586806312,"senderChainKey":{"iteration":284,"seed":"q47CUEwa3SECxUEU5e1noGQPkJARKRWlG8dDbeP48ZE="},"senderSigningKey":{"public":"BejTHvLqwxOi4MJ/v4Q1z45ahdDeR5CoNX2Bovo6rklh"},"senderMessageKeys":[]},{"senderKeyId":586806312,"senderChainKey":{"iteration":285,"seed":"2+4fBG1WBVVwcR5uCZ5N37uZY2gau5S4mt4/innnRnI="},"senderSigningKey":{"public":"BejTHvLqwxOi4MJ/v4Q1z45ahdDeR5CoNX2Bovo6rklh"},"senderMessageKeys":[]},{"senderKeyId":586806312,"senderChainKey":{"iteration":287,"seed":"s3PxIL93YUf/dR1z/HALGp663eYrlSrAQR/KNPBRTrw="},"senderSigningKey":{"public":"BejTHvLqwxOi4MJ/v4Q1z45ahdDeR5CoNX2Bovo6rklh"},"senderMessageKeys":[]},{"senderKeyId":586806312,"senderChainKey":{"iteration":288,"seed":"FZWr4buRGrtBoQL3BOv4uOFXMHwSvfBcS+47s1WHXmw="},"senderSigningKey":{"public":"BejTHvLqwxOi4MJ/v4Q1z45ahdDeR5CoNX2Bovo6rklh"},"senderMessageKeys":[]},{"senderKeyId":586806312,"senderChainKey":{"iteration":289,"seed":"mWI4pyDFKNnjGGl7QMkQ1grpxL88K6vPB7Iq1IbkIvw="},"senderSigningKey":{"public":"BejTHvLqwxOi4MJ/v4Q1z45ahdDeR5CoNX2Bovo6rklh"},"senderMessageKeys":[]},{"senderKeyId":586806312,"senderChainKey":{"iteration":290,"seed":"vuNKO+5ctiqyILz4E6ZdMDwEDkZJ+kVkDXar7UCSn4g="},"senderSigningKey":{"public":"BejTHvLqwxOi4MJ/v4Q1z45ahdDeR5CoNX2Bovo6rklh"},"senderMessageKeys":[]},{"senderKeyId":586806312,"senderChainKey":{"iteration":291,"seed":"AKN9fQIIyF7K6v2ERLGx/kFNR2Rl3SGwTb1YcnO8vxM="},"senderSigningKey":{"public":"BejTHvLqwxOi4MJ/v4Q1z45ahdDeR5CoNX2Bovo6rklh"},"senderMessageKeys":[]},{"senderKeyId":586806312,"senderChainKey":{"iteration":293,"seed":"MIieA0usEprPLEgWiHAz/uB2p3WAGSVybU9g4LRdjIk="},"senderSigningKey":{"public":"BejTHvLqwxOi4MJ/v4Q1z45ahdDeR5CoNX2Bovo6rklh"},"senderMessageKeys":[]},{"senderKeyId":586806312,"senderChainKey":{"iteration":294,"seed":"yyunu3ugATDZ2Wh3xHp09VkQC530HeJxaIXRfMJVOTg="},"senderSigningKey":{"public":"BejTHvLqwxOi4MJ/v4Q1z45ahdDeR5CoNX2Bovo6rklh"},"senderMessageKeys":[]},{"senderKeyId":586806312,"senderChainKey":{"iteration":300,"seed":"nCpI2B1MKy1XZesA1e3TWFHelxwIAw9SQWqa5OVttaM="},"senderSigningKey":{"public":"BejTHvLqwxOi4MJ/v4Q1z45ahdDeR5CoNX2Bovo6rklh"},"senderMessageKeys":[]},{"senderKeyId":586806312,"senderChainKey":{"iteration":308,"seed":"ub5WqfGiL+dkSr0hHnfT2mJ4AvF0AyqL8EEOCWJKn9I="},"senderSigningKey":{"public":"BejTHvLqwxOi4MJ/v4Q1z45ahdDeR5CoNX2Bovo6rklh"},"senderMessageKeys":[]},{"senderKeyId":586806312,"senderChainKey":{"iteration":310,"seed":"HCrtKEfcd6GmzdIFLSdF1npq5UiivSiKLOyi/FtJCLk="},"senderSigningKey":{"public":"BejTHvLqwxOi4MJ/v4Q1z45ahdDeR5CoNX2Bovo6rklh"},"senderMessageKeys":[]},{"senderKeyId":586806312,"senderChainKey":{"iteration":323,"seed":"zqVjC4ijLrCvEvwQhATnXCnbkg1bnuSAxxg3XKv4k0U="},"senderSigningKey":{"public":"BejTHvLqwxOi4MJ/v4Q1z45ahdDeR5CoNX2Bovo6rklh"},"senderMessageKeys":[]},{"senderKeyId":586806312,"senderChainKey":{"iteration":336,"seed":"j2OXhc5GIT9+FvXevKeUrE0HoTo7KeB28AaQ247aqro="},"senderSigningKey":{"public":"BejTHvLqwxOi4MJ/v4Q1z45ahdDeR5CoNX2Bovo6rklh"},"senderMessageKeys":[]},{"senderKeyId":586806312,"senderChainKey":{"iteration":359,"seed":"Lw54hH3AvExfh3WK7yYNwig3FRQd6rQc8lLQJc9luSI="},"senderSigningKey":{"public":"BejTHvLqwxOi4MJ/v4Q1z45ahdDeR5CoNX2Bovo6rklh"},"senderMessageKeys":[]},{"senderKeyId":586806312,"senderChainKey":{"iteration":363,"seed":"ab90fga0PDZ8UPha4zFEYFT7l2oORdJLgBnyAmhq8lU="},"senderSigningKey":{"public":"BejTHvLqwxOi4MJ/v4Q1z45ahdDeR5CoNX2Bovo6rklh"},"senderMessageKeys":[]},{"senderKeyId":586806312,"senderChainKey":{"iteration":385,"seed":"zxvpp6H5fFhLBtnaouxNMrj3OQSF5bHPK02rBNlnVVo="},"senderSigningKey":{"public":"BejTHvLqwxOi4MJ/v4Q1z45ahdDeR5CoNX2Bovo6rklh"},"senderMessageKeys":[]},{"senderKeyId":586806312,"senderChainKey":{"iteration":390,"seed":"yWiM4CJLD/kqJNH+7NwN3Y5NYSU+fAkWlJRa9kCiujA="},"senderSigningKey":{"public":"BejTHvLqwxOi4MJ/v4Q1z45ahdDeR5CoNX2Bovo6rklh"},"senderMessageKeys":[]},{"senderKeyId":586806312,"senderChainKey":{"iteration":379,"seed":"z80cXdZj0L27hsseP+yo8aFHJ/0/fuoWnbZvaS/R+ag="},"senderSigningKey":{"public":"BejTHvLqwxOi4MJ/v4Q1z45ahdDeR5CoNX2Bovo6rklh"},"senderMessageKeys":[]},{"senderKeyId":586806312,"senderChainKey":{"iteration":381,"seed":"h/lIFCVYlVwMT222QsaFvhjCDHln9eRi46fpl1XRopY="},"senderSigningKey":{"public":"BejTHvLqwxOi4MJ/v4Q1z45ahdDeR5CoNX2Bovo6rklh"},"senderMessageKeys":[]},{"senderKeyId":586806312,"senderChainKey":{"iteration":383,"seed":"jF94pLXyFnHMYdhjruyC7V94zuPJM22BY6WHvqAOszI="},"senderSigningKey":{"public":"BejTHvLqwxOi4MJ/v4Q1z45ahdDeR5CoNX2Bovo6rklh"},"senderMessageKeys":[]},{"senderKeyId":586806312,"senderChainKey":{"iteration":386,"seed":"Bk6XNBKMhb6NAUT6b9TLILB15NOgu7OTLO2JncqLRRw="},"senderSigningKey":{"public":"BejTHvLqwxOi4MJ/v4Q1z45ahdDeR5CoNX2Bovo6rklh"},"senderMessageKeys":[]},{"senderKeyId":586806312,"senderChainKey":{"iteration":390,"seed":"yWiM4CJLD/kqJNH+7NwN3Y5NYSU+fAkWlJRa9kCiujA="},"senderSigningKey":{"public":"BejTHvLqwxOi4MJ/v4Q1z45ahdDeR5CoNX2Bovo6rklh"},"senderMessageKeys":[]},{"senderKeyId":586806312,"senderChainKey":{"iteration":392,"seed":"R3O3lQBlk9ytF7/3PTL7yH3qhC6SC1j9nL/IUTLZ238="},"senderSigningKey":{"public":"BejTHvLqwxOi4MJ/v4Q1z45ahdDeR5CoNX2Bovo6rklh"},"senderMessageKeys":[]},{"senderKeyId":586806312,"senderChainKey":{"iteration":395,"seed":"XJalO2xKlH2YabrG9i8JVtJ5j1pXpxt20680NlH0IYU="},"senderSigningKey":{"public":"BejTHvLqwxOi4MJ/v4Q1z45ahdDeR5CoNX2Bovo6rklh"},"senderMessageKeys":[]},{"senderKeyId":586806312,"senderChainKey":{"iteration":399,"seed":"IbCYSrR5AwLZnceHjw723k/7MjUJ9E3cVsNq4idFRDY="},"senderSigningKey":{"public":"BejTHvLqwxOi4MJ/v4Q1z45ahdDeR5CoNX2Bovo6rklh"},"senderMessageKeys":[]},{"senderKeyId":586806312,"senderChainKey":{"iteration":401,"seed":"k1H3KZFyKFnlBYXYKMTEdUme00/FdJklgGmkdtjBAEY="},"senderSigningKey":{"public":"BejTHvLqwxOi4MJ/v4Q1z45ahdDeR5CoNX2Bovo6rklh"},"senderMessageKeys":[]},{"senderKeyId":586806312,"senderChainKey":{"iteration":395,"seed":"XJalO2xKlH2YabrG9i8JVtJ5j1pXpxt20680NlH0IYU="},"senderSigningKey":{"public":"BejTHvLqwxOi4MJ/v4Q1z45ahdDeR5CoNX2Bovo6rklh"},"senderMessageKeys":[]},{"senderKeyId":586806312,"senderChainKey":{"iteration":398,"seed":"uv+2HtlzvEqFCfBA9n/P8ku5me849wOpN/5qZRNXW8k="},"senderSigningKey":{"public":"BejTHvLqwxOi4MJ/v4Q1z45ahdDeR5CoNX2Bovo6rklh"},"senderMessageKeys":[]},{"senderKeyId":586806312,"senderChainKey":{"iteration":401,"seed":"k1H3KZFyKFnlBYXYKMTEdUme00/FdJklgGmkdtjBAEY="},"senderSigningKey":{"public":"BejTHvLqwxOi4MJ/v4Q1z45ahdDeR5CoNX2Bovo6rklh"},"senderMessageKeys":[]},{"senderKeyId":586806312,"senderChainKey":{"iteration":404,"seed":"mboXuXtc37GQ1MxUDvK66lqCtBctU3lVBswOqDRc/XU="},"senderSigningKey":{"public":"BejTHvLqwxOi4MJ/v4Q1z45ahdDeR5CoNX2Bovo6rklh"},"senderMessageKeys":[]},{"senderKeyId":586806312,"senderChainKey":{"iteration":408,"seed":"dm6mVL679HRyQEtEK1wYz1VZ4eWRLb5V9PgBWk78eUE="},"senderSigningKey":{"public":"BejTHvLqwxOi4MJ/v4Q1z45ahdDeR5CoNX2Bovo6rklh"},"senderMessageKeys":[]},{"senderKeyId":586806312,"senderChainKey":{"iteration":412,"seed":"oh3m9kGUffmLG4AAFg+1gxz6sB+S5Ll4TpZrzutWS+0="},"senderSigningKey":{"public":"BejTHvLqwxOi4MJ/v4Q1z45ahdDeR5CoNX2Bovo6rklh"},"senderMessageKeys":[]},{"senderKeyId":586806312,"senderChainKey":{"iteration":414,"seed":"WC5tlHDbm4OUxVtJvN116dh+p5mddoCfyAPj2PKDYcs="},"senderSigningKey":{"public":"BejTHvLqwxOi4MJ/v4Q1z45ahdDeR5CoNX2Bovo6rklh"},"senderMessageKeys":[]},{"senderKeyId":586806312,"senderChainKey":{"iteration":422,"seed":"4VYSqdKlBHBRTVO5lwNWQdjBb4voDpM8OAITiqaZ9jM="},"senderSigningKey":{"public":"BejTHvLqwxOi4MJ/v4Q1z45ahdDeR5CoNX2Bovo6rklh"},"senderMessageKeys":[]},{"senderKeyId":586806312,"senderChainKey":{"iteration":429,"seed":"taqVAaJsWvf22CHDN67RAPZqd1fBNpDPYqFb83MbITs="},"senderSigningKey":{"public":"BejTHvLqwxOi4MJ/v4Q1z45ahdDeR5CoNX2Bovo6rklh"},"senderMessageKeys":[]},{"senderKeyId":586806312,"senderChainKey":{"iteration":448,"seed":"w2CbTg3me/3pd1QssOzyOctJyHUYNhqQpQUJYgaBfPI="},"senderSigningKey":{"public":"BejTHvLqwxOi4MJ/v4Q1z45ahdDeR5CoNX2Bovo6rklh"},"senderMessageKeys":[]},{"senderKeyId":586806312,"senderChainKey":{"iteration":453,"seed":"j+7kprOu9eJ+93cqLHa4yOjCTVw+76hGzJeeqcEadaI="},"senderSigningKey":{"public":"BejTHvLqwxOi4MJ/v4Q1z45ahdDeR5CoNX2Bovo6rklh"},"senderMessageKeys":[]},{"senderKeyId":586806312,"senderChainKey":{"iteration":455,"seed":"1PiHgrmT4uQsvOS06Q+q4XnWFCuX1S/woOtA0i5eqiA="},"senderSigningKey":{"public":"BejTHvLqwxOi4MJ/v4Q1z45ahdDeR5CoNX2Bovo6rklh"},"senderMessageKeys":[]},{"senderKeyId":586806312,"senderChainKey":{"iteration":459,"seed":"1SuE5zu+kYjOFsn4LwrAKAeDsKOq2EoVhKHPYrjLGvk="},"senderSigningKey":{"public":"BejTHvLqwxOi4MJ/v4Q1z45ahdDeR5CoNX2Bovo6rklh"},"senderMessageKeys":[]},{"senderKeyId":586806312,"senderChainKey":{"iteration":377,"seed":"Ir0J5R0Hjz3JqxIh0YJI4TXXA8JNuDaJ65dSfOAj6KQ="},"senderSigningKey":{"public":"BejTHvLqwxOi4MJ/v4Q1z45ahdDeR5CoNX2Bovo6rklh"},"senderMessageKeys":[]},{"senderKeyId":586806312,"senderChainKey":{"iteration":383,"seed":"jF94pLXyFnHMYdhjruyC7V94zuPJM22BY6WHvqAOszI="},"senderSigningKey":{"public":"BejTHvLqwxOi4MJ/v4Q1z45ahdDeR5CoNX2Bovo6rklh"},"senderMessageKeys":[]},{"senderKeyId":586806312,"senderChainKey":{"iteration":387,"seed":"RJPgyT0FWa+CXah8eAeDuudTL8FG7crPerFdDb1PWrw="},"senderSigningKey":{"public":"BejTHvLqwxOi4MJ/v4Q1z45ahdDeR5CoNX2Bovo6rklh"},"senderMessageKeys":[]},{"senderKeyId":586806312,"senderChainKey":{"iteration":462,"seed":"algPP8GKIi+53Jfr74lrnXtLFmFcIWCYb0QL3Iao1ow="},"senderSigningKey":{"public":"BejTHvLqwxOi4MJ/v4Q1z45ahdDeR5CoNX2Bovo6rklh"},"senderMessageKeys":[]}]