[{"senderKeyId":10774139,"senderChainKey":{"iteration":1,"seed":"b0P2AHqm+H1R4Tdhdr4hUouMZBf6s5MJFx547dvfQyA="},"senderSigningKey":{"public":"BSIcK+ruDO5iZ9ggKuIudkALdK+YHfiB43atN8S+hBgm"},"senderMessageKeys":[]},{"senderKeyId":645925222,"senderChainKey":{"iteration":3,"seed":"uw+cdVot/MDJpaNr5lj1Z8jYpLH02PCAxgzQ3RVUDEE="},"senderSigningKey":{"public":"BYB1mAXhwrmsIVgrlKRPiCfbmIPmhQbjjjx/tlWJ/Jxb"},"senderMessageKeys":[]},{"senderKeyId":1287059779,"senderChainKey":{"iteration":2,"seed":"Op6saiRTIv8wSQzsGwWLqLjxghTuZwDlGwKK3CcPsdM="},"senderSigningKey":{"public":"BWRBKw3xfuDZb/N39Yf4df+hVhU/SDRaHK9ixerziQsR"},"senderMessageKeys":[]},{"senderKeyId":1287059779,"senderChainKey":{"iteration":1,"seed":"jQWA3lJtAaldYGosyUtc44ZvFP5GozXeMUvumRE6s9E="},"senderSigningKey":{"public":"BWRBKw3xfuDZb/N39Yf4df+hVhU/SDRaHK9ixerziQsR"},"senderMessageKeys":[]},{"senderKeyId":662488910,"senderChainKey":{"iteration":1,"seed":"XyQy/3aWmSo0QEJASPnZHHlkZ+sWgY2r7L3xFPdf7uI="},"senderSigningKey":{"public":"BRHXaZySffnG0Xq22EkbOp3LavTmPp4l5WFNGTU//g0z"},"senderMessageKeys":[]}]