[{"senderKeyId":238989122,"senderChainKey":{"iteration":4,"seed":"b1IixOKN604jnhAgJpsKPQriYwuSABlCE+d8o7UT6Xg="},"senderSigningKey":{"public":"BcYtC/4lnjYKbfZlTeKrZ8TfrBAo5zkA/OXJQ9sMBy1w"},"senderMessageKeys":[]},{"senderKeyId":1465591652,"senderChainKey":{"iteration":19,"seed":"4UQ+U8hWJoSLJNtcuWnyy8oQOxR5lG9SvSW5rmMd7Lg="},"senderSigningKey":{"public":"BXO/a8lAb/0bBa8PqfcIJbzpcLqreVzJZueghyQyVAwv"},"senderMessageKeys":[]},{"senderKeyId":1679854047,"senderChainKey":{"iteration":15,"seed":"X25V1cQUtwlRvqLcaY/ODruONgwiHak/dTnnf+8yjAM="},"senderSigningKey":{"public":"BXi4OGY4c1YUXt1od7vIeMIHNHmpVzy8fV+lQZxnXTFZ"},"senderMessageKeys":[]}]