[{"senderKeyId":1825865530,"senderChainKey":{"iteration":6,"seed":"bZoDhoNQ1w7O54P/PxoXfqqffFqb4rLVUPGUYdboL3Q="},"senderSigningKey":{"public":"BcTrBAV5r7xz3aBDRyDwlybwjumzhebgpo/Qupj8VIVt"},"senderMessageKeys":[]},{"senderKeyId":2143217330,"senderChainKey":{"iteration":52,"seed":"nXNrOBj2iscHRmffmC2pd638yZkdUEvdEU1p+1jQHjE="},"senderSigningKey":{"public":"BRxcr+L1ytvc9AFyhPW+5c5Koe+z16N2j8XkgsDkm2M6"},"senderMessageKeys":[]},{"senderKeyId":1294831889,"senderChainKey":{"iteration":68,"seed":"+8HTv4BdrHotnCSVZxAp5ePp1xHGtT4fJ0nqDDHzvic="},"senderSigningKey":{"public":"BUUlV4+lhvEWwMg8LQXoeUAZRmBMODv/pvM1P200oM17"},"senderMessageKeys":[]},{"senderKeyId":1877913614,"senderChainKey":{"iteration":24,"seed":"I/zwQy8NCm8jchxwh+BqnxdLGLmtW1Mqne8C0bKGBQg="},"senderSigningKey":{"public":"BS8OI6iJRpPRE/vFXLd2YiHAu2zN1lju/8rkjZmkQX8c"},"senderMessageKeys":[]},{"senderKeyId":511581763,"senderChainKey":{"iteration":7,"seed":"2QXzpssXeufTUBkq8fOb9smsdbTNdDxj9Xr3iSQmHNo="},"senderSigningKey":{"public":"BXmoLdxs8AKgPRyqPQNHx/pee4xD/vxU+CZ2gBJXewVd"},"senderMessageKeys":[]},{"senderKeyId":93752298,"senderChainKey":{"iteration":92,"seed":"FQwYGcUgAzI2IZ3WIj0GGVGF5dacVfYes0Oy8OzP+Po="},"senderSigningKey":{"public":"BSeHjT9mgwIQGUHCdnMfPfiG5MwW6AQYaGgQZccYOdM6"},"senderMessageKeys":[{}]},{"senderKeyId":1250533154,"senderChainKey":{"iteration":2,"seed":"E3v9F9JERqsxU4AMo76JD2m9ovC2nLTDSodyxOQwdsU="},"senderSigningKey":{"public":"BXkg1I9bgTboxWUyj4V2mGgFoIczHcrVrTKM1zFiK8hB"},"senderMessageKeys":[]}]