[{"senderKeyId":186524962,"senderChainKey":{"iteration":15,"seed":"MQj7WXSsle3VBdFJEt+L4ybTeOpi8r/j5Q/QiHgot3g="},"senderSigningKey":{"public":"Bfc8zASbnQyu2uMXP7wUHBYdG4S8y6BNaHs3tZy3+ohW"},"senderMessageKeys":[]},{"senderKeyId":288960663,"senderChainKey":{"iteration":1,"seed":"B8aJPICXJvl5plZNRmSWm+vstqRT5R2wPg45ANAUFFE="},"senderSigningKey":{"public":"BVq51HRJRVIwY5UGYHggHZHWd9C71pWP06nm+HTPzv4U"},"senderMessageKeys":[]},{"senderKeyId":922180629,"senderChainKey":{"iteration":1,"seed":"PJ8+naKekOcEFDUIu7/7+//yN4VvjCZ73PCL5wk0iV4="},"senderSigningKey":{"public":"BTFeNFd9gYqWwfjvYvUcBepu5EW3GHen0TJB7rM/kQl6"},"senderMessageKeys":[]},{"senderKeyId":1951607647,"senderChainKey":{"iteration":18,"seed":"7NXYMrD+LpvW4eSiZf9pC7gydUNli9BFv2f+jX2aFxg="},"senderSigningKey":{"public":"BUNPneYKn/haHvw4ha/tSnseQA4exc9axGPCKLj1nMRI"},"senderMessageKeys":[]},{"senderKeyId":1951607647,"senderChainKey":{"iteration":4,"seed":"i0FYynPIWb7ADMUJ361kZoNqxA8n7j332MaVvmjWTCE="},"senderSigningKey":{"public":"BUNPneYKn/haHvw4ha/tSnseQA4exc9axGPCKLj1nMRI"},"senderMessageKeys":[]},{"senderKeyId":1237369489,"senderChainKey":{"iteration":1,"seed":"quYKvE1BKu6EjEW8XT3tzrCoLd9bJuJ4QEWL3ScJcmg="},"senderSigningKey":{"public":"BYCfHL7/StHZot+d2EFpWf14RtfuQG30TUC8i0uWEN8P"},"senderMessageKeys":[]},{"senderKeyId":1547924743,"senderChainKey":{"iteration":5,"seed":"XmElRuN0CmC9rGRTamIHzF6RBOQEdQ2d9ix93TIZ79w="},"senderSigningKey":{"public":"BRM5+Cv3Bwu2PXneKLiad/Q/Kq43V6BWyhF5OxWQQeFP"},"senderMessageKeys":[]}]