[{"senderKeyId":1320469591,"senderChainKey":{"iteration":4,"seed":"Omya9fxwa9X491wCRT0fIHjoPa7HucEip6m4++D1X2M="},"senderSigningKey":{"public":"BXxe8jgYT9PDeNx/G5v4+88N/ZFTCmKkgEjvVNLbHrsR"},"senderMessageKeys":[]},{"senderKeyId":1320469591,"senderChainKey":{"iteration":1,"seed":"Sy9l/BySiuqvlecssWahlBjxGrnq7tkUdrO0jzq+wEs="},"senderSigningKey":{"public":"BXxe8jgYT9PDeNx/G5v4+88N/ZFTCmKkgEjvVNLbHrsR"},"senderMessageKeys":[]},{"senderKeyId":180246301,"senderChainKey":{"iteration":8,"seed":"PMZVy91u8aAsdtfH10uOl8vIqJixjsivw4JIpFWDSlQ="},"senderSigningKey":{"public":"BY3bL/G1/n1ktk+qHAm0pDcebeG9llzLiXggIDs7avxd"},"senderMessageKeys":[]},{"senderKeyId":1776595229,"senderChainKey":{"iteration":2,"seed":"H7aRPlwdAFg8aP+84zH5kusTj4GXJvpibuhvS167ZbM="},"senderSigningKey":{"public":"BY9epTKHJg/FSFa5IZMWwfOXRgGh7Mr9dRD/1Kb9HkIY"},"senderMessageKeys":[]}]