[{"senderKeyId":218256512,"senderChainKey":{"iteration":104,"seed":"jY6F4Jzzxxb6TFs9B26wo03QrisWoqDi0mUZp3qx3AI="},"senderSigningKey":{"public":"BVjRkJTVuKPqYEoVimvnsIoBRHVxFwv8pKMg4ckyB+A+"},"senderMessageKeys":[{},{},{},{},{},{},{}]},{"senderKeyId":218256512,"senderChainKey":{"iteration":1,"seed":"Za0wjlZCmgAK2cwACmUaBIf9ef86t6sXW1BTisZytNU="},"senderSigningKey":{"public":"BVjRkJTVuKPqYEoVimvnsIoBRHVxFwv8pKMg4ckyB+A+"},"senderMessageKeys":[]},{"senderKeyId":218256512,"senderChainKey":{"iteration":3,"seed":"Nhp/Ncc6oZVPC9kUddocZlJ4FyYve7gcdsvCVpKQyVg="},"senderSigningKey":{"public":"BVjRkJTVuKPqYEoVimvnsIoBRHVxFwv8pKMg4ckyB+A+"},"senderMessageKeys":[]},{"senderKeyId":218256512,"senderChainKey":{"iteration":4,"seed":"xgCmYYcQkDf4JZPs1DX2Mez5o/xLnZpynxnZe0BBElc="},"senderSigningKey":{"public":"BVjRkJTVuKPqYEoVimvnsIoBRHVxFwv8pKMg4ckyB+A+"},"senderMessageKeys":[]},{"senderKeyId":218256512,"senderChainKey":{"iteration":5,"seed":"xDHqa3lYpbVRB9AEpOcvDge3MCZVH1CH4ZZuY7NLFWc="},"senderSigningKey":{"public":"BVjRkJTVuKPqYEoVimvnsIoBRHVxFwv8pKMg4ckyB+A+"},"senderMessageKeys":[]},{"senderKeyId":218256512,"senderChainKey":{"iteration":6,"seed":"fK6Wh1cQ6gW2xOLglQN2cTLOkPvODoGU0wU3Qb1whN8="},"senderSigningKey":{"public":"BVjRkJTVuKPqYEoVimvnsIoBRHVxFwv8pKMg4ckyB+A+"},"senderMessageKeys":[]},{"senderKeyId":218256512,"senderChainKey":{"iteration":14,"seed":"DqTM3oHvpaR/L2J3NxFReCLPtDzc7Oh7WB8pI2Qi7xs="},"senderSigningKey":{"public":"BVjRkJTVuKPqYEoVimvnsIoBRHVxFwv8pKMg4ckyB+A+"},"senderMessageKeys":[]},{"senderKeyId":218256512,"senderChainKey":{"iteration":15,"seed":"Bo4/4FrCUG8YPBPuOCjHS93N4hMoTWvi/lY/J8kNUAY="},"senderSigningKey":{"public":"BVjRkJTVuKPqYEoVimvnsIoBRHVxFwv8pKMg4ckyB+A+"},"senderMessageKeys":[]},{"senderKeyId":218256512,"senderChainKey":{"iteration":16,"seed":"l+8dWnEKuPXHV6zIe5QnFzoyWw7rvA8xYLgFimVmzTk="},"senderSigningKey":{"public":"BVjRkJTVuKPqYEoVimvnsIoBRHVxFwv8pKMg4ckyB+A+"},"senderMessageKeys":[]},{"senderKeyId":218256512,"senderChainKey":{"iteration":17,"seed":"tPSdrSwaD9kYBPW6wAcqpRqdSBSdphXNnXEEj3FLKqw="},"senderSigningKey":{"public":"BVjRkJTVuKPqYEoVimvnsIoBRHVxFwv8pKMg4ckyB+A+"},"senderMessageKeys":[]},{"senderKeyId":218256512,"senderChainKey":{"iteration":19,"seed":"IqDCeO/ERsr1umSxDe4ATkPtKYD9edo8EISo7zg1OoI="},"senderSigningKey":{"public":"BVjRkJTVuKPqYEoVimvnsIoBRHVxFwv8pKMg4ckyB+A+"},"senderMessageKeys":[]},{"senderKeyId":218256512,"senderChainKey":{"iteration":20,"seed":"Y+y3pe+kQmYsaexM75b1g3YX+UK19bubTfSzyBKWr1g="},"senderSigningKey":{"public":"BVjRkJTVuKPqYEoVimvnsIoBRHVxFwv8pKMg4ckyB+A+"},"senderMessageKeys":[]},{"senderKeyId":218256512,"senderChainKey":{"iteration":21,"seed":"8o7i+Z7KIlyjriM+kAyRVDgTg9J9S9X8+xtLJEFAHJc="},"senderSigningKey":{"public":"BVjRkJTVuKPqYEoVimvnsIoBRHVxFwv8pKMg4ckyB+A+"},"senderMessageKeys":[]},{"senderKeyId":218256512,"senderChainKey":{"iteration":22,"seed":"4Wl6uLgW0zbRrvZfmu3eMSJ336nAJOuAd8gSrZE6GbY="},"senderSigningKey":{"public":"BVjRkJTVuKPqYEoVimvnsIoBRHVxFwv8pKMg4ckyB+A+"},"senderMessageKeys":[]},{"senderKeyId":218256512,"senderChainKey":{"iteration":23,"seed":"IPTLskIgOW1Z7F2txNUe+O2H2BOq0FHmOuOMUQW4jBw="},"senderSigningKey":{"public":"BVjRkJTVuKPqYEoVimvnsIoBRHVxFwv8pKMg4ckyB+A+"},"senderMessageKeys":[]},{"senderKeyId":218256512,"senderChainKey":{"iteration":24,"seed":"S5gGsqvOLU/tznQzL/ikIZVIWRV/6cFDs1tAMlRZvx4="},"senderSigningKey":{"public":"BVjRkJTVuKPqYEoVimvnsIoBRHVxFwv8pKMg4ckyB+A+"},"senderMessageKeys":[]},{"senderKeyId":218256512,"senderChainKey":{"iteration":25,"seed":"BgudlRi/47qVa4PzkpUqWQYfBI7G6Gfjrl4M8mgsYLA="},"senderSigningKey":{"public":"BVjRkJTVuKPqYEoVimvnsIoBRHVxFwv8pKMg4ckyB+A+"},"senderMessageKeys":[]},{"senderKeyId":218256512,"senderChainKey":{"iteration":34,"seed":"TcGRzgECzX3nvH7O5a0kog7vOmdsDDsZIMFsf3yPRFM="},"senderSigningKey":{"public":"BVjRkJTVuKPqYEoVimvnsIoBRHVxFwv8pKMg4ckyB+A+"},"senderMessageKeys":[]},{"senderKeyId":218256512,"senderChainKey":{"iteration":37,"seed":"IVH8SUpfLpEFu9FY6XfZQTjOy1mQusjNZrJiOkCkgvE="},"senderSigningKey":{"public":"BVjRkJTVuKPqYEoVimvnsIoBRHVxFwv8pKMg4ckyB+A+"},"senderMessageKeys":[]},{"senderKeyId":218256512,"senderChainKey":{"iteration":41,"seed":"eY9wr3fPA83FdhjFDWbNv3RUyT5Ta06Il4B0SD2EG38="},"senderSigningKey":{"public":"BVjRkJTVuKPqYEoVimvnsIoBRHVxFwv8pKMg4ckyB+A+"},"senderMessageKeys":[]},{"senderKeyId":218256512,"senderChainKey":{"iteration":45,"seed":"N+ZJtYn3Y5W2LESxpI/YGoyay+T6ZQIXOb74Ph2oxJs="},"senderSigningKey":{"public":"BVjRkJTVuKPqYEoVimvnsIoBRHVxFwv8pKMg4ckyB+A+"},"senderMessageKeys":[]},{"senderKeyId":218256512,"senderChainKey":{"iteration":50,"seed":"6wDi2Ok2EdePzk5PBPZmzBsGmDOOAAlvi+7CtYCI7No="},"senderSigningKey":{"public":"BVjRkJTVuKPqYEoVimvnsIoBRHVxFwv8pKMg4ckyB+A+"},"senderMessageKeys":[]},{"senderKeyId":218256512,"senderChainKey":{"iteration":51,"seed":"NcllEvhWqn3RgUBKclk2se+oQCTbGoWBuI7vqnLdXLc="},"senderSigningKey":{"public":"BVjRkJTVuKPqYEoVimvnsIoBRHVxFwv8pKMg4ckyB+A+"},"senderMessageKeys":[]},{"senderKeyId":218256512,"senderChainKey":{"iteration":71,"seed":"NJYLwd0koHr+bIpI0hzOwTtsGn3H/9ZzdoEAVaDuK1o="},"senderSigningKey":{"public":"BVjRkJTVuKPqYEoVimvnsIoBRHVxFwv8pKMg4ckyB+A+"},"senderMessageKeys":[]},{"senderKeyId":218256512,"senderChainKey":{"iteration":73,"seed":"YztZAmYZfcrERrFm2fjJG8nbVzoXkA/fNBH978Qum+0="},"senderSigningKey":{"public":"BVjRkJTVuKPqYEoVimvnsIoBRHVxFwv8pKMg4ckyB+A+"},"senderMessageKeys":[]},{"senderKeyId":218256512,"senderChainKey":{"iteration":74,"seed":"5oy4j4wEwkLvSn+0j+mUAIjJz4yf+5yA8Fv4eVd0phw="},"senderSigningKey":{"public":"BVjRkJTVuKPqYEoVimvnsIoBRHVxFwv8pKMg4ckyB+A+"},"senderMessageKeys":[]},{"senderKeyId":218256512,"senderChainKey":{"iteration":76,"seed":"inDrF6Nbipo8RcvWU4kZ6RymBXaaP0H+a5zmXsqdENY="},"senderSigningKey":{"public":"BVjRkJTVuKPqYEoVimvnsIoBRHVxFwv8pKMg4ckyB+A+"},"senderMessageKeys":[]},{"senderKeyId":218256512,"senderChainKey":{"iteration":81,"seed":"RdkCX0+y/2mVJ4KPxXMNck0qTut+SWUle8LoXiRO3O0="},"senderSigningKey":{"public":"BVjRkJTVuKPqYEoVimvnsIoBRHVxFwv8pKMg4ckyB+A+"},"senderMessageKeys":[]},{"senderKeyId":218256512,"senderChainKey":{"iteration":84,"seed":"yqWIBbjoVqKE65UNClyRJ9EFayhzEjGrWcDd4B7ZLgI="},"senderSigningKey":{"public":"BVjRkJTVuKPqYEoVimvnsIoBRHVxFwv8pKMg4ckyB+A+"},"senderMessageKeys":[]}]