[{"senderKeyId":326806286,"senderChainKey":{"iteration":46,"seed":"KMCXma+kA+KFVn4xNsyBpcJtx5/nPjXnVmZgjzMgOVo="},"senderSigningKey":{"public":"BW/UWsjnWvdjSR3BxN9/PT1bvWkRWyZXsVbcJ1vmPJlx"},"senderMessageKeys":[{},{},{},{},{},{}]},{"senderKeyId":326806286,"senderChainKey":{"iteration":10,"seed":"ZlPQfrj4FnCeXoV1Oo3VpAPCFehK1/y8dXho50n6Okw="},"senderSigningKey":{"public":"BW/UWsjnWvdjSR3BxN9/PT1bvWkRWyZXsVbcJ1vmPJlx"},"senderMessageKeys":[]},{"senderKeyId":326806286,"senderChainKey":{"iteration":11,"seed":"Hz33zv1076OozfM4lOr579DvyK2Yn2Sg4N8wZkugu7o="},"senderSigningKey":{"public":"BW/UWsjnWvdjSR3BxN9/PT1bvWkRWyZXsVbcJ1vmPJlx"},"senderMessageKeys":[]},{"senderKeyId":326806286,"senderChainKey":{"iteration":12,"seed":"6VLwqPAEWxFcEyv7zCFgXbDWvs/CMm4aUg0Gb2HB80E="},"senderSigningKey":{"public":"BW/UWsjnWvdjSR3BxN9/PT1bvWkRWyZXsVbcJ1vmPJlx"},"senderMessageKeys":[]},{"senderKeyId":326806286,"senderChainKey":{"iteration":13,"seed":"gybFdZv8Wepb0OpaPAGDYatDhG1XKje4JVnwC43eFDI="},"senderSigningKey":{"public":"BW/UWsjnWvdjSR3BxN9/PT1bvWkRWyZXsVbcJ1vmPJlx"},"senderMessageKeys":[]},{"senderKeyId":326806286,"senderChainKey":{"iteration":14,"seed":"JSLN7iDe/BmRNrmWFwdpZVxkPTxNu4L1CVDx6L6LB5U="},"senderSigningKey":{"public":"BW/UWsjnWvdjSR3BxN9/PT1bvWkRWyZXsVbcJ1vmPJlx"},"senderMessageKeys":[]},{"senderKeyId":326806286,"senderChainKey":{"iteration":20,"seed":"PS3R0kxNF1Iz9iCpdouwAqhKN37hjk9U8KCC8F9Jcwg="},"senderSigningKey":{"public":"BW/UWsjnWvdjSR3BxN9/PT1bvWkRWyZXsVbcJ1vmPJlx"},"senderMessageKeys":[]},{"senderKeyId":326806286,"senderChainKey":{"iteration":21,"seed":"9HkEPFSZF2oaJwnhpT+X6Iy0UTcEt8gbzTuwUV5FsGs="},"senderSigningKey":{"public":"BW/UWsjnWvdjSR3BxN9/PT1bvWkRWyZXsVbcJ1vmPJlx"},"senderMessageKeys":[]},{"senderKeyId":326806286,"senderChainKey":{"iteration":23,"seed":"n/P7mcfnUvGiK3WvVj17ueADyy55Vgzc7CAdI52a2RM="},"senderSigningKey":{"public":"BW/UWsjnWvdjSR3BxN9/PT1bvWkRWyZXsVbcJ1vmPJlx"},"senderMessageKeys":[]},{"senderKeyId":326806286,"senderChainKey":{"iteration":24,"seed":"QebUUu8nNtETMbHrWtXqslwEvx05QBMZJO8d0pETvto="},"senderSigningKey":{"public":"BW/UWsjnWvdjSR3BxN9/PT1bvWkRWyZXsVbcJ1vmPJlx"},"senderMessageKeys":[]},{"senderKeyId":326806286,"senderChainKey":{"iteration":25,"seed":"SqGS+hw+NkvAOFa/mA1kMwYt4Ht9DBU9SvASf+AK2n4="},"senderSigningKey":{"public":"BW/UWsjnWvdjSR3BxN9/PT1bvWkRWyZXsVbcJ1vmPJlx"},"senderMessageKeys":[]},{"senderKeyId":326806286,"senderChainKey":{"iteration":26,"seed":"V19C7wE++aGOq7HQwKstWitOmVCqcHI90p0wx6gntzI="},"senderSigningKey":{"public":"BW/UWsjnWvdjSR3BxN9/PT1bvWkRWyZXsVbcJ1vmPJlx"},"senderMessageKeys":[]},{"senderKeyId":326806286,"senderChainKey":{"iteration":27,"seed":"rG86HgPgucyfWAn/t2TQhRJDvLq4rB8VpvIEQAFA/Fk="},"senderSigningKey":{"public":"BW/UWsjnWvdjSR3BxN9/PT1bvWkRWyZXsVbcJ1vmPJlx"},"senderMessageKeys":[]},{"senderKeyId":326806286,"senderChainKey":{"iteration":28,"seed":"8XPYPJxEl2epoeN/n/6UME7WfNeFptGUbkouoNPucBs="},"senderSigningKey":{"public":"BW/UWsjnWvdjSR3BxN9/PT1bvWkRWyZXsVbcJ1vmPJlx"},"senderMessageKeys":[]},{"senderKeyId":326806286,"senderChainKey":{"iteration":29,"seed":"VOyEMupyJMNsoDoJsl0aFbQhITMfldMh23/JCpOJORM="},"senderSigningKey":{"public":"BW/UWsjnWvdjSR3BxN9/PT1bvWkRWyZXsVbcJ1vmPJlx"},"senderMessageKeys":[]},{"senderKeyId":326806286,"senderChainKey":{"iteration":31,"seed":"mgLurO5yKZYoVSqRh+dkagSJK2y/jayWJXqHqazNP9E="},"senderSigningKey":{"public":"BW/UWsjnWvdjSR3BxN9/PT1bvWkRWyZXsVbcJ1vmPJlx"},"senderMessageKeys":[]},{"senderKeyId":326806286,"senderChainKey":{"iteration":32,"seed":"Z9tWVxjIa9n4iJMMiVKgZ+Liedbr2kaF/0n/d3nHUjw="},"senderSigningKey":{"public":"BW/UWsjnWvdjSR3BxN9/PT1bvWkRWyZXsVbcJ1vmPJlx"},"senderMessageKeys":[]},{"senderKeyId":326806286,"senderChainKey":{"iteration":33,"seed":"WnYfuaUaJQKcwDW9zbyxW6knkMTYBiaD4jmni4qVnVw="},"senderSigningKey":{"public":"BW/UWsjnWvdjSR3BxN9/PT1bvWkRWyZXsVbcJ1vmPJlx"},"senderMessageKeys":[]},{"senderKeyId":326806286,"senderChainKey":{"iteration":37,"seed":"Nw3TxwAgi3ArXWVwloPX+tyeCO94JFecuiWtsvIwRrQ="},"senderSigningKey":{"public":"BW/UWsjnWvdjSR3BxN9/PT1bvWkRWyZXsVbcJ1vmPJlx"},"senderMessageKeys":[]},{"senderKeyId":326806286,"senderChainKey":{"iteration":38,"seed":"dD1fEfrZUkZz0iIvGKGdc1j0NCELpC/RZc3LclYXecI="},"senderSigningKey":{"public":"BW/UWsjnWvdjSR3BxN9/PT1bvWkRWyZXsVbcJ1vmPJlx"},"senderMessageKeys":[]},{"senderKeyId":326806286,"senderChainKey":{"iteration":39,"seed":"oxZlGWpVgY8ftEWtf1DjQBRGzTDDeM/3zxL9HzQD2cg="},"senderSigningKey":{"public":"BW/UWsjnWvdjSR3BxN9/PT1bvWkRWyZXsVbcJ1vmPJlx"},"senderMessageKeys":[]},{"senderKeyId":326806286,"senderChainKey":{"iteration":40,"seed":"IjuO/OSEv8Lva1vktArkgpJGFBKT5WAn9HFQU4nKb+8="},"senderSigningKey":{"public":"BW/UWsjnWvdjSR3BxN9/PT1bvWkRWyZXsVbcJ1vmPJlx"},"senderMessageKeys":[]},{"senderKeyId":326806286,"senderChainKey":{"iteration":41,"seed":"dKg2viNyTKf+dfREj1OMu2CpJfdsqGgABGSJgrAaxIo="},"senderSigningKey":{"public":"BW/UWsjnWvdjSR3BxN9/PT1bvWkRWyZXsVbcJ1vmPJlx"},"senderMessageKeys":[]},{"senderKeyId":326806286,"senderChainKey":{"iteration":42,"seed":"xp94UWJCzeriO2R8UKuGaGd0fCaz70+rGhqj3VIMnCQ="},"senderSigningKey":{"public":"BW/UWsjnWvdjSR3BxN9/PT1bvWkRWyZXsVbcJ1vmPJlx"},"senderMessageKeys":[]},{"senderKeyId":326806286,"senderChainKey":{"iteration":44,"seed":"FLe8kCBhi8yzR2HqlFjRrQ58MGIg6Mtuj0axkdLIFIM="},"senderSigningKey":{"public":"BW/UWsjnWvdjSR3BxN9/PT1bvWkRWyZXsVbcJ1vmPJlx"},"senderMessageKeys":[]},{"senderKeyId":326806286,"senderChainKey":{"iteration":45,"seed":"oxPQF3C/uSGCEjzAhI2ErbIsodIb8RcmY9s8t6BhUgw="},"senderSigningKey":{"public":"BW/UWsjnWvdjSR3BxN9/PT1bvWkRWyZXsVbcJ1vmPJlx"},"senderMessageKeys":[]}]