[{"senderKeyId":1599656912,"senderChainKey":{"iteration":1,"seed":"LuTxB/mYCSHjOcLiqWpGG6X5HHibpRX6lU9bdflCjBc="},"senderSigningKey":{"public":"BaGjXA+iiqkOtQwxgg2PWSrFbpeBXtbpgeyabx6bqQZ3"},"senderMessageKeys":[]},{"senderKeyId":106287542,"senderChainKey":{"iteration":2,"seed":"hsGPvStrwu09RUyXH7CkvtmHrKpYtat5nzAilPW6rFA="},"senderSigningKey":{"public":"BVgtUGvesotodwh+raW9I4zI+nxgWtBtlcsy3SmkPIZl"},"senderMessageKeys":[]},{"senderKeyId":1290288563,"senderChainKey":{"iteration":2,"seed":"sWynXnA4Pzb6lM8epao1DqzXUEW17iN1xHHh7/ekoRU="},"senderSigningKey":{"public":"BRR0xMn8jQLB2eeyutRUHu2yjkAxHxHcOGsxbkA6vPUk"},"senderMessageKeys":[]}]