[{"senderKeyId":310391493,"senderChainKey":{"iteration":2,"seed":"KB3Uf9tAlc5ftAcDoy4640n/oVSz9yeKkRJZ7+DgD0Y="},"senderSigningKey":{"public":"BQxXMT4pdFAxGsXd3lj4fs+6eaiXNf167GJckAbyBUJf"},"senderMessageKeys":[]},{"senderKeyId":1271861359,"senderChainKey":{"iteration":3,"seed":"yRirW/coqNbdTp8KOM80bAaxKx4jsdnMha32BQXjlps="},"senderSigningKey":{"public":"BayUBUBJhPylaSH5mmM0PZS08ypiMaEv6l/BzwM1okwv"},"senderMessageKeys":[]},{"senderKeyId":1367329117,"senderChainKey":{"iteration":3,"seed":"wGRT2Tu4whjPY//7DQOe9QG6O0OohU9UHl5WcdKEkiA="},"senderSigningKey":{"public":"BViQcYZFeqcaEmaUMW8biMbT2q+B1zKlg5LTE1AfnalV"},"senderMessageKeys":[]},{"senderKeyId":2114457843,"senderChainKey":{"iteration":12,"seed":"HRHRwaXfA9qZauUDZ50yFAMbN71AsRfVG9KphVr4KH4="},"senderSigningKey":{"public":"BR9ss0LzePYLnr6PEdKeXBP4O4bJz05PZUbLK9EQTBsf"},"senderMessageKeys":[]},{"senderKeyId":1828745753,"senderChainKey":{"iteration":2,"seed":"K79q+FPoIOCEbcaK7xDkDYCY0ut47XZRs06cJzE1hb4="},"senderSigningKey":{"public":"BcfBh9rt03/mTmlGLvVqvrJo5cWURWWOM/EGAVmmfm1/"},"senderMessageKeys":[]},{"senderKeyId":1068541141,"senderChainKey":{"iteration":1,"seed":"ckE8/yJH9ey98vex7aFz9IkHeGtDb8JeoS2LcjcbwjI="},"senderSigningKey":{"public":"BVSaIQSWCG0tDmG5/tg1y26/qcOPAJUBBAnCk/Cj1XoN"}}]