[{"senderKeyId":159209307,"senderChainKey":{"iteration":1,"seed":"Q85VBVdXKWvlM9TzBkL76sxINPM17yb+qkQe8qrmp3k="},"senderSigningKey":{"public":"BSgfPsoA1bIF7ExodCzSCG/0iTPTFtY0dguOcHS0lAkH"},"senderMessageKeys":[]},{"senderKeyId":581990763,"senderChainKey":{"iteration":3,"seed":"bw4x97QDkvpKb97OdqVwah7ipmLg1MpJyxKtaSFRIYo="},"senderSigningKey":{"public":"Be6qoGPsknmR5APgrmQedFziabrnGtXN401t1mjrR9pk"},"senderMessageKeys":[]},{"senderKeyId":1675708514,"senderChainKey":{"iteration":1,"seed":"yrjZHSlCruQGFk+pYzIdZc5cmM9pKj3l1lGYrRg5R/c="},"senderSigningKey":{"public":"Bdb0Sq+fGKkfrc3UQrCDDhblNhO9UaZ335kwGWYcb59l"},"senderMessageKeys":[]}]