[{"senderKeyId":1427334041,"senderChainKey":{"iteration":924,"seed":"lGSFjxQny6FTDh71pzB2DHkG6A/QD+7Dr2Ix1mP2t8M="},"senderSigningKey":{"public":"BdZXkd06fMIaQYHcYlIFOVfP0wqPgCv8NuklZW5EZ2Zq"},"senderMessageKeys":[{},{},{},{},{},{},{},{},{},{},{},{},{},{},{},{},{},{},{},{},{},{},{},{},{},{},{},{},{},{},{},{},{},{},{},{},{},{},{},{},{},{},{},{},{},{},{},{},{},{}]},{"senderKeyId":1427334041,"senderChainKey":{"iteration":295,"seed":"wzIoICdQffoLNr89JDMzQ1+r3WFKxiYJ9sQRmFNMrs8="},"senderSigningKey":{"public":"BdZXkd06fMIaQYHcYlIFOVfP0wqPgCv8NuklZW5EZ2Zq"},"senderMessageKeys":[]},{"senderKeyId":1427334041,"senderChainKey":{"iteration":349,"seed":"UKQICLEGIc4/XfzmTnkkLpqbesJTMGDfnzqXW33SsYM="},"senderSigningKey":{"public":"BdZXkd06fMIaQYHcYlIFOVfP0wqPgCv8NuklZW5EZ2Zq"},"senderMessageKeys":[]},{"senderKeyId":1427334041,"senderChainKey":{"iteration":361,"seed":"EVwXZ9V0qsv5rZwkCJMqewzaIoH6hIBwW5dc8X14LMk="},"senderSigningKey":{"public":"BdZXkd06fMIaQYHcYlIFOVfP0wqPgCv8NuklZW5EZ2Zq"},"senderMessageKeys":[]},{"senderKeyId":1427334041,"senderChainKey":{"iteration":363,"seed":"7UKKrbTbRbhS8/K+sgGXj/4Y4B0F3Rs0/NtuBKx8WhM="},"senderSigningKey":{"public":"BdZXkd06fMIaQYHcYlIFOVfP0wqPgCv8NuklZW5EZ2Zq"},"senderMessageKeys":[]},{"senderKeyId":1427334041,"senderChainKey":{"iteration":414,"seed":"vhvM0FxSDXnM+Ap/eUm4ODUF3lFLzfuJhJXhcooVLQQ="},"senderSigningKey":{"public":"BdZXkd06fMIaQYHcYlIFOVfP0wqPgCv8NuklZW5EZ2Zq"},"senderMessageKeys":[]},{"senderKeyId":1427334041,"senderChainKey":{"iteration":470,"seed":"agvMUaXt+qS+SATorDJr/JGuFFfA3+EIAjpIK+l5TFs="},"senderSigningKey":{"public":"BdZXkd06fMIaQYHcYlIFOVfP0wqPgCv8NuklZW5EZ2Zq"},"senderMessageKeys":[]},{"senderKeyId":1427334041,"senderChainKey":{"iteration":471,"seed":"yeBY3qpJ7d1QQb+Z19swrsXzzDfRgyPKKK7ULU+gWKU="},"senderSigningKey":{"public":"BdZXkd06fMIaQYHcYlIFOVfP0wqPgCv8NuklZW5EZ2Zq"},"senderMessageKeys":[]},{"senderKeyId":1427334041,"senderChainKey":{"iteration":472,"seed":"/2ZlX+c/xP2bTiwJMMaV3fcFRnaZrJYyC/W9obRnQbU="},"senderSigningKey":{"public":"BdZXkd06fMIaQYHcYlIFOVfP0wqPgCv8NuklZW5EZ2Zq"},"senderMessageKeys":[]},{"senderKeyId":1427334041,"senderChainKey":{"iteration":473,"seed":"8wdVT6yslHMQSn37v4uMjeFZcFoFrFQtdLPjgw1bPxM="},"senderSigningKey":{"public":"BdZXkd06fMIaQYHcYlIFOVfP0wqPgCv8NuklZW5EZ2Zq"},"senderMessageKeys":[]},{"senderKeyId":1427334041,"senderChainKey":{"iteration":474,"seed":"aM2IgclIHNmpcv1HLk5a+FUmFzqc2W8zXQNsW0ArMgU="},"senderSigningKey":{"public":"BdZXkd06fMIaQYHcYlIFOVfP0wqPgCv8NuklZW5EZ2Zq"},"senderMessageKeys":[]},{"senderKeyId":1427334041,"senderChainKey":{"iteration":475,"seed":"7OvUykaS8fovSJbgmTHZUpPvOPFWtSnXwsJvBreD9k0="},"senderSigningKey":{"public":"BdZXkd06fMIaQYHcYlIFOVfP0wqPgCv8NuklZW5EZ2Zq"},"senderMessageKeys":[]},{"senderKeyId":1427334041,"senderChainKey":{"iteration":476,"seed":"LKc3/GS9sk9kap21jJqfkwoy3+1cl/TWZQVtqq+T8LA="},"senderSigningKey":{"public":"BdZXkd06fMIaQYHcYlIFOVfP0wqPgCv8NuklZW5EZ2Zq"},"senderMessageKeys":[]},{"senderKeyId":1427334041,"senderChainKey":{"iteration":487,"seed":"W2eCtgdOiyIfnmtTS/iOAqtrpAaitmOpIJ+7xBiI/gk="},"senderSigningKey":{"public":"BdZXkd06fMIaQYHcYlIFOVfP0wqPgCv8NuklZW5EZ2Zq"},"senderMessageKeys":[]},{"senderKeyId":1427334041,"senderChainKey":{"iteration":488,"seed":"pzdWYusM2YCceCQkSalWOH9Pbn/QaBOxfP6KEHHkWLo="},"senderSigningKey":{"public":"BdZXkd06fMIaQYHcYlIFOVfP0wqPgCv8NuklZW5EZ2Zq"},"senderMessageKeys":[]},{"senderKeyId":1427334041,"senderChainKey":{"iteration":492,"seed":"KFHI1qSxoQ4N0wVsYpRz7b8JWyudVjdpetpPzENqFPA="},"senderSigningKey":{"public":"BdZXkd06fMIaQYHcYlIFOVfP0wqPgCv8NuklZW5EZ2Zq"},"senderMessageKeys":[]},{"senderKeyId":1427334041,"senderChainKey":{"iteration":506,"seed":"eAKKXz5Luxm2moZckhvgrPfbA5BMdpgCdP72VONjwLA="},"senderSigningKey":{"public":"BdZXkd06fMIaQYHcYlIFOVfP0wqPgCv8NuklZW5EZ2Zq"},"senderMessageKeys":[]},{"senderKeyId":1427334041,"senderChainKey":{"iteration":512,"seed":"tUUYY25aQCj3POFIfwz1WyHvXT/fPY6dzxceUZPyVQY="},"senderSigningKey":{"public":"BdZXkd06fMIaQYHcYlIFOVfP0wqPgCv8NuklZW5EZ2Zq"},"senderMessageKeys":[]},{"senderKeyId":1427334041,"senderChainKey":{"iteration":620,"seed":"zEi9osjb3TS1Vb9H5DuG8Ss9+yYbaNfKQoIlBxsE7jE="},"senderSigningKey":{"public":"BdZXkd06fMIaQYHcYlIFOVfP0wqPgCv8NuklZW5EZ2Zq"},"senderMessageKeys":[]},{"senderKeyId":1427334041,"senderChainKey":{"iteration":621,"seed":"Mvw+ythgR3aD7Ofp8Cn/zPKW4HTy9Vyc2oI11wRsHws="},"senderSigningKey":{"public":"BdZXkd06fMIaQYHcYlIFOVfP0wqPgCv8NuklZW5EZ2Zq"},"senderMessageKeys":[]},{"senderKeyId":1427334041,"senderChainKey":{"iteration":637,"seed":"/c0VBztKYs9WkCNWaeGUUpA3vxU5F/faTcflv+7qL9U="},"senderSigningKey":{"public":"BdZXkd06fMIaQYHcYlIFOVfP0wqPgCv8NuklZW5EZ2Zq"},"senderMessageKeys":[]},{"senderKeyId":1427334041,"senderChainKey":{"iteration":641,"seed":"cLGbxxn0jSt8ovmLnmFjphAHsj6LExyWR1BWVZg5IAY="},"senderSigningKey":{"public":"BdZXkd06fMIaQYHcYlIFOVfP0wqPgCv8NuklZW5EZ2Zq"},"senderMessageKeys":[]},{"senderKeyId":1427334041,"senderChainKey":{"iteration":646,"seed":"5MwSS99nnmIipCx7G/V7FL5jBzIWjjk+NfIqjflvUj4="},"senderSigningKey":{"public":"BdZXkd06fMIaQYHcYlIFOVfP0wqPgCv8NuklZW5EZ2Zq"},"senderMessageKeys":[]},{"senderKeyId":1427334041,"senderChainKey":{"iteration":650,"seed":"PYRHQh1ZZbVdOmzdtTfvkxmHxEFNVpwV0gY1MH+M7J0="},"senderSigningKey":{"public":"BdZXkd06fMIaQYHcYlIFOVfP0wqPgCv8NuklZW5EZ2Zq"},"senderMessageKeys":[]},{"senderKeyId":1427334041,"senderChainKey":{"iteration":658,"seed":"HhrXwN3DOainovOJRtYW4cVMdPVPTk30yGEf3mupyNs="},"senderSigningKey":{"public":"BdZXkd06fMIaQYHcYlIFOVfP0wqPgCv8NuklZW5EZ2Zq"},"senderMessageKeys":[]},{"senderKeyId":1427334041,"senderChainKey":{"iteration":660,"seed":"1RC2ytVjMq/3is1GylO7pnGe/awdCmxhR532/EGjhes="},"senderSigningKey":{"public":"BdZXkd06fMIaQYHcYlIFOVfP0wqPgCv8NuklZW5EZ2Zq"},"senderMessageKeys":[]},{"senderKeyId":1427334041,"senderChainKey":{"iteration":663,"seed":"U0hzanexl2nXkTHqCFQnKsK+puy07wRMLUgqrbHwnAA="},"senderSigningKey":{"public":"BdZXkd06fMIaQYHcYlIFOVfP0wqPgCv8NuklZW5EZ2Zq"},"senderMessageKeys":[]},{"senderKeyId":1427334041,"senderChainKey":{"iteration":667,"seed":"Os+o8EJYF4JrXK0cYbu5gNHs6Ux9RlmUDcw838BJH3M="},"senderSigningKey":{"public":"BdZXkd06fMIaQYHcYlIFOVfP0wqPgCv8NuklZW5EZ2Zq"},"senderMessageKeys":[]},{"senderKeyId":1427334041,"senderChainKey":{"iteration":693,"seed":"HA2MmoR+uMgwmO14SftdjJtd5MjYTxoi8pseKxWTzR8="},"senderSigningKey":{"public":"BdZXkd06fMIaQYHcYlIFOVfP0wqPgCv8NuklZW5EZ2Zq"},"senderMessageKeys":[]},{"senderKeyId":1427334041,"senderChainKey":{"iteration":694,"seed":"Hvr1zsB8WnvHYCqpe0Bfn1MACmZGL0Cb6I5J4B5M+Z0="},"senderSigningKey":{"public":"BdZXkd06fMIaQYHcYlIFOVfP0wqPgCv8NuklZW5EZ2Zq"},"senderMessageKeys":[]},{"senderKeyId":1427334041,"senderChainKey":{"iteration":695,"seed":"PJsZdvYF428vNTriScTJ0ZsiGbRfKRfbUdlO2Cz2N+k="},"senderSigningKey":{"public":"BdZXkd06fMIaQYHcYlIFOVfP0wqPgCv8NuklZW5EZ2Zq"},"senderMessageKeys":[]},{"senderKeyId":1427334041,"senderChainKey":{"iteration":698,"seed":"biq8bp1nFy1/aM4ivCgk8mNyvN8pcN1erNGQgoS0Mic="},"senderSigningKey":{"public":"BdZXkd06fMIaQYHcYlIFOVfP0wqPgCv8NuklZW5EZ2Zq"},"senderMessageKeys":[]},{"senderKeyId":1427334041,"senderChainKey":{"iteration":732,"seed":"7W7b8bTwHn/rLcq+eW/YmNZUtLrV9ZGXOElhcLNgPBQ="},"senderSigningKey":{"public":"BdZXkd06fMIaQYHcYlIFOVfP0wqPgCv8NuklZW5EZ2Zq"},"senderMessageKeys":[]},{"senderKeyId":1427334041,"senderChainKey":{"iteration":733,"seed":"v/TPuCJW4A5CMRuZXejLMqPX3sWJW/QnNkfqFL5bKVs="},"senderSigningKey":{"public":"BdZXkd06fMIaQYHcYlIFOVfP0wqPgCv8NuklZW5EZ2Zq"},"senderMessageKeys":[]},{"senderKeyId":1427334041,"senderChainKey":{"iteration":754,"seed":"iEyWobNDn3ObT8ne0kZh9HvyOdxLITsvYfUA5e/Me8w="},"senderSigningKey":{"public":"BdZXkd06fMIaQYHcYlIFOVfP0wqPgCv8NuklZW5EZ2Zq"},"senderMessageKeys":[]},{"senderKeyId":1427334041,"senderChainKey":{"iteration":755,"seed":"II0oE7B9aIo3i6DW53fFbotYzm7SYJKzv5XcxOqUQn4="},"senderSigningKey":{"public":"BdZXkd06fMIaQYHcYlIFOVfP0wqPgCv8NuklZW5EZ2Zq"},"senderMessageKeys":[]},{"senderKeyId":1427334041,"senderChainKey":{"iteration":756,"seed":"9uTMLfISQgmkxtL1BqmhFEVgatXQvtW/L1k9trQSqks="},"senderSigningKey":{"public":"BdZXkd06fMIaQYHcYlIFOVfP0wqPgCv8NuklZW5EZ2Zq"},"senderMessageKeys":[]},{"senderKeyId":1427334041,"senderChainKey":{"iteration":757,"seed":"HE+EQPp/hDfyUVSr2FspODRIOerANQ+7nVR8sT3xlAU="},"senderSigningKey":{"public":"BdZXkd06fMIaQYHcYlIFOVfP0wqPgCv8NuklZW5EZ2Zq"},"senderMessageKeys":[]},{"senderKeyId":1427334041,"senderChainKey":{"iteration":758,"seed":"mbL69b8/UUcXarz9Ixebjou9r4QrqUrdm5LH+5hLjw8="},"senderSigningKey":{"public":"BdZXkd06fMIaQYHcYlIFOVfP0wqPgCv8NuklZW5EZ2Zq"},"senderMessageKeys":[]},{"senderKeyId":1427334041,"senderChainKey":{"iteration":759,"seed":"yrNrnQ4DXnEU6lt0yBSmB9WQXzT9c1jfXh/K4Za0rBA="},"senderSigningKey":{"public":"BdZXkd06fMIaQYHcYlIFOVfP0wqPgCv8NuklZW5EZ2Zq"},"senderMessageKeys":[]},{"senderKeyId":1427334041,"senderChainKey":{"iteration":760,"seed":"K/a5MHs4kRAZtKoJ97Tn34dGH36toqJwcyDaaS+HYbo="},"senderSigningKey":{"public":"BdZXkd06fMIaQYHcYlIFOVfP0wqPgCv8NuklZW5EZ2Zq"},"senderMessageKeys":[]},{"senderKeyId":1427334041,"senderChainKey":{"iteration":862,"seed":"mB4/hQTsuE4rx9w3G/rqI3n/jsozLUgl/iKmEaV+Vtw="},"senderSigningKey":{"public":"BdZXkd06fMIaQYHcYlIFOVfP0wqPgCv8NuklZW5EZ2Zq"},"senderMessageKeys":[]},{"senderKeyId":1427334041,"senderChainKey":{"iteration":900,"seed":"qum1ROcnp4mDmzvRFitNxdKVnb7EXA3Ja9jVNPTeee8="},"senderSigningKey":{"public":"BdZXkd06fMIaQYHcYlIFOVfP0wqPgCv8NuklZW5EZ2Zq"},"senderMessageKeys":[]},{"senderKeyId":1427334041,"senderChainKey":{"iteration":907,"seed":"LPa6kQqNYe4fz6Rpch5uaSKRIcRr08/Zp/QS9T0WX4k="},"senderSigningKey":{"public":"BdZXkd06fMIaQYHcYlIFOVfP0wqPgCv8NuklZW5EZ2Zq"},"senderMessageKeys":[]},{"senderKeyId":1427334041,"senderChainKey":{"iteration":911,"seed":"HVwfq16Fu//JiCmnXgInmqiEkKnU6xYU7pdvtZE4vkw="},"senderSigningKey":{"public":"BdZXkd06fMIaQYHcYlIFOVfP0wqPgCv8NuklZW5EZ2Zq"},"senderMessageKeys":[]}]