[{"senderKeyId":1089050464,"senderChainKey":{"iteration":192,"seed":"Fbr+SH6XOMtJIeUiWC4qs0/SUqa9iI6Aorsu4yVuC3o="},"senderSigningKey":{"public":"BS6MSnYpYGBNkJKU0KeU3yWRPovpHv/pTabTmcCH3+w+"},"senderMessageKeys":[{},{},{},{},{},{},{},{},{},{},{},{},{},{},{},{},{},{},{},{},{},{},{},{},{},{},{},{},{},{},{},{},{},{},{},{},{},{},{},{},{},{},{},{},{},{},{},{},{},{},{},{},{},{},{},{},{},{},{},{},{},{},{},{},{},{},{},{},{},{}]},{"senderKeyId":1089050464,"senderChainKey":{"iteration":9,"seed":"edk4QuF0kRkvX+r96Q4vyC5n2p0e8N3RlHYEwM69+sY="},"senderSigningKey":{"public":"BS6MSnYpYGBNkJKU0KeU3yWRPovpHv/pTabTmcCH3+w+"},"senderMessageKeys":[]},{"senderKeyId":1089050464,"senderChainKey":{"iteration":10,"seed":"8ob20jfaYlsVctxEXAHJfkB9eYbe/urUyJ8M/aRKXag="},"senderSigningKey":{"public":"BS6MSnYpYGBNkJKU0KeU3yWRPovpHv/pTabTmcCH3+w+"},"senderMessageKeys":[]},{"senderKeyId":1089050464,"senderChainKey":{"iteration":11,"seed":"tKEhki3qnV083vsLM0pNQzpumuSXcwJXXYybYznuqIE="},"senderSigningKey":{"public":"BS6MSnYpYGBNkJKU0KeU3yWRPovpHv/pTabTmcCH3+w+"},"senderMessageKeys":[]},{"senderKeyId":1089050464,"senderChainKey":{"iteration":12,"seed":"vE2vG7PKTO/y1zO+PY0Pr5ouJX1ntiSRDnXhfzVyE2A="},"senderSigningKey":{"public":"BS6MSnYpYGBNkJKU0KeU3yWRPovpHv/pTabTmcCH3+w+"},"senderMessageKeys":[]},{"senderKeyId":1089050464,"senderChainKey":{"iteration":13,"seed":"K8WnIArTcdi3VOkEytG90p6FsQo1xIihQ6k7TlkClLg="},"senderSigningKey":{"public":"BS6MSnYpYGBNkJKU0KeU3yWRPovpHv/pTabTmcCH3+w+"},"senderMessageKeys":[]},{"senderKeyId":1089050464,"senderChainKey":{"iteration":14,"seed":"hTaQTZevDQBW85hLNMh4S4ZXdLlsvZO5XO+g6gUPvTA="},"senderSigningKey":{"public":"BS6MSnYpYGBNkJKU0KeU3yWRPovpHv/pTabTmcCH3+w+"},"senderMessageKeys":[]},{"senderKeyId":1089050464,"senderChainKey":{"iteration":15,"seed":"4TlO3oxqO/iiuVSbn3Pc7i4SzwKOH281CkB+0fWmuvU="},"senderSigningKey":{"public":"BS6MSnYpYGBNkJKU0KeU3yWRPovpHv/pTabTmcCH3+w+"},"senderMessageKeys":[]},{"senderKeyId":1089050464,"senderChainKey":{"iteration":17,"seed":"49V5lxfkaAZJkX4kjQuQfT2IdClb7TPLI7/CMKWZVbQ="},"senderSigningKey":{"public":"BS6MSnYpYGBNkJKU0KeU3yWRPovpHv/pTabTmcCH3+w+"},"senderMessageKeys":[]},{"senderKeyId":1089050464,"senderChainKey":{"iteration":19,"seed":"VkIy05PX2AzrbWe4/qoXu4/IIX034sKwPG4VI80Mypg="},"senderSigningKey":{"public":"BS6MSnYpYGBNkJKU0KeU3yWRPovpHv/pTabTmcCH3+w+"},"senderMessageKeys":[]},{"senderKeyId":1089050464,"senderChainKey":{"iteration":20,"seed":"m4M9/1/rOJYZ8QsC9kBnMPWd0XW5eGjeBqobfMXCmv4="},"senderSigningKey":{"public":"BS6MSnYpYGBNkJKU0KeU3yWRPovpHv/pTabTmcCH3+w+"},"senderMessageKeys":[]},{"senderKeyId":1089050464,"senderChainKey":{"iteration":21,"seed":"+cL7o4lvn+tbIMN/2HkGoRq2UP5m0oZxYDBnldnEgj8="},"senderSigningKey":{"public":"BS6MSnYpYGBNkJKU0KeU3yWRPovpHv/pTabTmcCH3+w+"},"senderMessageKeys":[]},{"senderKeyId":1089050464,"senderChainKey":{"iteration":22,"seed":"k4TW3Sf5JnnnwM2WEvySviVqyOitFBXLXkmJuigSc4o="},"senderSigningKey":{"public":"BS6MSnYpYGBNkJKU0KeU3yWRPovpHv/pTabTmcCH3+w+"},"senderMessageKeys":[]},{"senderKeyId":1089050464,"senderChainKey":{"iteration":23,"seed":"ztErT7LdQtx/ZF5nX6v9Kc373cVdiwQGueStFF9E4eg="},"senderSigningKey":{"public":"BS6MSnYpYGBNkJKU0KeU3yWRPovpHv/pTabTmcCH3+w+"},"senderMessageKeys":[]},{"senderKeyId":1089050464,"senderChainKey":{"iteration":24,"seed":"tE5y0Y6L5tPTmU66IFUtpibm9buUKyg8x+xgrH1SccA="},"senderSigningKey":{"public":"BS6MSnYpYGBNkJKU0KeU3yWRPovpHv/pTabTmcCH3+w+"},"senderMessageKeys":[]},{"senderKeyId":1089050464,"senderChainKey":{"iteration":25,"seed":"Ldi8afOw6nWqgPJXTeWGJY6lX4WWFsHQaZRgX0FgsLc="},"senderSigningKey":{"public":"BS6MSnYpYGBNkJKU0KeU3yWRPovpHv/pTabTmcCH3+w+"},"senderMessageKeys":[]},{"senderKeyId":1089050464,"senderChainKey":{"iteration":26,"seed":"0m6wunMTcl8LqhlSID1PIVgdoTeVuuFJIJTSfAsFXLQ="},"senderSigningKey":{"public":"BS6MSnYpYGBNkJKU0KeU3yWRPovpHv/pTabTmcCH3+w+"},"senderMessageKeys":[]},{"senderKeyId":1089050464,"senderChainKey":{"iteration":27,"seed":"9rFJwxvACi6sgdcxpvOV3B7ZvKF53HrVmjcAjE6KeFo="},"senderSigningKey":{"public":"BS6MSnYpYGBNkJKU0KeU3yWRPovpHv/pTabTmcCH3+w+"},"senderMessageKeys":[]},{"senderKeyId":1089050464,"senderChainKey":{"iteration":28,"seed":"VuN+WfYI0cmIzLRyRDPCeux7O5oPJ5TAmKz+6RVqR7Q="},"senderSigningKey":{"public":"BS6MSnYpYGBNkJKU0KeU3yWRPovpHv/pTabTmcCH3+w+"},"senderMessageKeys":[]},{"senderKeyId":1089050464,"senderChainKey":{"iteration":29,"seed":"IgIFl2Td0xf0ul0NVwudD71w6Egeusq7Al2cqK2nJik="},"senderSigningKey":{"public":"BS6MSnYpYGBNkJKU0KeU3yWRPovpHv/pTabTmcCH3+w+"},"senderMessageKeys":[]},{"senderKeyId":1089050464,"senderChainKey":{"iteration":30,"seed":"bdfLE5JAsvGW7sdiTAz6Lc4u5IzZljHKCHMSOITPv1o="},"senderSigningKey":{"public":"BS6MSnYpYGBNkJKU0KeU3yWRPovpHv/pTabTmcCH3+w+"},"senderMessageKeys":[]},{"senderKeyId":1089050464,"senderChainKey":{"iteration":31,"seed":"mf/w8PB4Dlx84qDub2l4tUpPgLG45J2F/y8mBWwoRas="},"senderSigningKey":{"public":"BS6MSnYpYGBNkJKU0KeU3yWRPovpHv/pTabTmcCH3+w+"},"senderMessageKeys":[]},{"senderKeyId":1089050464,"senderChainKey":{"iteration":32,"seed":"V+qQHDtMHtBjWRsv+HodySos5wYGZ85bdKEpJkT33RY="},"senderSigningKey":{"public":"BS6MSnYpYGBNkJKU0KeU3yWRPovpHv/pTabTmcCH3+w+"},"senderMessageKeys":[]},{"senderKeyId":1089050464,"senderChainKey":{"iteration":33,"seed":"kKagio2dj+MSMbwrCRuVNCrQt9a5HA0JsdpXWa7qh6o="},"senderSigningKey":{"public":"BS6MSnYpYGBNkJKU0KeU3yWRPovpHv/pTabTmcCH3+w+"},"senderMessageKeys":[]},{"senderKeyId":1089050464,"senderChainKey":{"iteration":34,"seed":"/+YAHdg1W9SBF3+odrlP8W5woS4fRbThBGOSRISU16w="},"senderSigningKey":{"public":"BS6MSnYpYGBNkJKU0KeU3yWRPovpHv/pTabTmcCH3+w+"},"senderMessageKeys":[]},{"senderKeyId":1089050464,"senderChainKey":{"iteration":35,"seed":"8ccYKG0eLDJnNm4kg/8xMcgnk2tYuiBXy5QVoVkYsoA="},"senderSigningKey":{"public":"BS6MSnYpYGBNkJKU0KeU3yWRPovpHv/pTabTmcCH3+w+"},"senderMessageKeys":[]},{"senderKeyId":1089050464,"senderChainKey":{"iteration":36,"seed":"/RfdyDCiS20kGyuid+hBw6piwh2HvlpYmTsRX8Sy9hk="},"senderSigningKey":{"public":"BS6MSnYpYGBNkJKU0KeU3yWRPovpHv/pTabTmcCH3+w+"},"senderMessageKeys":[]},{"senderKeyId":1089050464,"senderChainKey":{"iteration":37,"seed":"as4v4pKpH2MsyckgUkqPbBs1oO5s+/ab/N7/U0SXNPU="},"senderSigningKey":{"public":"BS6MSnYpYGBNkJKU0KeU3yWRPovpHv/pTabTmcCH3+w+"},"senderMessageKeys":[]},{"senderKeyId":1089050464,"senderChainKey":{"iteration":38,"seed":"eoQUu/vrdxxH6i9mRoDi/2ck2i1XR8XWhW1XpwHeGEE="},"senderSigningKey":{"public":"BS6MSnYpYGBNkJKU0KeU3yWRPovpHv/pTabTmcCH3+w+"},"senderMessageKeys":[]},{"senderKeyId":1089050464,"senderChainKey":{"iteration":88,"seed":"fGbxbJg7SbNJlNUiyF8+KQwZMUP6hyZUKXH9sZ5bFH4="},"senderSigningKey":{"public":"BS6MSnYpYGBNkJKU0KeU3yWRPovpHv/pTabTmcCH3+w+"},"senderMessageKeys":[]},{"senderKeyId":1089050464,"senderChainKey":{"iteration":96,"seed":"g6hBWlzOF9JjTEQ7Qe5+OaKBBzRlC5UKZL4Lh/cZuM4="},"senderSigningKey":{"public":"BS6MSnYpYGBNkJKU0KeU3yWRPovpHv/pTabTmcCH3+w+"},"senderMessageKeys":[]},{"senderKeyId":1089050464,"senderChainKey":{"iteration":102,"seed":"ZduEfQUTcNYbKsOMj874/NSgz16DH0TmXkAM7w1Dr5w="},"senderSigningKey":{"public":"BS6MSnYpYGBNkJKU0KeU3yWRPovpHv/pTabTmcCH3+w+"},"senderMessageKeys":[]},{"senderKeyId":1089050464,"senderChainKey":{"iteration":103,"seed":"YtJZZatk0WRNcmmTBWXRKj62YzSngtBebuKDcmkxMZw="},"senderSigningKey":{"public":"BS6MSnYpYGBNkJKU0KeU3yWRPovpHv/pTabTmcCH3+w+"},"senderMessageKeys":[]},{"senderKeyId":1089050464,"senderChainKey":{"iteration":104,"seed":"fPf4ghbdnYCEFeCIB7UpyjP3d9ikm8u4g0gq6PSU2LM="},"senderSigningKey":{"public":"BS6MSnYpYGBNkJKU0KeU3yWRPovpHv/pTabTmcCH3+w+"},"senderMessageKeys":[]},{"senderKeyId":1089050464,"senderChainKey":{"iteration":152,"seed":"JUSJOPZ5SxvzhTwDuCoq8mt0y/5Wq7rMXj/gvGa1yEM="},"senderSigningKey":{"public":"BS6MSnYpYGBNkJKU0KeU3yWRPovpHv/pTabTmcCH3+w+"},"senderMessageKeys":[]},{"senderKeyId":1089050464,"senderChainKey":{"iteration":153,"seed":"s8ccEBmYXBwevtV6IKQ3fwAlz46ZUTFEIc3E/osX/Hw="},"senderSigningKey":{"public":"BS6MSnYpYGBNkJKU0KeU3yWRPovpHv/pTabTmcCH3+w+"},"senderMessageKeys":[]},{"senderKeyId":1089050464,"senderChainKey":{"iteration":155,"seed":"/8R9qj6qIH5kIvh6NIVR0rUXdH/COKv+/AUJxXzi0BQ="},"senderSigningKey":{"public":"BS6MSnYpYGBNkJKU0KeU3yWRPovpHv/pTabTmcCH3+w+"},"senderMessageKeys":[]},{"senderKeyId":1089050464,"senderChainKey":{"iteration":157,"seed":"14kLgZ1ynrKaUWD3LjiWuyFJDbidoEFb0qFffzkRO04="},"senderSigningKey":{"public":"BS6MSnYpYGBNkJKU0KeU3yWRPovpHv/pTabTmcCH3+w+"},"senderMessageKeys":[]},{"senderKeyId":1089050464,"senderChainKey":{"iteration":159,"seed":"ffF8kDXozjjY3JF/hQWG04ljzKqI9741pBxSV+Aq404="},"senderSigningKey":{"public":"BS6MSnYpYGBNkJKU0KeU3yWRPovpHv/pTabTmcCH3+w+"},"senderMessageKeys":[]},{"senderKeyId":1089050464,"senderChainKey":{"iteration":167,"seed":"OLCVs4zJlBsi+BhuXpR+pdoEgci2YGP1tn4nwXyfUN0="},"senderSigningKey":{"public":"BS6MSnYpYGBNkJKU0KeU3yWRPovpHv/pTabTmcCH3+w+"},"senderMessageKeys":[]},{"senderKeyId":1089050464,"senderChainKey":{"iteration":174,"seed":"FoPKmoxrQmagwfgmIqAW2ZIsql2R4kdCEa+/3mofpeE="},"senderSigningKey":{"public":"BS6MSnYpYGBNkJKU0KeU3yWRPovpHv/pTabTmcCH3+w+"},"senderMessageKeys":[]},{"senderKeyId":1089050464,"senderChainKey":{"iteration":175,"seed":"cdnvoapRaTvyCXOo2NVCywIE4AHCYq2QKu0io2GCxKY="},"senderSigningKey":{"public":"BS6MSnYpYGBNkJKU0KeU3yWRPovpHv/pTabTmcCH3+w+"},"senderMessageKeys":[]},{"senderKeyId":1089050464,"senderChainKey":{"iteration":177,"seed":"/W5V7uOtIixYObViwGBtBlJJ+WCkm0nlBDy4zRBgL/M="},"senderSigningKey":{"public":"BS6MSnYpYGBNkJKU0KeU3yWRPovpHv/pTabTmcCH3+w+"},"senderMessageKeys":[]},{"senderKeyId":1089050464,"senderChainKey":{"iteration":179,"seed":"tyJEdFXgRT8lgSs2cq+EnlNH8iMDqe1QkgIXokZxcPk="},"senderSigningKey":{"public":"BS6MSnYpYGBNkJKU0KeU3yWRPovpHv/pTabTmcCH3+w+"},"senderMessageKeys":[]}]