[{"senderKeyId":1462447319,"senderChainKey":{"iteration":208,"seed":"5UZdbv7lm/pZ5DQaFSgyjz0ALftukpUyA75ZvWnNiFo="},"senderSigningKey":{"public":"BZLKcKxbquhLw7Eqx3wEr020jvr6zYtjk5Kmyd3eX/cp"},"senderMessageKeys":[]},{"senderKeyId":1471280241,"senderChainKey":{"iteration":132,"seed":"X0E8D/8+D2fOo1nsbPFEBNkVbvb3EAorZb06syKgcbs="},"senderSigningKey":{"public":"BXNSinww3wZIx9SC6Tz+e94u5YUxi4yZwkuwBjrd3tIU"},"senderMessageKeys":[]},{"senderKeyId":1850155377,"senderChainKey":{"iteration":7,"seed":"QxxhqP6+Nk/kRWcM4Ydws19ZzNiVE9Moum2OQq6L62w="},"senderSigningKey":{"public":"BYkQ7heSilfSmlVwoZg8s2jmVJTagp93Yjo6alnpXZ0y"},"senderMessageKeys":[]},{"senderKeyId":55676642,"senderChainKey":{"iteration":23,"seed":"ZWZQB0/bw4z92/YjSlXuqlh3O+OkGm5ZlH+ypKiHg/c="},"senderSigningKey":{"public":"BSm5eDOyEnDBLnWG3u6TYFO3UwlQYir/XwwYo3s4L8BO"},"senderMessageKeys":[]},{"senderKeyId":55676642,"senderChainKey":{"iteration":7,"seed":"qTBbehcYZDzkFqqZh6fdEceXv1LMPgTcsi2O+LI6j/8="},"senderSigningKey":{"public":"BSm5eDOyEnDBLnWG3u6TYFO3UwlQYir/XwwYo3s4L8BO"},"senderMessageKeys":[]},{"senderKeyId":1587820314,"senderChainKey":{"iteration":11,"seed":"RbqRUIjMp1tSQGZ5g8wixvPemIJGePC87tYMjp7ULYQ="},"senderSigningKey":{"public":"BQCdgMTL7sRbJq6m67WXpXU5zdSKlVhmEr25yC+ZI+cc"},"senderMessageKeys":[]},{"senderKeyId":1587820314,"senderChainKey":{"iteration":8,"seed":"zTZC8Cy3Bhnl88RzwB91i+MmzAllZp2u7v5mtL0sNgs="},"senderSigningKey":{"public":"BQCdgMTL7sRbJq6m67WXpXU5zdSKlVhmEr25yC+ZI+cc"},"senderMessageKeys":[]},{"senderKeyId":1917136756,"senderChainKey":{"iteration":3,"seed":"bR9MdwADD+dojIR2t49lrPMsKUpiCBCPPJx/2EKunuc="},"senderSigningKey":{"public":"BQeLRq8Llzc/T754B8jUDItHcsViuQ7AFfoZhk0kIBsV"},"senderMessageKeys":[]},{"senderKeyId":655959013,"senderChainKey":{"iteration":26,"seed":"yCyEak66bXBHfns9oCbR9wEQcuuhkIjBN+sxQOzYI2o="},"senderSigningKey":{"public":"BYSNWO5j2oXw/iHAQlN/RezddAuxXFbSA6DMUZvJ6X89"},"senderMessageKeys":[]},{"senderKeyId":718657017,"senderChainKey":{"iteration":89,"seed":"IuuTmRjKEbcg2z/uadd4zehRtz1r7X9cL8wsIE90gXY="},"senderSigningKey":{"public":"BbsD76ALUAXeBRuugIxc9/NSExJ7k5tWBUVQ9lxhGdJ3"},"senderMessageKeys":[]},{"senderKeyId":718657017,"senderChainKey":{"iteration":18,"seed":"MgTpQSM66ffD/4Df+1wpjMaE1iqbtSDvwsvFnBAznYM="},"senderSigningKey":{"public":"BbsD76ALUAXeBRuugIxc9/NSExJ7k5tWBUVQ9lxhGdJ3"},"senderMessageKeys":[]},{"senderKeyId":1514762606,"senderChainKey":{"iteration":25,"seed":"vrHyaZ326voM14ObeMEk2jKqkZdc2ZKJuENdd4khkro="},"senderSigningKey":{"public":"BYJAG1yIm4GzyMZKQgBJuVrOJxb/6+2UUR4vDfzR94EB"},"senderMessageKeys":[]}]