[{"senderKeyId":304317673,"senderChainKey":{"iteration":1,"seed":"CNaMUUHr3gi+hLx/au2VMVoXQ8Efq9Cp75PTLjOZMHU="},"senderSigningKey":{"public":"BQBdOTg0E7XTSjzgqyC4D1Rln7sajC+vzskd2ZY2l1EI"},"senderMessageKeys":[]},{"senderKeyId":758874685,"senderChainKey":{"iteration":1,"seed":"XKGJ9myRjuQZs6dRi3+C4IV/A377e2U+YsR8xttzoV0="},"senderSigningKey":{"public":"BeG+Q0DCI4JuCxzMThUJPT3NxNeWrQ5vL3EMje9iNmEt"},"senderMessageKeys":[]},{"senderKeyId":1454259492,"senderChainKey":{"iteration":2,"seed":"gXxTO+d62KS2IzZvyb3/81TrR1rd26sDBZn+J/koeP0="},"senderSigningKey":{"public":"BYi1jwcpcApOFgMLAqctJ+qfq27tt0kfNSHsbufTvENZ"},"senderMessageKeys":[]}]