[{"senderKeyId":1382159195,"senderChainKey":{"iteration":1,"seed":"iaZRP03e1kiaTETfiuzFsiSRaLeLI8fwXiwaNSSZRLc="},"senderSigningKey":{"public":"BYJicuYjufohLIZQHZeehiUkXUthn6r12RjaIzQrblIB"},"senderMessageKeys":[]},{"senderKeyId":78718401,"senderChainKey":{"iteration":7,"seed":"NrUnolizSOvchl71KA/tsTbJVC1wCU+gu5vt9BNSOUU="},"senderSigningKey":{"public":"BcDiBsu2NtxV8E/kME1uy2HVMz7wHpEBgHuNqyqfgZMC"},"senderMessageKeys":[]},{"senderKeyId":1075701740,"senderChainKey":{"iteration":4,"seed":"XWhQHHR4eYGNQCLhVwnUdn39xp+x7czpDEkQMQ5PXFY="},"senderSigningKey":{"public":"BQvFQxkWnobq8ZQA8QCrLWIfVDW45Z1jVvo50mZ+PpQ2"},"senderMessageKeys":[]},{"senderKeyId":1354877183,"senderChainKey":{"iteration":9,"seed":"4nY37YdRBa4RUefAaA5nVg1wIpuCrUxUyh0pIuuqLg0="},"senderSigningKey":{"public":"BWaBeWhCt5HUScFqt6e8GqZaEHFDLcI9d9WS6v4BFwgT"},"senderMessageKeys":[]},{"senderKeyId":166796707,"senderChainKey":{"iteration":9,"seed":"8JnzOsTc0aIvS5OA0Cl6Z2TiVlig8rYaAf0LSbwWv5Y="},"senderSigningKey":{"public":"BXeb2KDlrhkMbMsX44g9YctlxbvKG5rSD5v5Lq4DXl5d"},"senderMessageKeys":[]},{"senderKeyId":1219183996,"senderChainKey":{"iteration":34,"seed":"ExkIhTFmXT+vBEM29UWFTiogJVtZaCP95xMztSqrZGU="},"senderSigningKey":{"public":"Bc9a/OiA8dD0HiEjpHad/B4DcdXTKenBJXSZ7acH1XlL"},"senderMessageKeys":[]},{"senderKeyId":73030226,"senderChainKey":{"iteration":18,"seed":"jziUE44WWVpSIymF4oOjo62PZgN452REQcU5RP4sA3o="},"senderSigningKey":{"public":"BYycf8rwy5ejuHy2a/7StcFWBADYfacQy0vSiCT7kflO"},"senderMessageKeys":[]}]