[{"senderKeyId":188440495,"senderChainKey":{"iteration":1,"seed":"Wtfz7vj7oPzwT+FCDVmDmICnSX5FytC4MJm0nT/qkLI="},"senderSigningKey":{"public":"BX7CzKQp8Gpej9sKQTH6M/+Zuvhx+8iidMt0GELSbcAA"},"senderMessageKeys":[]},{"senderKeyId":615995286,"senderChainKey":{"iteration":18,"seed":"Jvdmtbzf20+ur7VWNzYwDHhwfNJ/+o6ZxOSo3SqZlaE="},"senderSigningKey":{"public":"Ba3tzSoofRCddcsqvb+1Irl1rJ9sw7YjN03OIXGiTgIy"},"senderMessageKeys":[]},{"senderKeyId":615995286,"senderChainKey":{"iteration":1,"seed":"bdYctYkpGviMnuxH791swUYkxU7snIeMycjkTmYThn8="},"senderSigningKey":{"public":"Ba3tzSoofRCddcsqvb+1Irl1rJ9sw7YjN03OIXGiTgIy"},"senderMessageKeys":[]},{"senderKeyId":944912444,"senderChainKey":{"iteration":12,"seed":"EiyIUbjr+2YRSl6a8GwyOsouDJh2JnJ4DJ1O+xL8bJI="},"senderSigningKey":{"public":"BUd+TirbUHFYODgv7jAFTiptfq4wkcGDSiVzdegBOCAW"},"senderMessageKeys":[]},{"senderKeyId":944912444,"senderChainKey":{"iteration":9,"seed":"5/M/WPDET0hHPy2JwWQi96etWKajOl+Xy4UlynKsPMs="},"senderSigningKey":{"public":"BUd+TirbUHFYODgv7jAFTiptfq4wkcGDSiVzdegBOCAW"},"senderMessageKeys":[]},{"senderKeyId":680357785,"senderChainKey":{"iteration":1,"seed":"GNtkW0+uKX7yGtO8yehgg6EVcLShcJbyXnMfs/41vTI="},"senderSigningKey":{"public":"BWLHyZHr+ZV6jK1rAQGHJwbHERP8GMb+M4zUmdAdC7hD"},"senderMessageKeys":[]},{"senderKeyId":339172525,"senderChainKey":{"iteration":18,"seed":"bkMBjMZL67rmgByvQdfwWJ9KGxvMqePNy4jneE8M3hs="},"senderSigningKey":{"public":"BRtdnPvsH4LYupjOOsKG+l8Jk38paC+QKEiUaRYn1wV6"},"senderMessageKeys":[]},{"senderKeyId":339172525,"senderChainKey":{"iteration":9,"seed":"4f+GorCdxU5aiH7G9mj3up1Zfsp8mzNynb04A+rGLi8="},"senderSigningKey":{"public":"BRtdnPvsH4LYupjOOsKG+l8Jk38paC+QKEiUaRYn1wV6"},"senderMessageKeys":[]},{"senderKeyId":339172525,"senderChainKey":{"iteration":14,"seed":"74JVvtduAjgc/bxFvr1h67fTclJANJbvNvRN1B4F+wI="},"senderSigningKey":{"public":"BRtdnPvsH4LYupjOOsKG+l8Jk38paC+QKEiUaRYn1wV6"},"senderMessageKeys":[]}]