[{"senderKeyId":2036082178,"senderChainKey":{"iteration":4,"seed":"kC76JY39DuKlppoNckMfavyjFcrlRfvEQj1uptxpYAk="},"senderSigningKey":{"public":"BVhEvrjOdqH1ziJIM/jEQdO3kjtBFDsQbdvnFHP23aN+"},"senderMessageKeys":[]},{"senderKeyId":2036082178,"senderChainKey":{"iteration":1,"seed":"qGAjM82K3bEJbgdle1Vmn4sy1lHICprUjmc7TPxELk0="},"senderSigningKey":{"public":"BVhEvrjOdqH1ziJIM/jEQdO3kjtBFDsQbdvnFHP23aN+"},"senderMessageKeys":[]},{"senderKeyId":2036082178,"senderChainKey":{"iteration":3,"seed":"ZKg/s6eZ2MlJMgq24V4q6OCFUgZmY5NDpbaBScI84KE="},"senderSigningKey":{"public":"BVhEvrjOdqH1ziJIM/jEQdO3kjtBFDsQbdvnFHP23aN+"},"senderMessageKeys":[]}]