[{"senderKeyId":164194484,"senderChainKey":{"iteration":1,"seed":"+ky34q89MAGeLT9SZYzzHyNLomQZ1eAyiNyTC4rrzk0="},"senderSigningKey":{"public":"BfGzFP/qioaqcf3dalBxdVEvp+KXibE3V77r+lyibDss"},"senderMessageKeys":[]},{"senderKeyId":1156665899,"senderChainKey":{"iteration":51,"seed":"zO9rjHX7/fvUHO156mtI/rP7vpONh+h8TDlpwpYKsuk="},"senderSigningKey":{"public":"BV/n8HhZp8FMPCZUGQMEiBrMsfHgvBS0nIAmH3Y1iwV3"},"senderMessageKeys":[]},{"senderKeyId":1156665899,"senderChainKey":{"iteration":48,"seed":"mB0azD1asS08KkzkPwRaoQpCy97lJvKpvnqdDrLCjlo="},"senderSigningKey":{"public":"BV/n8HhZp8FMPCZUGQMEiBrMsfHgvBS0nIAmH3Y1iwV3"},"senderMessageKeys":[]},{"senderKeyId":1195639518,"senderChainKey":{"iteration":15,"seed":"ib8G3qLLuJM/Q096RhcShj4Tee16RG50ojtyUua5oiM="},"senderSigningKey":{"public":"BUTJnQNsFhRMvbQw+yytb2nW3h9PKWwJZ5ADYUzSiaBy"},"senderMessageKeys":[]},{"senderKeyId":859231914,"senderChainKey":{"iteration":2,"seed":"hYaLQ59G4ZqGSp2U0/Ico/t32xRs73zVlGpiy9qORtc="},"senderSigningKey":{"public":"BRkrPxlUVKobG87ELwgt7LgWvb9Js0Zq+bsgJj0VxYxL"},"senderMessageKeys":[]},{"senderKeyId":561165652,"senderChainKey":{"iteration":16,"seed":"lGZGo1xyYPOyjseokwp+kBwe5Hvz3AMd8QyctG8XxRU="},"senderSigningKey":{"public":"BexrLlTm7bzUir9blZoy8Foi8lXfCdG8j5e/MrU+OmwK"},"senderMessageKeys":[]},{"senderKeyId":919584106,"senderChainKey":{"iteration":10,"seed":"5fXme4Ihsf7dP/3fPdeUsO87Fe7kTb1wlz9s9LynfXk="},"senderSigningKey":{"public":"BV0CTWqBXXi659v7L+sU+/3k4qRmglGAH4gHUBc2Ydpy"},"senderMessageKeys":[]},{"senderKeyId":637313496,"senderChainKey":{"iteration":1,"seed":"EtLy2AB28+QXsztEOXkKfuNgsBLY1NRLYx6OS8EVQYU="},"senderSigningKey":{"public":"BaXJMLwZ7v5ZESELNlXeM9sHO2a8qVJgQ3QibwRUNA15"},"senderMessageKeys":[]}]