[{"senderKeyId":930796257,"senderChainKey":{"iteration":8,"seed":"RZCy/QrQDsR952fpftoQ/MfWNdDHrPBBMS1eD14SCPw="},"senderSigningKey":{"public":"BTQqeo5LkQxjwzmwL5rwOgAoVwt1jvSDmhnfMb8zyNw1"},"senderMessageKeys":[]},{"senderKeyId":1161694074,"senderChainKey":{"iteration":41,"seed":"CKEYmULEhPN3Fnc7LdrH2qPbFpIeFiuYKi2TtKJViQs="},"senderSigningKey":{"public":"BfPNCDtJ3gvnZFZRgHExJ4pwEskyQvdp/rpM3hdxvntk"},"senderMessageKeys":[]},{"senderKeyId":1161694074,"senderChainKey":{"iteration":8,"seed":"VezghkfZbfHgh1xlJqyT6r/StQWU0izIjCbzI2p/zDg="},"senderSigningKey":{"public":"BfPNCDtJ3gvnZFZRgHExJ4pwEskyQvdp/rpM3hdxvntk"},"senderMessageKeys":[]}]