[{"senderKeyId":6554859,"senderChainKey":{"iteration":4,"seed":"wVxHf1gxLh5tI3uhxb9xu1ZerUlR0W9bGJPJJrrN6GU="},"senderSigningKey":{"public":"BbA3ToDthOebTDl1J9vajhPRnk25tUwPAVBpUEMmgEJ8"},"senderMessageKeys":[]},{"senderKeyId":6554859,"senderChainKey":{"iteration":3,"seed":"BV53+ORxF55ewNZ/5PfoqonsFXUyDhoGaHMpdev5pfI="},"senderSigningKey":{"public":"BbA3ToDthOebTDl1J9vajhPRnk25tUwPAVBpUEMmgEJ8"},"senderMessageKeys":[]},{"senderKeyId":1134192603,"senderChainKey":{"iteration":7,"seed":"NNC4eS8e01D41KFV6J2Tt/5uD/8Jk5g/U4XgadORr1U="},"senderSigningKey":{"public":"Bek5ZEsOof3z4z/ejCat9x3Q4blVHa/JnWc9qvMogFFl"},"senderMessageKeys":[]},{"senderKeyId":1134192603,"senderChainKey":{"iteration":5,"seed":"Hw45OL3zd9altCfs/OTrv4IT8rwK0ma0J+PeDbBCzVk="},"senderSigningKey":{"public":"Bek5ZEsOof3z4z/ejCat9x3Q4blVHa/JnWc9qvMogFFl"},"senderMessageKeys":[]},{"senderKeyId":1979356104,"senderChainKey":{"iteration":5,"seed":"LqxZ7dG88P7RygMelVAXtg5omN8qbjJrQ0KHNE7Yjnk="},"senderSigningKey":{"public":"BfyiJvpuSht3ddUNzgNi5V9HDDULy++/jJL5SXHSvGYl"},"senderMessageKeys":[]},{"senderKeyId":978004388,"senderChainKey":{"iteration":13,"seed":"1ErtBLeviRiKmUe3PEzdeVlVaX0Eim12aVqjzVMfjjA="},"senderSigningKey":{"public":"BV8+auAlioNkXwjd7oWuiCR7E3lj4qIm1xUD9fGvFjFh"},"senderMessageKeys":[]},{"senderKeyId":978004388,"senderChainKey":{"iteration":5,"seed":"dCS1Los58yK/PVzZOyOvXKZahxi/AtJHno7WtSirGV8="},"senderSigningKey":{"public":"BV8+auAlioNkXwjd7oWuiCR7E3lj4qIm1xUD9fGvFjFh"},"senderMessageKeys":[]},{"senderKeyId":978004388,"senderChainKey":{"iteration":8,"seed":"Aw98KzYn5KYS4KGnfpPb1Rp1zZ4j+DrkF2tK9ati2Cc="},"senderSigningKey":{"public":"BV8+auAlioNkXwjd7oWuiCR7E3lj4qIm1xUD9fGvFjFh"},"senderMessageKeys":[]},{"senderKeyId":27515511,"senderChainKey":{"iteration":7,"seed":"E1KYoknIPpLaB4w2gRN2DUDTWkT2f/BSDQ2DhOTQqvM="},"senderSigningKey":{"public":"Bf1tmnNRfiGv7Ys0tJ1KSk6u+KSzQX0h+vAW5IGNeokF"},"senderMessageKeys":[]},{"senderKeyId":752980267,"senderChainKey":{"iteration":2,"seed":"wvFbcyZLuZ1deVhQCbHOXc/9Ni2uqwsyHJVT8q/cHfk="},"senderSigningKey":{"public":"BZ2WMZyiLdocjc1VXJbEnzQ4QWQZc0do/2DkLbzFFKQE"},"senderMessageKeys":[]},{"senderKeyId":752980267,"senderChainKey":{"iteration":1,"seed":"EUqdGEKd1yTqY9whDXwTx6DopXfEO/JKpyIWFC9gwFE="},"senderSigningKey":{"public":"BZ2WMZyiLdocjc1VXJbEnzQ4QWQZc0do/2DkLbzFFKQE"},"senderMessageKeys":[]},{"senderKeyId":44542040,"senderChainKey":{"iteration":11,"seed":"vjGNf9QHPBA5xMrMKJmuEyjg3jaLGCr6pnvarTZUsas="},"senderSigningKey":{"public":"Bdq7WydJicHtWQ0VQQkaGaUEKSf9Nf6lylDPF67eXJpT"},"senderMessageKeys":[{},{},{},{},{},{},{},{}]}]