[{"senderKeyId":166174161,"senderChainKey":{"iteration":40,"seed":"8EQvdZCelT7ZPvkY/b2U3k4Ae8ofxzVOTDNRALfELV0="},"senderSigningKey":{"public":"BXS4oZaHW/dmdB5jtPZy19hcq8IQqqE2AVpy3IK/qDoz"},"senderMessageKeys":[]},{"senderKeyId":166174161,"senderChainKey":{"iteration":21,"seed":"b1OzhoX0GJzgOCBDhHGoj8I5ZelWwPJXAgKcTjC3KV4="},"senderSigningKey":{"public":"BXS4oZaHW/dmdB5jtPZy19hcq8IQqqE2AVpy3IK/qDoz"},"senderMessageKeys":[]},{"senderKeyId":166174161,"senderChainKey":{"iteration":23,"seed":"+c0ypiAgTM8xeZymRnAFO/i9nq+d9K0bJDIG59M9g/8="},"senderSigningKey":{"public":"BXS4oZaHW/dmdB5jtPZy19hcq8IQqqE2AVpy3IK/qDoz"},"senderMessageKeys":[]},{"senderKeyId":166174161,"senderChainKey":{"iteration":26,"seed":"cJeTCGN+7c2d+AydlovXwLKX3WyJqqO4Llyb8qQpzRE="},"senderSigningKey":{"public":"BXS4oZaHW/dmdB5jtPZy19hcq8IQqqE2AVpy3IK/qDoz"},"senderMessageKeys":[]},{"senderKeyId":166174161,"senderChainKey":{"iteration":31,"seed":"Fcc3DdTi7UkO6/vbKSruTESP8yClXwOkPCkoQeQzKP4="},"senderSigningKey":{"public":"BXS4oZaHW/dmdB5jtPZy19hcq8IQqqE2AVpy3IK/qDoz"},"senderMessageKeys":[]},{"senderKeyId":166174161,"senderChainKey":{"iteration":32,"seed":"ox5yK+AUKvMs0v9+78DS5IM6w9dd7KjHd0Tb+oFwkoA="},"senderSigningKey":{"public":"BXS4oZaHW/dmdB5jtPZy19hcq8IQqqE2AVpy3IK/qDoz"},"senderMessageKeys":[]},{"senderKeyId":166174161,"senderChainKey":{"iteration":33,"seed":"ToLJPuFvN7qntqKQnjmfPNDh7hE7XY3kfrSEbwdwB9M="},"senderSigningKey":{"public":"BXS4oZaHW/dmdB5jtPZy19hcq8IQqqE2AVpy3IK/qDoz"},"senderMessageKeys":[]},{"senderKeyId":166174161,"senderChainKey":{"iteration":34,"seed":"mMdy4dk0cH8Kx2cpu4BIGQMkyFdrvfD0HrzPFg9/2Ls="},"senderSigningKey":{"public":"BXS4oZaHW/dmdB5jtPZy19hcq8IQqqE2AVpy3IK/qDoz"},"senderMessageKeys":[]},{"senderKeyId":166174161,"senderChainKey":{"iteration":35,"seed":"lIfo4wjkVjAneztFh2Mad7boQ8M+kp9kHB4TKnFNodA="},"senderSigningKey":{"public":"BXS4oZaHW/dmdB5jtPZy19hcq8IQqqE2AVpy3IK/qDoz"},"senderMessageKeys":[]},{"senderKeyId":166174161,"senderChainKey":{"iteration":36,"seed":"jRkskawhep/BUuforMvJM+mIMWCJhQhv9PqIM4rxxsQ="},"senderSigningKey":{"public":"BXS4oZaHW/dmdB5jtPZy19hcq8IQqqE2AVpy3IK/qDoz"},"senderMessageKeys":[]},{"senderKeyId":166174161,"senderChainKey":{"iteration":37,"seed":"SgbaXmN/xWw+lKbIroxAPTqC5y6NIpNa7mlBAmtMC20="},"senderSigningKey":{"public":"BXS4oZaHW/dmdB5jtPZy19hcq8IQqqE2AVpy3IK/qDoz"},"senderMessageKeys":[]},{"senderKeyId":166174161,"senderChainKey":{"iteration":38,"seed":"d/yLdKC4DF2iXS2OUJyBSiUbHxI43rKb/p0zoCME1Bw="},"senderSigningKey":{"public":"BXS4oZaHW/dmdB5jtPZy19hcq8IQqqE2AVpy3IK/qDoz"},"senderMessageKeys":[]},{"senderKeyId":166174161,"senderChainKey":{"iteration":39,"seed":"quuqRrCgcu0FHrDpR1DXQlE0JAO323h3ptcvm/0RnYw="},"senderSigningKey":{"public":"BXS4oZaHW/dmdB5jtPZy19hcq8IQqqE2AVpy3IK/qDoz"},"senderMessageKeys":[]}]