[{"senderKeyId":520574896,"senderChainKey":{"iteration":6,"seed":"sCH597Xt4YwLEoIh9fDb5iO3hUlIdGvIs3KhoprCBpw="},"senderSigningKey":{"public":"Bey/+1HeK6biml9aBYVydKJgOjQg65Dh3e7F7+1pckhT"},"senderMessageKeys":[]},{"senderKeyId":520574896,"senderChainKey":{"iteration":1,"seed":"sECCnKMXEaA1XWdDN+DP+rJIBe1242fLQmN7NKr7nNw="},"senderSigningKey":{"public":"Bey/+1HeK6biml9aBYVydKJgOjQg65Dh3e7F7+1pckhT"},"senderMessageKeys":[]},{"senderKeyId":1621397764,"senderChainKey":{"iteration":6,"seed":"b0tPgsF96uy3r84nRztzaQw90JkpCaI6tyl9egq8mzI="},"senderSigningKey":{"public":"BQNkg8yuqVyTgg8gynRDEP7BIOIxl4YSkdeFzbxn0VtK"},"senderMessageKeys":[]},{"senderKeyId":1621397764,"senderChainKey":{"iteration":2,"seed":"XRZrU5vDVognkQnxIxtoDx4lm9iPwti7H6337OsbAZ4="},"senderSigningKey":{"public":"BQNkg8yuqVyTgg8gynRDEP7BIOIxl4YSkdeFzbxn0VtK"},"senderMessageKeys":[]}]