[{"senderKeyId":1940784870,"senderChainKey":{"iteration":6,"seed":"2oArWs8gQ2bcTk6fUPm0hWqd50rU3Mo7ofu7Vx/68lE="},"senderSigningKey":{"public":"BRcGA047Wzc/oj0TCEFPHJTeGBGigLIFdzIOJn3vqO9F"},"senderMessageKeys":[]},{"senderKeyId":876696304,"senderChainKey":{"iteration":12,"seed":"ZloA0Kq/w3N6o4NYzn7C23FKUfrib23OfGpE98IXLi0="},"senderSigningKey":{"public":"BaCQ5f3D+2JwAnbbWzRchYGFJeENTi6lGhn4UAR0CMon"},"senderMessageKeys":[]},{"senderKeyId":451493846,"senderChainKey":{"iteration":35,"seed":"l7LQLE3+WrDAaBgkMOpbEQad3DEBRnzE654FX7+bRqk="},"senderSigningKey":{"public":"BSzYqYgu4oanIHR1toaSlDqWcfD3DihDOr7eM/yLMJkC"},"senderMessageKeys":[]},{"senderKeyId":969170382,"senderChainKey":{"iteration":15,"seed":"w+rEzqE5BCHlQyJxWLgFKbnW1jGAFfWc91jgK+X8zlY="},"senderSigningKey":{"public":"BZxzBbcp4ZyCic9xlOVMROSgtNdPSKSb1zc5nKURkCo2"},"senderMessageKeys":[]},{"senderKeyId":225848145,"senderChainKey":{"iteration":1,"seed":"eJwWNOltAhkZSFW6ZifRiEMXkYV+3Nn3tZxlYB4CTUc="},"senderSigningKey":{"public":"BRzOwU7qN5o2s3kHllE+pFNgMzIHLOykbfOXIyuA5J5K"},"senderMessageKeys":[]},{"senderKeyId":31726245,"senderChainKey":{"iteration":3,"seed":"GA/2Jaayc6BInk6C7CoWHmZ92x4KnLmU2aSRZqSB79I="},"senderSigningKey":{"public":"BX0CPIlAhk6Ccbwz+hRbqOA5UCeGyErMhGAto0ssE2EF"},"senderMessageKeys":[]},{"senderKeyId":335665175,"senderChainKey":{"iteration":24,"seed":"bJdFkGTgpjozFl6Vr4BDnYw5mRY8j3uAU1E89F60v6A="},"senderSigningKey":{"public":"BYq4I+uTVHbvM8syfsDaQnf0FMiV9aVXvItvhd8LXvo5"},"senderMessageKeys":[]},{"senderKeyId":297352910,"senderChainKey":{"iteration":2,"seed":"kgoMmpH6gpoCJWcHQXuTohaFMfqJYTn6ZSBbWjPQGRU="},"senderSigningKey":{"public":"BeoajvZGUlvfAFAX9/4n4G+cr3UdFokik2S8GTvsPbl9"},"senderMessageKeys":[]},{"senderKeyId":1685978044,"senderChainKey":{"iteration":3,"seed":"OnuJLpSrNcNXNFXoJsEBAPydJ/8b1Yjm5dj0MIoFESE="},"senderSigningKey":{"public":"BS7MUCiijvJAFPwjI8sDdxiozgHc9vvbCCWP0RG9Lgp7"},"senderMessageKeys":[]},{"senderKeyId":2066724284,"senderChainKey":{"iteration":9,"seed":"7wwXnLUPjsGi2Paf85Jg1zkEVOcAe/28sXbo9kVYNKI="},"senderSigningKey":{"public":"BaMEMn9f/SxruY6KJasJSgR4VP5J2FkjtVqWu59k1/8O"},"senderMessageKeys":[]},{"senderKeyId":1852291812,"senderChainKey":{"iteration":46,"seed":"ReEKnGFj3AmriLq0hyA9bGcQbKlEKCIXjV91U2obDSs="},"senderSigningKey":{"public":"Bdr/uC9lyNPBdqFYRYJk4M/uZWATQdviW5MTdf0azY5c"},"senderMessageKeys":[]}]