[{"senderKeyId":1703646161,"senderChainKey":{"iteration":5,"seed":"PQsX6QMiT9uSfAHbShZI/50gzVO6gJNDkBi4vxlZaz8="},"senderSigningKey":{"public":"BTa7+Sik+ry/c3Fp+RTBHmxYNTmkl12VgvRc3JGFa2Vt"},"senderMessageKeys":[]},{"senderKeyId":1703646161,"senderChainKey":{"iteration":3,"seed":"9moyUQ/iusk5MaNY9WuIw+ZqXKp5Z+XhDyTBLpa4fDk="},"senderSigningKey":{"public":"BTa7+Sik+ry/c3Fp+RTBHmxYNTmkl12VgvRc3JGFa2Vt"},"senderMessageKeys":[]},{"senderKeyId":564702309,"senderChainKey":{"iteration":11,"seed":"MutzMKnKhc1dgAOuVccDA90k+Mymye+r8zHrglYW5qQ="},"senderSigningKey":{"public":"BTHrpXAeSRwfbbq4grKAWDRYmUZMlu6B65T5tgEW6/Zh"},"senderMessageKeys":[]}]