[{"senderKeyId":491753709,"senderChainKey":{"iteration":5,"seed":"PFlX3msucOGW8hmWbU8xKq5vsTjw63iZBC/7tUB4hHg="},"senderSigningKey":{"public":"BSP8iE2E83b2pzNz1PyOizJxmQB1n13VbWu3Voimxc9O"},"senderMessageKeys":[]},{"senderKeyId":840850264,"senderChainKey":{"iteration":22,"seed":"l0W1KHoF+jls5WoJ356sJYvpa7HBUnHhcjxk/wNbukE="},"senderSigningKey":{"public":"BVY2AoK/8LlYMyOqKHNsCAs6HIh3pFhpzsjfjejI2gcL"},"senderMessageKeys":[]},{"senderKeyId":738393560,"senderChainKey":{"iteration":21,"seed":"n7dsVSrcJrCWaQhbq1qMbt16gbHHIQaVXWI42vrCbEY="},"senderSigningKey":{"public":"BSE5mGzAPHlsjE6yJvyt4NAGJnSCK8UE1ZYRi5EAnn4l"},"senderMessageKeys":[]},{"senderKeyId":1184223596,"senderChainKey":{"iteration":33,"seed":"OSrEQRLEtVDxMTaZoBXneGxFB2NHNpNaz2RGlulv8Go="},"senderSigningKey":{"public":"BUXn+Kg9AYdFLzDk6YIqfhFIkUGrz4Lwg6WDcNHoLfcD"},"senderMessageKeys":[]},{"senderKeyId":1020209295,"senderChainKey":{"iteration":19,"seed":"nGwhJNs14+cSAzCSKgalg2E096RpTKGayxsO8aC1UrI="},"senderSigningKey":{"public":"BR6DxoZtuSLIPPJcarvf2WNa6XUF6N+rRXwBlnGnHbUZ"},"senderMessageKeys":[]},{"senderKeyId":1851745518,"senderChainKey":{"iteration":10,"seed":"6jLUiy4dRphUuZbYuqjc+JcFDfUJfA3SWNBazPhakyc="},"senderSigningKey":{"public":"BWY5jxQUaNCj4xqsm7LiZ/A/KDvm/c+0+bdmiArr6UgP"},"senderMessageKeys":[{},{},{},{},{},{},{}]},{"senderKeyId":477073712,"senderChainKey":{"iteration":3,"seed":"PowJoGGzeTrDPPNbVgS1mXMZjAID23IwiCDWlSK7EJs="},"senderSigningKey":{"public":"BQhtvpERcsDNLsvKxUF9M1nXPFUbYO39wicJjeDbg7gq"},"senderMessageKeys":[]},{"senderKeyId":1571384998,"senderChainKey":{"iteration":4,"seed":"rh+PnBjFkv7jg9goDFcMxQEcEwFJOVphbsUSP31Fecs="},"senderSigningKey":{"public":"BYHI5sBmAgpNbdxq5KcQXgL+nkUtztF7wqJ2x+xdEjZ6"},"senderMessageKeys":[]},{"senderKeyId":1181286873,"senderChainKey":{"iteration":19,"seed":"JefLn58NzOHXA5nEEND97fV0fOMwjKxeRjBRhB7rBkE="},"senderSigningKey":{"public":"BedmY3oYA6gD8s8LXrolC0Bl4cCPJWUZYJGZNFykPdQs"},"senderMessageKeys":[]},{"senderKeyId":2078513424,"senderChainKey":{"iteration":6,"seed":"MpVx4vQE5O7Qb/+v9dPvyabY0NerAXDK44vO65ullAQ="},"senderSigningKey":{"public":"BYdLyeul/Vg3eIdGAPufYcfu+wFWbMjUZ4WW9G+uVGlK"},"senderMessageKeys":[]},{"senderKeyId":156357833,"senderChainKey":{"iteration":7,"seed":"G79PATiexmDH/xumfuRtv/XpbMnxelBAUZ50xaCVp/g="},"senderSigningKey":{"public":"BVXpBIqJdMs4ABTfXbmdgRGT9Ayj4JcvbtAUKyxq38J1"},"senderMessageKeys":[]},{"senderKeyId":1161313913,"senderChainKey":{"iteration":4,"seed":"2ZjQgHk9SLHU1gRyIeliRUMIctDVt9cQurJ5HpWPim8="},"senderSigningKey":{"public":"BYpLThi8xvP/Hk/eSqI1HVF4j7SNrkzpqLGXflUS9idY"},"senderMessageKeys":[]},{"senderKeyId":853696547,"senderChainKey":{"iteration":27,"seed":"Q+Rn3vJiAEUg9A5djwgej8//9xvPZlkQv3b0m8sHVWE="},"senderSigningKey":{"public":"Be+53+kTar5HLLG070L100Vw3T9G9o295R/iH11ueUde"},"senderMessageKeys":[]}]