[{"senderKeyId":1005879443,"senderChainKey":{"iteration":551,"seed":"M1SZidvKPTIE4SWWOzz3YrzvDGKU0XkAaJpKTly78dE="},"senderSigningKey":{"public":"Bbd+45/Oinfe8mB77wd0K+TYZZpo2VH99GwnfWjXsyZS"},"senderMessageKeys":[]},{"senderKeyId":1005879443,"senderChainKey":{"iteration":368,"seed":"joeVQaZOLzLsVe0CfbEuK0nJ/JExR8YdIjUNnbZSEl8="},"senderSigningKey":{"public":"Bbd+45/Oinfe8mB77wd0K+TYZZpo2VH99GwnfWjXsyZS"},"senderMessageKeys":[]},{"senderKeyId":1005879443,"senderChainKey":{"iteration":377,"seed":"xLyMauzK0nF2M0NsqbyqKQ4oIDkdFKfM8s0VWzjIfn0="},"senderSigningKey":{"public":"Bbd+45/Oinfe8mB77wd0K+TYZZpo2VH99GwnfWjXsyZS"},"senderMessageKeys":[]},{"senderKeyId":1005879443,"senderChainKey":{"iteration":438,"seed":"BjwHEnFLDQDHGLUEI/HgiZ95h1uhH+O4MdarSKN+PVs="},"senderSigningKey":{"public":"Bbd+45/Oinfe8mB77wd0K+TYZZpo2VH99GwnfWjXsyZS"},"senderMessageKeys":[]},{"senderKeyId":1005879443,"senderChainKey":{"iteration":439,"seed":"CnEvcE1sGcBPT+jvoumvFqwme/OemJpPgKHWhm9eFd0="},"senderSigningKey":{"public":"Bbd+45/Oinfe8mB77wd0K+TYZZpo2VH99GwnfWjXsyZS"},"senderMessageKeys":[]},{"senderKeyId":1005879443,"senderChainKey":{"iteration":481,"seed":"sBmzS07FRsq3SRwdXbpV0ZyB6XArb6kDWGAofgziMk0="},"senderSigningKey":{"public":"Bbd+45/Oinfe8mB77wd0K+TYZZpo2VH99GwnfWjXsyZS"},"senderMessageKeys":[]},{"senderKeyId":1005879443,"senderChainKey":{"iteration":504,"seed":"gX5MP/mD3XSmJ6MoyooXIYxkGtDlT0/L775aZAGXucU="},"senderSigningKey":{"public":"Bbd+45/Oinfe8mB77wd0K+TYZZpo2VH99GwnfWjXsyZS"},"senderMessageKeys":[]},{"senderKeyId":1005879443,"senderChainKey":{"iteration":512,"seed":"khwaHRp3plpwgpkgoppHt9O4LVWcBmJLcu0ihDvDK2M="},"senderSigningKey":{"public":"Bbd+45/Oinfe8mB77wd0K+TYZZpo2VH99GwnfWjXsyZS"},"senderMessageKeys":[]},{"senderKeyId":1005879443,"senderChainKey":{"iteration":531,"seed":"hwdN/E4RkEcMngpuJUhTAXqDCtbZjkrHfs5XX4SL7QQ="},"senderSigningKey":{"public":"Bbd+45/Oinfe8mB77wd0K+TYZZpo2VH99GwnfWjXsyZS"},"senderMessageKeys":[]}]