[{"senderKeyId":1056780426,"senderChainKey":{"iteration":26,"seed":"KBRqS0CJFcmaCs9mFtJPg+J1BGReKN5xhYaVrCPqTfw="},"senderSigningKey":{"public":"BXtOzfOKyOI5fv4Pkpu96IsDm0hmCIC4mTd/bQiDuvID"},"senderMessageKeys":[]},{"senderKeyId":1056780426,"senderChainKey":{"iteration":1,"seed":"Nk/Z1/zefs55rHauWibZlKb6TDqpZU0MvrxWvxhwdVg="},"senderSigningKey":{"public":"BXtOzfOKyOI5fv4Pkpu96IsDm0hmCIC4mTd/bQiDuvID"},"senderMessageKeys":[]},{"senderKeyId":1056780426,"senderChainKey":{"iteration":2,"seed":"EzamdtHmPJ1YVjsDtcfRFUW6GcEmN2dRszT0ozQAL3c="},"senderSigningKey":{"public":"BXtOzfOKyOI5fv4Pkpu96IsDm0hmCIC4mTd/bQiDuvID"},"senderMessageKeys":[]},{"senderKeyId":1056780426,"senderChainKey":{"iteration":3,"seed":"IJJdgeolGY28nTCBXTt11P4YyMz385fog0fC3QI8JPE="},"senderSigningKey":{"public":"BXtOzfOKyOI5fv4Pkpu96IsDm0hmCIC4mTd/bQiDuvID"},"senderMessageKeys":[]},{"senderKeyId":1056780426,"senderChainKey":{"iteration":4,"seed":"ou5wG+WC8yOOXWJnSuNdt7odY+HBf6jvFzHC/41ga+c="},"senderSigningKey":{"public":"BXtOzfOKyOI5fv4Pkpu96IsDm0hmCIC4mTd/bQiDuvID"},"senderMessageKeys":[]},{"senderKeyId":1056780426,"senderChainKey":{"iteration":5,"seed":"l52H770tNaVQ7K64kPdQZNDInf6OdYRen7A4AbpapbQ="},"senderSigningKey":{"public":"BXtOzfOKyOI5fv4Pkpu96IsDm0hmCIC4mTd/bQiDuvID"},"senderMessageKeys":[]},{"senderKeyId":1056780426,"senderChainKey":{"iteration":7,"seed":"WTQdc36RdPOsKXTEGzLEXh+0RqvMHzofG5v6FsutXAQ="},"senderSigningKey":{"public":"BXtOzfOKyOI5fv4Pkpu96IsDm0hmCIC4mTd/bQiDuvID"},"senderMessageKeys":[]},{"senderKeyId":1056780426,"senderChainKey":{"iteration":8,"seed":"8RPbTI+FbZfOSwFxH8nu7DmiILrm36W2hiGIHGhDIMI="},"senderSigningKey":{"public":"BXtOzfOKyOI5fv4Pkpu96IsDm0hmCIC4mTd/bQiDuvID"},"senderMessageKeys":[]},{"senderKeyId":1056780426,"senderChainKey":{"iteration":9,"seed":"/h6gOKYCAc2mBMm+rfRiwr+F2zaBl+4nMB/VpNjet2A="},"senderSigningKey":{"public":"BXtOzfOKyOI5fv4Pkpu96IsDm0hmCIC4mTd/bQiDuvID"},"senderMessageKeys":[]},{"senderKeyId":1056780426,"senderChainKey":{"iteration":10,"seed":"skVhqrkfeoHfTdicwYnnuGI+AkJf2s3MwJ6AZKQUROE="},"senderSigningKey":{"public":"BXtOzfOKyOI5fv4Pkpu96IsDm0hmCIC4mTd/bQiDuvID"},"senderMessageKeys":[]},{"senderKeyId":1056780426,"senderChainKey":{"iteration":11,"seed":"9aGs2KIdHr6+qOcegyS8olovYx8o36eYj5WjCQIGy28="},"senderSigningKey":{"public":"BXtOzfOKyOI5fv4Pkpu96IsDm0hmCIC4mTd/bQiDuvID"},"senderMessageKeys":[]},{"senderKeyId":1056780426,"senderChainKey":{"iteration":12,"seed":"bzWORjtJbyA99W05cBbIB4JsyRKcTlq3ZgsiHV9otF0="},"senderSigningKey":{"public":"BXtOzfOKyOI5fv4Pkpu96IsDm0hmCIC4mTd/bQiDuvID"},"senderMessageKeys":[]},{"senderKeyId":1056780426,"senderChainKey":{"iteration":13,"seed":"Gq9vMSHmpepvokDlTNOCCv3KsJWOxaFKGtF63E8xgAQ="},"senderSigningKey":{"public":"BXtOzfOKyOI5fv4Pkpu96IsDm0hmCIC4mTd/bQiDuvID"},"senderMessageKeys":[]},{"senderKeyId":1056780426,"senderChainKey":{"iteration":14,"seed":"LTZ1W9rswkwBOqswEFOC2cV5JiFhTDrb8qSvQgxv8lw="},"senderSigningKey":{"public":"BXtOzfOKyOI5fv4Pkpu96IsDm0hmCIC4mTd/bQiDuvID"},"senderMessageKeys":[]},{"senderKeyId":1056780426,"senderChainKey":{"iteration":15,"seed":"ICqzVy/c8USPytOeibvFJCzSEDeVyYQDQ9xaWIsg25w="},"senderSigningKey":{"public":"BXtOzfOKyOI5fv4Pkpu96IsDm0hmCIC4mTd/bQiDuvID"},"senderMessageKeys":[]},{"senderKeyId":1056780426,"senderChainKey":{"iteration":16,"seed":"dC7S7HqqGR3taa9w5Y7MtaG8E/kKrwmuwHhnVl43X/Q="},"senderSigningKey":{"public":"BXtOzfOKyOI5fv4Pkpu96IsDm0hmCIC4mTd/bQiDuvID"},"senderMessageKeys":[]},{"senderKeyId":1056780426,"senderChainKey":{"iteration":18,"seed":"52DC9dKTaIgIGozy2lqo/1B+wOd1UHYmKlgZ+jm9Vl4="},"senderSigningKey":{"public":"BXtOzfOKyOI5fv4Pkpu96IsDm0hmCIC4mTd/bQiDuvID"},"senderMessageKeys":[]},{"senderKeyId":1056780426,"senderChainKey":{"iteration":19,"seed":"EWiXsbLhbYFYqyWq87CaYONLfDbhwYDH/a6RRYaf6lM="},"senderSigningKey":{"public":"BXtOzfOKyOI5fv4Pkpu96IsDm0hmCIC4mTd/bQiDuvID"},"senderMessageKeys":[]},{"senderKeyId":1056780426,"senderChainKey":{"iteration":20,"seed":"mZpHycBHJPAMznXcWvvDZxwYm3jUMjlKemYpccYgyc4="},"senderSigningKey":{"public":"BXtOzfOKyOI5fv4Pkpu96IsDm0hmCIC4mTd/bQiDuvID"},"senderMessageKeys":[]},{"senderKeyId":1056780426,"senderChainKey":{"iteration":21,"seed":"QNBbnmJTOgu5WyU/Jm0f+k1nGFrlUCEuIsJ4x3Plobw="},"senderSigningKey":{"public":"BXtOzfOKyOI5fv4Pkpu96IsDm0hmCIC4mTd/bQiDuvID"},"senderMessageKeys":[]},{"senderKeyId":1056780426,"senderChainKey":{"iteration":22,"seed":"qiEJ6D8t1m+bGRnH8/H+5axiHHNu9Bc/ko6ye/6KmMs="},"senderSigningKey":{"public":"BXtOzfOKyOI5fv4Pkpu96IsDm0hmCIC4mTd/bQiDuvID"},"senderMessageKeys":[]},{"senderKeyId":1056780426,"senderChainKey":{"iteration":23,"seed":"aRjqKg41O9KOSUQ18Lsa6qhzRA9AFAow389jQ6SSEV0="},"senderSigningKey":{"public":"BXtOzfOKyOI5fv4Pkpu96IsDm0hmCIC4mTd/bQiDuvID"},"senderMessageKeys":[]},{"senderKeyId":1056780426,"senderChainKey":{"iteration":25,"seed":"kK5UI1PAK/wTh/o2m9wEdn8BMbM1L7OOTuknxxZJNs4="},"senderSigningKey":{"public":"BXtOzfOKyOI5fv4Pkpu96IsDm0hmCIC4mTd/bQiDuvID"},"senderMessageKeys":[]}]