[{"senderKeyId":1082503680,"senderChainKey":{"iteration":2,"seed":"y/GJ8fhcT9FOxZ0yL6iyzuENB5sIAbC8QKVIli4yA0c="},"senderSigningKey":{"public":"BY95VuiJAQWGBU4lIGcDWL8oIOG6MEk92aw5GTbVTqt/"},"senderMessageKeys":[]},{"senderKeyId":2144350697,"senderChainKey":{"iteration":2,"seed":"PVrm6PUSgTybwsFw+at1PQS7ykpKP+gc1k6mw5LXcrc="},"senderSigningKey":{"public":"BQNHTgQOHLc+cFP/127PekM0W2UaMN3h9VjP+gpCUlJg"},"senderMessageKeys":[]},{"senderKeyId":881550406,"senderChainKey":{"iteration":2,"seed":"/9LqnZ4SCEFy97hyApyo/bnuKe6J1m1Y1DVEEjTyKvU="},"senderSigningKey":{"public":"BeFxdBGUMXi/iD+obPx/2CrIB/qhgGrl2U79Ij6exN08"},"senderMessageKeys":[]},{"senderKeyId":537184308,"senderChainKey":{"iteration":5,"seed":"mMijvjnC9WLJv9UYOZh8LHsySnkxsCPQ/M3P3/e4gPY="},"senderSigningKey":{"public":"BbyAWEJgUVGAp0dSH2Jco8afZOo388q6c9Qv2ky+r1AE"},"senderMessageKeys":[]},{"senderKeyId":204757940,"senderChainKey":{"iteration":2,"seed":"0kxu2KUtkEOXTptfzp4I8bGZO182nM7uegpxiZIxq3k="},"senderSigningKey":{"public":"BQHsioA2LNB4GFhGHjs9/X1yN9FQG7L7pCCgYOTBxQ5y"},"senderMessageKeys":[]},{"senderKeyId":204757940,"senderChainKey":{"iteration":1,"seed":"SJVwfmCAy7bnCFEg+w7l3D3lVIEVahJ/F8WwuznjX14="},"senderSigningKey":{"public":"BQHsioA2LNB4GFhGHjs9/X1yN9FQG7L7pCCgYOTBxQ5y"},"senderMessageKeys":[]},{"senderKeyId":2126025354,"senderChainKey":{"iteration":4,"seed":"ZH2/aCdCzhfBvDOZAgWz4P/OzN40vtq5IsEQM4j+ufg="},"senderSigningKey":{"public":"Bd9syrwyjYJBz6ngG+nNnxuf7M8m19XFRCpra9vcujBO"},"senderMessageKeys":[]},{"senderKeyId":995930395,"senderChainKey":{"iteration":1,"seed":"NUBUc+4dQ5yh0c5tThuS1OAxudJ9Vs/JhSigAigpFKc="},"senderSigningKey":{"public":"BWb1dZB5yhvqO43ktNWYwLFVDYWsf6bRfkDAZ1dNRGZR"},"senderMessageKeys":[]}]