[{"senderKeyId":1476143739,"senderChainKey":{"iteration":8,"seed":"R2hyTBeOV1CHaDTm76zjJnaj/6lst4R7G+tS/++EeaA="},"senderSigningKey":{"public":"BSnjQ67Lm2A7sHAkbj6xS1p0p2Lq6ysdyHpLiHt7gLdn"},"senderMessageKeys":[]},{"senderKeyId":1479878645,"senderChainKey":{"iteration":12,"seed":"Lf3rgAvUXgF6yUNglgwOEND6aDXkHLDdADXtAnC40Rs="},"senderSigningKey":{"public":"BXLAwZp00MmN6pIdiuZ8hlaKQiDTM4cs3a8PvP69Y70k"},"senderMessageKeys":[]},{"senderKeyId":808650133,"senderChainKey":{"iteration":1,"seed":"lLO26Wxthu4pghkM9FK1KWll9WtTttqtH2jSN+lICpk="},"senderSigningKey":{"public":"Bb7JZYGumH33g6PK/vplK+o9ygFT+oaSmDpFtZYwuFEO"},"senderMessageKeys":[]},{"senderKeyId":850593950,"senderChainKey":{"iteration":2,"seed":"3DANc34at06I/71g0ugjEO3z8KKhL5v+HsvPcFqWjsA="},"senderSigningKey":{"public":"BZMOdYQHZZYZ5hGe3o95jXillS40oOHJrrpG/sNjxGhS"},"senderMessageKeys":[]},{"senderKeyId":720355174,"senderChainKey":{"iteration":2,"seed":"HjCVtPng7VSlhv6M3q8WzTvZG6/pQvGh3nsOl/LnSJc="},"senderSigningKey":{"public":"BdVRgmkcqY5QzBkutf+zBaYo+UKJ0S17bKhBTM34RAly"},"senderMessageKeys":[]},{"senderKeyId":4534286,"senderChainKey":{"iteration":2,"seed":"NKJ2bO59/J5wz5XitErdUPosv5tIjGUPAFK2SPWYUSc="},"senderSigningKey":{"public":"BaG2H/3YyeEhEQR6qHgwc/RuyDz38lG++BCzDmTi/ylj"},"senderMessageKeys":[]},{"senderKeyId":2088386945,"senderChainKey":{"iteration":9,"seed":"GYpG4hJ3lS2Cbe53GPM9Bu8KFiC/BdNB/wn8wTA5bEE="},"senderSigningKey":{"public":"BdBnu+GsT3stV63lf7b8kRTIM/E6jpistYSiIYnH9IFk"},"senderMessageKeys":[]}]