[{"senderKeyId":576133251,"senderChainKey":{"iteration":11,"seed":"xGHITMxVvUfCjhHfU9M66yMll2iHzJGfcMdk+PgqFTs="},"senderSigningKey":{"public":"BfaoCOKRov2PYs+rs9ao6aEH4TfkdwwNhOjGvJrkFjdN"},"senderMessageKeys":[]},{"senderKeyId":576133251,"senderChainKey":{"iteration":2,"seed":"ggDsgd2NU2SF9Nf2E86eSuziPtAVKNMuo53+26+Acns="},"senderSigningKey":{"public":"BfaoCOKRov2PYs+rs9ao6aEH4TfkdwwNhOjGvJrkFjdN"},"senderMessageKeys":[]},{"senderKeyId":576133251,"senderChainKey":{"iteration":10,"seed":"S7M10Dl88cHBPOt0rnDYEFrt70oQpEBrqJFuIhKlPWw="},"senderSigningKey":{"public":"BfaoCOKRov2PYs+rs9ao6aEH4TfkdwwNhOjGvJrkFjdN"},"senderMessageKeys":[]}]