[{"senderKeyId":1555444144,"senderChainKey":{"iteration":7,"seed":"G9wnrqOvSMJChk3nXJQXB62CdNW6NkhGT3gpDYexirE="},"senderSigningKey":{"public":"BcjukT6ppYLt6odUH6ZvpMaReW9B+iz201XXCUnt6PE2"},"senderMessageKeys":[]},{"senderKeyId":2122894248,"senderChainKey":{"iteration":6,"seed":"kpmkOspu8cEO1f641pKvVcOjtPKQidb+YAvCRLj2iIM="},"senderSigningKey":{"public":"BZF0Hs4hoKDc/L5UdTOKwtgDU0kOMM/MIlQ2lQy60cwp"},"senderMessageKeys":[]},{"senderKeyId":2122894248,"senderChainKey":{"iteration":1,"seed":"7R38iH8F0AmNtAeZ2eE0un+BKmTatf9JuQvGrlIXMkQ="},"senderSigningKey":{"public":"BZF0Hs4hoKDc/L5UdTOKwtgDU0kOMM/MIlQ2lQy60cwp"},"senderMessageKeys":[]}]