[{"senderKeyId":1975937989,"senderChainKey":{"iteration":26,"seed":"JFkmVMoEtyZzVQ8z4wK7j0mlpJadqNlHqECCyp+0RF8="},"senderSigningKey":{"public":"BcQAwBdc7Xd2k/exOsNBXtE/Oz6uFsgPK0eME/Ip+j8w"},"senderMessageKeys":[{}]},{"senderKeyId":1975937989,"senderChainKey":{"iteration":1,"seed":"acu37JGdnNuLvw61UZJ9AfCYkyC5Ly75i2yMrWHpUHY="},"senderSigningKey":{"public":"BcQAwBdc7Xd2k/exOsNBXtE/Oz6uFsgPK0eME/Ip+j8w"},"senderMessageKeys":[]},{"senderKeyId":1975937989,"senderChainKey":{"iteration":6,"seed":"5fQH38vULAIpvUtE/gpBfUn1Bs6rYzb4gICunzTBFT4="},"senderSigningKey":{"public":"BcQAwBdc7Xd2k/exOsNBXtE/Oz6uFsgPK0eME/Ip+j8w"},"senderMessageKeys":[]}]