[{"senderKeyId":1186699607,"senderChainKey":{"iteration":306,"seed":"GoulMWny0R8bwt+Vwb2YMWrD6ugl6a6zxXY3FTakgQ4="},"senderSigningKey":{"public":"BXYBIO+byU/v0diAHmFT4OeGn9nJH8TVPhwwb7Rfm2c3"},"senderMessageKeys":[]},{"senderKeyId":1186699607,"senderChainKey":{"iteration":183,"seed":"TPIk3X3oHJh6S9XHdvD4u9qOTfiAwQ6nOLUcGGD1FSs="},"senderSigningKey":{"public":"BXYBIO+byU/v0diAHmFT4OeGn9nJH8TVPhwwb7Rfm2c3"},"senderMessageKeys":[]},{"senderKeyId":1186699607,"senderChainKey":{"iteration":222,"seed":"6C+7da639Oz+Q1na1Ho2smLrAOg42vKKrjsBQcrvzvs="},"senderSigningKey":{"public":"BXYBIO+byU/v0diAHmFT4OeGn9nJH8TVPhwwb7Rfm2c3"},"senderMessageKeys":[]},{"senderKeyId":1186699607,"senderChainKey":{"iteration":223,"seed":"t5KAgD4BqD6S0QsJ8pSwoCM8FXxZAARcio1NH65JrWM="},"senderSigningKey":{"public":"BXYBIO+byU/v0diAHmFT4OeGn9nJH8TVPhwwb7Rfm2c3"},"senderMessageKeys":[]},{"senderKeyId":1186699607,"senderChainKey":{"iteration":224,"seed":"HtB1KgF79/N88TPGR6fd3/ORsWrRRmZtFn+9ko4k4LQ="},"senderSigningKey":{"public":"BXYBIO+byU/v0diAHmFT4OeGn9nJH8TVPhwwb7Rfm2c3"},"senderMessageKeys":[]},{"senderKeyId":1186699607,"senderChainKey":{"iteration":225,"seed":"5Gy4cvVgFr4VU3vmO7w9YR+UUc483IrqJALgCvRMpgM="},"senderSigningKey":{"public":"BXYBIO+byU/v0diAHmFT4OeGn9nJH8TVPhwwb7Rfm2c3"},"senderMessageKeys":[]},{"senderKeyId":1186699607,"senderChainKey":{"iteration":226,"seed":"4bDYn2lg7gyCwinKF/BxdmdCZ9Ux2UG3ugElp5dxATg="},"senderSigningKey":{"public":"BXYBIO+byU/v0diAHmFT4OeGn9nJH8TVPhwwb7Rfm2c3"},"senderMessageKeys":[]},{"senderKeyId":1186699607,"senderChainKey":{"iteration":227,"seed":"CmdmRW//gRCrM+ASH+5lhK7ORXT2DAWsPBBC/OTpCPE="},"senderSigningKey":{"public":"BXYBIO+byU/v0diAHmFT4OeGn9nJH8TVPhwwb7Rfm2c3"},"senderMessageKeys":[]},{"senderKeyId":1186699607,"senderChainKey":{"iteration":228,"seed":"jFFRBtrQrCJTK2PLWHcK4ykwMFYL+A/QXJFkIW7sTqw="},"senderSigningKey":{"public":"BXYBIO+byU/v0diAHmFT4OeGn9nJH8TVPhwwb7Rfm2c3"},"senderMessageKeys":[]},{"senderKeyId":1186699607,"senderChainKey":{"iteration":229,"seed":"KeDtdQr5pNjeSIbM/ZSyuFvsgH40zgr3IMrAKXh3ptQ="},"senderSigningKey":{"public":"BXYBIO+byU/v0diAHmFT4OeGn9nJH8TVPhwwb7Rfm2c3"},"senderMessageKeys":[]},{"senderKeyId":1186699607,"senderChainKey":{"iteration":230,"seed":"eFDzq7ZfKTPtED33g0+Auials/wbJLo/nmOFd9u2mzY="},"senderSigningKey":{"public":"BXYBIO+byU/v0diAHmFT4OeGn9nJH8TVPhwwb7Rfm2c3"},"senderMessageKeys":[]},{"senderKeyId":1186699607,"senderChainKey":{"iteration":231,"seed":"3l7nxEIzQIpde+CEhdQ7+HiuhahJZXOVFxeWYfPtu84="},"senderSigningKey":{"public":"BXYBIO+byU/v0diAHmFT4OeGn9nJH8TVPhwwb7Rfm2c3"},"senderMessageKeys":[]},{"senderKeyId":1186699607,"senderChainKey":{"iteration":232,"seed":"4VjG2olaV4mlTr3lkT64jylc3nNkcnxttgLYiAihRJ8="},"senderSigningKey":{"public":"BXYBIO+byU/v0diAHmFT4OeGn9nJH8TVPhwwb7Rfm2c3"},"senderMessageKeys":[]},{"senderKeyId":1186699607,"senderChainKey":{"iteration":233,"seed":"ERvy5Ivx3RSXyugPANjxy78kEb77QFi3dWlKsRNtzCY="},"senderSigningKey":{"public":"BXYBIO+byU/v0diAHmFT4OeGn9nJH8TVPhwwb7Rfm2c3"},"senderMessageKeys":[]},{"senderKeyId":1186699607,"senderChainKey":{"iteration":234,"seed":"8uuGYeIEskBF/ukSiIcFdwGwUjnOB7ne06tu43esUSU="},"senderSigningKey":{"public":"BXYBIO+byU/v0diAHmFT4OeGn9nJH8TVPhwwb7Rfm2c3"},"senderMessageKeys":[]},{"senderKeyId":1186699607,"senderChainKey":{"iteration":235,"seed":"+L5n26gH1GuSzJeb3wdqVXzbMcvf94c31nLN7wjWSCM="},"senderSigningKey":{"public":"BXYBIO+byU/v0diAHmFT4OeGn9nJH8TVPhwwb7Rfm2c3"},"senderMessageKeys":[]},{"senderKeyId":1186699607,"senderChainKey":{"iteration":236,"seed":"bYS6BJtPgpdu/ztsVyQh+wTykc6XmFF03lUw69Sz2NA="},"senderSigningKey":{"public":"BXYBIO+byU/v0diAHmFT4OeGn9nJH8TVPhwwb7Rfm2c3"},"senderMessageKeys":[]},{"senderKeyId":1186699607,"senderChainKey":{"iteration":237,"seed":"QBNbGqKml2B9V16/IHC/maeNgowYrxW4kAIj+TTm63c="},"senderSigningKey":{"public":"BXYBIO+byU/v0diAHmFT4OeGn9nJH8TVPhwwb7Rfm2c3"},"senderMessageKeys":[]},{"senderKeyId":1186699607,"senderChainKey":{"iteration":238,"seed":"rdpRgneLuAhaSpAMrm5tdv1b+4D0DN64jkz68DLbJ5c="},"senderSigningKey":{"public":"BXYBIO+byU/v0diAHmFT4OeGn9nJH8TVPhwwb7Rfm2c3"},"senderMessageKeys":[]},{"senderKeyId":1186699607,"senderChainKey":{"iteration":239,"seed":"swM80YByOs2oc1lYhlOSFzHlW7Ycn+zOh+XLU0mwJRg="},"senderSigningKey":{"public":"BXYBIO+byU/v0diAHmFT4OeGn9nJH8TVPhwwb7Rfm2c3"},"senderMessageKeys":[]},{"senderKeyId":1186699607,"senderChainKey":{"iteration":240,"seed":"hgw3azTyrjUGEhJMO7O4DQgKkjpsxwf6kaUsSXBBic0="},"senderSigningKey":{"public":"BXYBIO+byU/v0diAHmFT4OeGn9nJH8TVPhwwb7Rfm2c3"},"senderMessageKeys":[]},{"senderKeyId":1186699607,"senderChainKey":{"iteration":241,"seed":"4HqjCjYb65SuaOYeKr990ieT6gSkiadWwd2RHno21fA="},"senderSigningKey":{"public":"BXYBIO+byU/v0diAHmFT4OeGn9nJH8TVPhwwb7Rfm2c3"},"senderMessageKeys":[]},{"senderKeyId":1186699607,"senderChainKey":{"iteration":242,"seed":"5XBLrkOZq8yIxam1x5kko1NN7tWEFJe6CmzkMHq7Fxw="},"senderSigningKey":{"public":"BXYBIO+byU/v0diAHmFT4OeGn9nJH8TVPhwwb7Rfm2c3"},"senderMessageKeys":[]},{"senderKeyId":1186699607,"senderChainKey":{"iteration":243,"seed":"ovbnWgcpjdxsvDDsUkKP7Us4Uh8EzMlAdtH6MuR8w/Q="},"senderSigningKey":{"public":"BXYBIO+byU/v0diAHmFT4OeGn9nJH8TVPhwwb7Rfm2c3"},"senderMessageKeys":[]},{"senderKeyId":1186699607,"senderChainKey":{"iteration":244,"seed":"kqqoMdevA9o40+NgnhJOY/Fky8+qdzUXNvYhI364z/s="},"senderSigningKey":{"public":"BXYBIO+byU/v0diAHmFT4OeGn9nJH8TVPhwwb7Rfm2c3"},"senderMessageKeys":[]},{"senderKeyId":1186699607,"senderChainKey":{"iteration":245,"seed":"57CXGQiDAyXPsv8UfIjNQiMyWdQEUkusv3itPnxPkig="},"senderSigningKey":{"public":"BXYBIO+byU/v0diAHmFT4OeGn9nJH8TVPhwwb7Rfm2c3"},"senderMessageKeys":[]},{"senderKeyId":1186699607,"senderChainKey":{"iteration":246,"seed":"lguWgq7h0Bk2UOMM8EcdYRr8s5pqWH7aL+C7RLNAJ3g="},"senderSigningKey":{"public":"BXYBIO+byU/v0diAHmFT4OeGn9nJH8TVPhwwb7Rfm2c3"},"senderMessageKeys":[]},{"senderKeyId":1186699607,"senderChainKey":{"iteration":247,"seed":"BiHlgZkeOiQz9K+8WVRYPsRTLnNeSBcfYdpe7yZgvwM="},"senderSigningKey":{"public":"BXYBIO+byU/v0diAHmFT4OeGn9nJH8TVPhwwb7Rfm2c3"},"senderMessageKeys":[]},{"senderKeyId":1186699607,"senderChainKey":{"iteration":248,"seed":"1JqOhqK+IDwBJxl1XL2BCwauvQR5rd87sJ0wte9R4Fc="},"senderSigningKey":{"public":"BXYBIO+byU/v0diAHmFT4OeGn9nJH8TVPhwwb7Rfm2c3"},"senderMessageKeys":[]},{"senderKeyId":1186699607,"senderChainKey":{"iteration":249,"seed":"PMPHsyaaUsNaBshyH+9fcplibzEEr+97go2878kkCFs="},"senderSigningKey":{"public":"BXYBIO+byU/v0diAHmFT4OeGn9nJH8TVPhwwb7Rfm2c3"},"senderMessageKeys":[]},{"senderKeyId":1186699607,"senderChainKey":{"iteration":250,"seed":"1U8kDTfR5x+kOlKdScgX+37sf2vSevZmVSuzqRpH+gk="},"senderSigningKey":{"public":"BXYBIO+byU/v0diAHmFT4OeGn9nJH8TVPhwwb7Rfm2c3"},"senderMessageKeys":[]},{"senderKeyId":1186699607,"senderChainKey":{"iteration":251,"seed":"H6JOSLZ9GJ+VI/LkGMpL9ckdcCjl6tNuDQfD2SrdnFw="},"senderSigningKey":{"public":"BXYBIO+byU/v0diAHmFT4OeGn9nJH8TVPhwwb7Rfm2c3"},"senderMessageKeys":[]},{"senderKeyId":1186699607,"senderChainKey":{"iteration":252,"seed":"MIP1Zgv6naAFCo9qM+Cux0FI9+EoOX8TEjx4sAFRdGc="},"senderSigningKey":{"public":"BXYBIO+byU/v0diAHmFT4OeGn9nJH8TVPhwwb7Rfm2c3"},"senderMessageKeys":[]},{"senderKeyId":1186699607,"senderChainKey":{"iteration":253,"seed":"5lXODr2RQQHOyQm8u4ql4LDDz1U+H5PwGGmuhtxruyk="},"senderSigningKey":{"public":"BXYBIO+byU/v0diAHmFT4OeGn9nJH8TVPhwwb7Rfm2c3"},"senderMessageKeys":[]},{"senderKeyId":1186699607,"senderChainKey":{"iteration":254,"seed":"nkfMj8C2iyG0S51dAvXfXQr8Ti42pwYd3DP9/uxclGk="},"senderSigningKey":{"public":"BXYBIO+byU/v0diAHmFT4OeGn9nJH8TVPhwwb7Rfm2c3"},"senderMessageKeys":[]},{"senderKeyId":1186699607,"senderChainKey":{"iteration":255,"seed":"5fBSaqVzDT+oZk+x8kVunGJc88z/Y/F7ufmHM2xcXF0="},"senderSigningKey":{"public":"BXYBIO+byU/v0diAHmFT4OeGn9nJH8TVPhwwb7Rfm2c3"},"senderMessageKeys":[]},{"senderKeyId":1186699607,"senderChainKey":{"iteration":256,"seed":"qBv9tDjvrSG+wxHKwrhOpB1BCEbaJdOtwHTRfihemw4="},"senderSigningKey":{"public":"BXYBIO+byU/v0diAHmFT4OeGn9nJH8TVPhwwb7Rfm2c3"},"senderMessageKeys":[]},{"senderKeyId":1186699607,"senderChainKey":{"iteration":257,"seed":"dAba0tsifVO8bbQUAYqpNkOQh2JgAa6O2mXAHtQCJgk="},"senderSigningKey":{"public":"BXYBIO+byU/v0diAHmFT4OeGn9nJH8TVPhwwb7Rfm2c3"},"senderMessageKeys":[]},{"senderKeyId":1186699607,"senderChainKey":{"iteration":258,"seed":"6Gxry0jvqJuPz+P3NfVo8e2HCJUUWET3z/ezFXLMzKA="},"senderSigningKey":{"public":"BXYBIO+byU/v0diAHmFT4OeGn9nJH8TVPhwwb7Rfm2c3"},"senderMessageKeys":[]},{"senderKeyId":1186699607,"senderChainKey":{"iteration":263,"seed":"tWtj+TorAJdR6s/Pyd1/aBv2BRDc410LknJp+bk8SQs="},"senderSigningKey":{"public":"BXYBIO+byU/v0diAHmFT4OeGn9nJH8TVPhwwb7Rfm2c3"},"senderMessageKeys":[]},{"senderKeyId":1186699607,"senderChainKey":{"iteration":302,"seed":"YVPameOVUZonVGWUvIeXW28bJ7b7GPXwjpcA1MmVTWY="},"senderSigningKey":{"public":"BXYBIO+byU/v0diAHmFT4OeGn9nJH8TVPhwwb7Rfm2c3"},"senderMessageKeys":[]},{"senderKeyId":1186699607,"senderChainKey":{"iteration":303,"seed":"hJ+gZl+4yGsl3LRk5Sf7auHdQaFRS5L5U1u+hEK1mDM="},"senderSigningKey":{"public":"BXYBIO+byU/v0diAHmFT4OeGn9nJH8TVPhwwb7Rfm2c3"},"senderMessageKeys":[]},{"senderKeyId":1186699607,"senderChainKey":{"iteration":304,"seed":"f+Uo2Mjw5Yb87MuigbghyzLR/j1qvFLkDbvFvOH0DEU="},"senderSigningKey":{"public":"BXYBIO+byU/v0diAHmFT4OeGn9nJH8TVPhwwb7Rfm2c3"},"senderMessageKeys":[]},{"senderKeyId":1186699607,"senderChainKey":{"iteration":305,"seed":"ftK+KWI9ZzhVp58H68KQp3rvuXvpyUw1hSTC9DHYIm0="},"senderSigningKey":{"public":"BXYBIO+byU/v0diAHmFT4OeGn9nJH8TVPhwwb7Rfm2c3"},"senderMessageKeys":[]},{"senderKeyId":863051390,"senderChainKey":{"iteration":12,"seed":"mTCJ7S5YKKDA/HQMuQPgXx/eAfIEGTazeNHd2AYhaX0="},"senderSigningKey":{"public":"BVw1WJs+Su8+etczXAJi0YhRgtwOe5qbZ8ShwGCDDGov"},"senderMessageKeys":[]},{"senderKeyId":863051390,"senderChainKey":{"iteration":1,"seed":"AAllQXI/aAV5nnd4ABlBVoYUEb+gbeW7wq+aw+cg1Lw="},"senderSigningKey":{"public":"BVw1WJs+Su8+etczXAJi0YhRgtwOe5qbZ8ShwGCDDGov"},"senderMessageKeys":[]},{"senderKeyId":863051390,"senderChainKey":{"iteration":9,"seed":"/rngg3U8vjv7euUnLw14jacb3c2mEZHJCgk3mkvQ3so="},"senderSigningKey":{"public":"BVw1WJs+Su8+etczXAJi0YhRgtwOe5qbZ8ShwGCDDGov"},"senderMessageKeys":[]}]