[{"senderKeyId":105230092,"senderChainKey":{"iteration":31,"seed":"GxfW7HNNSvWGFUoh5SxMYU0CADGmm2tuwZo2cVjIZDc="},"senderSigningKey":{"public":"BUDLl1RtC3YGFVrgmL79rCg99uS1tEINIQhSFQokGEFo"},"senderMessageKeys":[]},{"senderKeyId":105230092,"senderChainKey":{"iteration":29,"seed":"iYQF8DZEIh0DZa+rFmIca+5OTXE0cY17Ve0c8TC61EU="},"senderSigningKey":{"public":"BUDLl1RtC3YGFVrgmL79rCg99uS1tEINIQhSFQokGEFo"},"senderMessageKeys":[]},{"senderKeyId":751539915,"senderChainKey":{"iteration":11,"seed":"DddRiyLEcZhE98jscpWd0Hvji6KU2tPgE74DxCYoUEU="},"senderSigningKey":{"public":"BekReoX/sMG24yg+Cpc43LTYHJ/talFNcCAHpURM7N5S"},"senderMessageKeys":[]},{"senderKeyId":1791375126,"senderChainKey":{"iteration":12,"seed":"drBLddga7l8Drofh1aTxsMQQNwQzegx9p6HnrpmkULw="},"senderSigningKey":{"public":"Bb+XrKihLdQ3loURjMe+zJ9UeG4xeWWnGVZJ62bBtok3"},"senderMessageKeys":[]},{"senderKeyId":1791375126,"senderChainKey":{"iteration":1,"seed":"cgZXn2xxBIuh0AH/iuTh5QKh3IWVcDzM6QI4Ying8wM="},"senderSigningKey":{"public":"Bb+XrKihLdQ3loURjMe+zJ9UeG4xeWWnGVZJ62bBtok3"},"senderMessageKeys":[]},{"senderKeyId":1791375126,"senderChainKey":{"iteration":8,"seed":"r5/HHPgn4v4ltakaWxC18OOXDIq1vScPC0R19YJWy+U="},"senderSigningKey":{"public":"Bb+XrKihLdQ3loURjMe+zJ9UeG4xeWWnGVZJ62bBtok3"},"senderMessageKeys":[]},{"senderKeyId":718541450,"senderChainKey":{"iteration":1,"seed":"i3MR1vRYtAEAUVI+/KP9uSrIlFlFaqZa5CElKsBWecs="},"senderSigningKey":{"public":"BQgpYKunwtVbb6myCbrgMUGFyfxg3CllQmbDg5oRXyMw"},"senderMessageKeys":[]},{"senderKeyId":1570008834,"senderChainKey":{"iteration":18,"seed":"As0hSgDshazLzi5NKGFLKrzdtoq32EvhDwVVpu/wdZw="},"senderSigningKey":{"public":"BSNLsWbWsN3z9UrL6WuEIgg4V3+Fvqs4BI7QCGX4+gRv"},"senderMessageKeys":[]},{"senderKeyId":305145023,"senderChainKey":{"iteration":14,"seed":"JFpFs2lbRqFJ7uGX8niwVoLqKowvZ36NsEbcrFE3zCQ="},"senderSigningKey":{"public":"Be4gprhVc1rNUFfSEhK7waj9UXi0l/Xdbxozie33zdEs"},"senderMessageKeys":[]},{"senderKeyId":305145023,"senderChainKey":{"iteration":12,"seed":"xh+SxJFdsk5+LZiXEiveWiL9+buRTxHsmCOr9xVMTWc="},"senderSigningKey":{"public":"Be4gprhVc1rNUFfSEhK7waj9UXi0l/Xdbxozie33zdEs"},"senderMessageKeys":[]},{"senderKeyId":1877660283,"senderChainKey":{"iteration":2,"seed":"iOL+KaL4nbbEx6Y81jyEI3OyGlzocb7Fr/99H5N5r7c="},"senderSigningKey":{"public":"BQ9aB+u8k+S4iACExnuuJmBdlj60f6UmlmK+VgGa7Wdq"},"senderMessageKeys":[]},{"senderKeyId":1285362343,"senderChainKey":{"iteration":1,"seed":"6McYCgm+6MZ0piLMSOTaO/QsyPnVGrG4FrQgXfHzuw0="},"senderSigningKey":{"public":"BQCGZdEYR+Hq0wZcv9UG3i2yH2mr4Bg/tSG6PPgCr31f"},"senderMessageKeys":[]},{"senderKeyId":1445436098,"senderChainKey":{"iteration":1,"seed":"6DW0BQR84FRWqygGGJO7zA+NfhrWdZJfpN0QmNfl6UY="},"senderSigningKey":{"public":"BWHTHsJMt35kDM0qnpjWz6pcElcioHGBUrJCflarceIQ"},"senderMessageKeys":[]},{"senderKeyId":315615508,"senderChainKey":{"iteration":1,"seed":"MHdifSeyabjtuEX3Pp4C+pD8R97cNtvby1GsfuSI2Yo="},"senderSigningKey":{"public":"BRzStZRuLMjpHCPQCeSjaycQ2/g5aRt5MUaCH+ZP45xi"},"senderMessageKeys":[]}]