[{"senderKeyId":582280056,"senderChainKey":{"iteration":2,"seed":"239okw7M8qrg0JL5VexBvNSefdlhDdX2xZVzMkk0ESg="},"senderSigningKey":{"public":"BVDhwXLo1vyEd7SSc9ZlQ7/iai4qDdmUblvidfiS+fdR"},"senderMessageKeys":[]},{"senderKeyId":1488940919,"senderChainKey":{"iteration":10,"seed":"DjoG5quucFDPHt/gPXKr/HbXLNB7h2nEoh4o51Jk2SE="},"senderSigningKey":{"public":"BUrxBH9aPGijDeB5XrYFYyFl8cDUZQAft9d/33LlvTJj"},"senderMessageKeys":[]},{"senderKeyId":1757699468,"senderChainKey":{"iteration":1,"seed":"fBewYdJD2/m5cAXBYzzt04YPJmCSuzLFmkc95JTcBTQ="},"senderSigningKey":{"public":"BdhEwQkXy4+yFdVt1AMMb7Mg4amRWRykzbvPODwhqld/"},"senderMessageKeys":[]}]