[{"senderKeyId":832927408,"senderChainKey":{"iteration":13,"seed":"sf/fW+UrkGKEV6VpFrMK5fwZJqSOF5/zGKGue75DOSQ="},"senderSigningKey":{"public":"BTyf+oGf2HrCwzAWBCSZQHigaAF2G+oWVwhBx9nJIQAl"},"senderMessageKeys":[]},{"senderKeyId":832927408,"senderChainKey":{"iteration":1,"seed":"RYQ4JJYZluc7ERo3vUYQDykXeMGPhi6RySYxwskGMZE="},"senderSigningKey":{"public":"BTyf+oGf2HrCwzAWBCSZQHigaAF2G+oWVwhBx9nJIQAl"},"senderMessageKeys":[]},{"senderKeyId":832927408,"senderChainKey":{"iteration":3,"seed":"cETigdtW8BGbi5m6BCFrGOO3IREGZrIaF2zINzzYRAM="},"senderSigningKey":{"public":"BTyf+oGf2HrCwzAWBCSZQHigaAF2G+oWVwhBx9nJIQAl"},"senderMessageKeys":[]},{"senderKeyId":832927408,"senderChainKey":{"iteration":7,"seed":"JI37RWHpMt1QudIWcmjH1N/MgnO/5EzCEzhzAxEtwDI="},"senderSigningKey":{"public":"BTyf+oGf2HrCwzAWBCSZQHigaAF2G+oWVwhBx9nJIQAl"},"senderMessageKeys":[]},{"senderKeyId":832927408,"senderChainKey":{"iteration":9,"seed":"s/6JxycD5lF9AFwQKJtlSpVIxbzY1aH7EtSCcp0c8xI="},"senderSigningKey":{"public":"BTyf+oGf2HrCwzAWBCSZQHigaAF2G+oWVwhBx9nJIQAl"},"senderMessageKeys":[]}]