[{"senderKeyId":174032925,"senderChainKey":{"iteration":1,"seed":"L07M+X/XCRZGQpLo1eUwG4+TpB7A/j0eN7JAHCrxq/U="},"senderSigningKey":{"public":"Bea584Tw1Rnbu/FDj8i2SJ7n2ssPlqeo9trTJsXn0JUS"},"senderMessageKeys":[]},{"senderKeyId":1028801456,"senderChainKey":{"iteration":1,"seed":"a8idTOF4NoZxdJG0WdG36duWmzvDAFN6EUNtG6UwW6U="},"senderSigningKey":{"public":"BSJh9wuZZ8xx6ajwzm8z0b6iMpd7P3zxlfdAxUxoaXsY"},"senderMessageKeys":[]},{"senderKeyId":1832792322,"senderChainKey":{"iteration":1,"seed":"yu9eH0nOMGXhDtNgnrJLlqinV7tSHxYxzbSV8xhoWEM="},"senderSigningKey":{"public":"BX2pLV58g1EwvnDT16VBoull3yfJS5CT/AV/lJ9ADkl4"},"senderMessageKeys":[]}]