[{"senderKeyId":1380595560,"senderChainKey":{"iteration":18,"seed":"gzju242tj//47fVZXMC/le4I1VfCalFbLqXeMjnF0VE="},"senderSigningKey":{"public":"BYd4GWDZpxFqm4s9f1O1eWcioEvY8su/oLQEcXyXm9dV"},"senderMessageKeys":[]},{"senderKeyId":1827850492,"senderChainKey":{"iteration":3,"seed":"X5CJhKu3/MjbeGd1C/AhmwGwBiw9C3UnwvCzKekRBmo="},"senderSigningKey":{"public":"BTreFztVTR+/VDDrNe4Ivxam8/Zo8irJvvI9e1CEZ18m"},"senderMessageKeys":[]},{"senderKeyId":688601400,"senderChainKey":{"iteration":1,"seed":"j5Hr169hda9/rhvkzqepXq6yPnTCPUJRsf2fQ32bDws="},"senderSigningKey":{"public":"BWV21qgZEoMLvGcqHPGTMn0k1UZYWU8rDKHDKjdKf7tv"},"senderMessageKeys":[]},{"senderKeyId":381107110,"senderChainKey":{"iteration":13,"seed":"KHsYnXCu0r1U28P47xjl9GmYlYCJui5E7sGMrsBNg1w="},"senderSigningKey":{"public":"BdaCnUTpWgmXJ+79ipVgsBy8yhqTQSmNCSt73T03ZZZA"},"senderMessageKeys":[]},{"senderKeyId":23280896,"senderChainKey":{"iteration":1,"seed":"UWhbLu9oQuSFgWaalLDjCG1mTUsNiIbL55ENkrRA8a4="},"senderSigningKey":{"public":"BR60Kzv0Ol8E4j+yyFOKfKEdelOO4nqYGq4EQ+Wg6IAx"},"senderMessageKeys":[]},{"senderKeyId":1666334972,"senderChainKey":{"iteration":75,"seed":"ABPOamybRZQhvHKCZzCiaVrY429UdBnLKyqbRkRKFbY="},"senderSigningKey":{"public":"BfLnwLHpvWUL9O03gOWB6c1kDaSNKRvpgiznRgwRLBBI"},"senderMessageKeys":[{},{}]},{"senderKeyId":2070359521,"senderChainKey":{"iteration":3,"seed":"jLaGBM7LgSS60el1hYbC/GqvP0yyTK3wkV/qLlspEBM="},"senderSigningKey":{"public":"BQWK700Kn8lUdDkTF00Wqwr135NoWzv8EypnfoFzvdNi"},"senderMessageKeys":[]},{"senderKeyId":1609352566,"senderChainKey":{"iteration":7,"seed":"hczbt4ayGXjMxv3uX3RnKQL1e/fX0Lx9RpCrhLrQErQ="},"senderSigningKey":{"public":"BfpfNLXczVBEbAKX6KrKOsBJbMn8tEvXXFMR24vvWRkA"},"senderMessageKeys":[]},{"senderKeyId":1644965273,"senderChainKey":{"iteration":40,"seed":"loZdg/0Us6kFfy0YjHixfNEm8//7srtp/krJHDO+dh0="},"senderSigningKey":{"public":"BcLKopBUk0HUvTWoDy4xu4PC7SxPTzEUBZpiIb2whXwf"},"senderMessageKeys":[]},{"senderKeyId":1991852707,"senderChainKey":{"iteration":44,"seed":"/UiywpTcanNk0RQ5nBwFIJRiDTfYxzACYWLs+wu2Nlc="},"senderSigningKey":{"public":"BRG4C8Fpti5pOefdWjwuXBMCmU5+Knf2sRanf4eTmFhR"},"senderMessageKeys":[]},{"senderKeyId":1708845603,"senderChainKey":{"iteration":46,"seed":"yjBVlJzxxm9sPkAtRu/S0S+bhnTgdj17qgEmXDE7F8w="},"senderSigningKey":{"public":"BdJwc7zgETs8EpsbJkJp4ot1VQfqSK+GdCh/acfBiaoE"},"senderMessageKeys":[]},{"senderKeyId":1708845603,"senderChainKey":{"iteration":38,"seed":"GnR71hHq2Kz7rsTuOwRQMBIRVlYMP/388s82xW0T02w="},"senderSigningKey":{"public":"BdJwc7zgETs8EpsbJkJp4ot1VQfqSK+GdCh/acfBiaoE"},"senderMessageKeys":[]},{"senderKeyId":1885049798,"senderChainKey":{"iteration":4,"seed":"x/0VGl8WwkRxDlY9EVfCHm42FQ4KDQ/lPKx0qwrM1AY="},"senderSigningKey":{"public":"BVXFLdLkKxMgfa4gJkSFLTSYehBG7sZYUbHmpiFtNd5q"},"senderMessageKeys":[]},{"senderKeyId":1608336444,"senderChainKey":{"iteration":17,"seed":"3ZqmAY/f35DV0SArln4PsAaF+yRwWWBJYU3o+EDCrls="},"senderSigningKey":{"public":"Bf66ArF0KNzP7nl6IxKixItV6URa7t983XKC/w6Z21QC"},"senderMessageKeys":[{}]},{"senderKeyId":1634329054,"senderChainKey":{"iteration":70,"seed":"MrXW4yIXlrcV6pDWiPcKXUt0AJYXFKPr/Py7SziMZhU="},"senderSigningKey":{"public":"BQ7J3wiwzAkZsuDtarw+aqz8DeeSEQ93jFZV+G2jfb0l"},"senderMessageKeys":[]},{"senderKeyId":1964734411,"senderChainKey":{"iteration":13,"seed":"qFmSrkQjHdZ+9GOLbFdu7BpencLpYMdQ9m7xh6zYQmw="},"senderSigningKey":{"public":"BVPGd+SwENprtwzqrH+ydXO1YgwqiQNTkh+aeU1ArmNT"},"senderMessageKeys":[]},{"senderKeyId":446094968,"senderChainKey":{"iteration":9,"seed":"KBzfr7mGsSaATWE5w9FbfhPIlzuYiw4fLsgz6FQK/hM="},"senderSigningKey":{"public":"BX9ZFhiNgl/a79GRplKEyK/Vu8apsmpqeLvAB2dDVLx7"},"senderMessageKeys":[{},{}]},{"senderKeyId":1352906941,"senderChainKey":{"iteration":16,"seed":"yPdCVZaxFErnEzTZFqlx8FBvFI4fQKTg/TNfYOgncUI="},"senderSigningKey":{"public":"Bdm5JofA3ueD5nJrczeaHPwT3xOtWtYvZzzKplUhxlI8"},"senderMessageKeys":[]},{"senderKeyId":418406861,"senderChainKey":{"iteration":19,"seed":"95avjiA7HDQ6rAcHR7/kbX6b69OByCOxHwSSb2//plg="},"senderSigningKey":{"public":"BdiSnCaek2Chy08GHUX/Nnm1NfyLoTMNrEhvwxSEFR1k"},"senderMessageKeys":[]},{"senderKeyId":418406861,"senderChainKey":{"iteration":17,"seed":"wkZUWBpvZ3aJ/UJDBxKXxF5JP/biH5TbBvJWYTxI88Q="},"senderSigningKey":{"public":"BdiSnCaek2Chy08GHUX/Nnm1NfyLoTMNrEhvwxSEFR1k"},"senderMessageKeys":[]},{"senderKeyId":418406861,"senderChainKey":{"iteration":18,"seed":"X5wPJZPIXCxbJpjrmIekf2UOX6KT+EzBlVHCIvmsh9s="},"senderSigningKey":{"public":"BdiSnCaek2Chy08GHUX/Nnm1NfyLoTMNrEhvwxSEFR1k"},"senderMessageKeys":[]},{"senderKeyId":418406861,"senderChainKey":{"iteration":18,"seed":"X5wPJZPIXCxbJpjrmIekf2UOX6KT+EzBlVHCIvmsh9s="},"senderSigningKey":{"public":"BdiSnCaek2Chy08GHUX/Nnm1NfyLoTMNrEhvwxSEFR1k"},"senderMessageKeys":[]},{"senderKeyId":418406861,"senderChainKey":{"iteration":18,"seed":"X5wPJZPIXCxbJpjrmIekf2UOX6KT+EzBlVHCIvmsh9s="},"senderSigningKey":{"public":"BdiSnCaek2Chy08GHUX/Nnm1NfyLoTMNrEhvwxSEFR1k"},"senderMessageKeys":[]}]