[{"senderKeyId":1518124263,"senderChainKey":{"iteration":5,"seed":"MhM6Navce7w2il3AzpoLN2zvpDacrSMpKJq4cd+vtZ4="},"senderSigningKey":{"public":"Babwk2Ue9mUXTW0JBa4DxVZkEG5PsStUwvTU4h1JBTdm"},"senderMessageKeys":[]},{"senderKeyId":1861879811,"senderChainKey":{"iteration":32,"seed":"dy8kvqjZvxDmT216tAbCEwRutOlLX16RUvTTiH12LC0="},"senderSigningKey":{"public":"BY4DnIFx5OcB7wFLb/3VZLQ9FGh/AeG8E9Hn+6AQ6HsS"},"senderMessageKeys":[]},{"senderKeyId":1861879811,"senderChainKey":{"iteration":19,"seed":"0pANbwW97NUVvkKhYcR8ORBLeQzljGv1bGADBix6BRA="},"senderSigningKey":{"public":"BY4DnIFx5OcB7wFLb/3VZLQ9FGh/AeG8E9Hn+6AQ6HsS"},"senderMessageKeys":[]}]