[{"senderKeyId":68089167,"senderChainKey":{"iteration":26,"seed":"f3XvXC5vWk2aL4ZnGl3e4bUUFL7MszdAJF/0dItlSF0="},"senderSigningKey":{"public":"BTZffBNJOOuJwawdr9WHef/A6eXr3qBrM1iEo6u4Ouh6"},"senderMessageKeys":[{},{},{},{},{},{},{},{},{},{},{}]},{"senderKeyId":68089167,"senderChainKey":{"iteration":7,"seed":"VTuL27Drb2/GeBaVQa6Yqzq713Ztl++/l5kMbLxqUao="},"senderSigningKey":{"public":"BTZffBNJOOuJwawdr9WHef/A6eXr3qBrM1iEo6u4Ouh6"},"senderMessageKeys":[]},{"senderKeyId":68089167,"senderChainKey":{"iteration":23,"seed":"oaiq0Sn281c1+Iwo1NZYOXRAkx2BYXLn03JKT69f9Gw="},"senderSigningKey":{"public":"BTZffBNJOOuJwawdr9WHef/A6eXr3qBrM1iEo6u4Ouh6"},"senderMessageKeys":[]}]