[{"senderKeyId":944680319,"senderChainKey":{"iteration":6,"seed":"xLyvKH9CVUpXAJOooKKYICRVked/6FqEG7jMRWRgfJs="},"senderSigningKey":{"public":"BdwL/SXm1dMnSVzoqMezX8ImU32MKH9SK1JRLD5943o1"},"senderMessageKeys":[]},{"senderKeyId":1506347215,"senderChainKey":{"iteration":7,"seed":"NrGkTZihMagrO36LSz8xcYzvj5/WBeLd6OUJL6hRK4Y="},"senderSigningKey":{"public":"BTi0UMHg9J69xA7Fdj/oujNGi1lJgyJoSrf5N/bXk1oC"},"senderMessageKeys":[]},{"senderKeyId":1175279423,"senderChainKey":{"iteration":90,"seed":"rDrLTSKuITlw+//a78b6RcaPU4Eikm18MfGKnMr+d6A="},"senderSigningKey":{"public":"BbqpPMLbu9dtpyJop6+uE4mfweEzwsaOC3flEche8BR/"},"senderMessageKeys":[]},{"senderKeyId":787850050,"senderChainKey":{"iteration":95,"seed":"0iWz2dIpu3B7aOjWJidYMoCBRuiuqvC070Ul5E+uzrs="},"senderSigningKey":{"public":"BaUWZgnXWPzTGZ98flUU+xzsh+M9JWQl5ek5zb+T63c6"},"senderMessageKeys":[]},{"senderKeyId":1445074016,"senderChainKey":{"iteration":4,"seed":"tAef7YzHo04hBNnbTBK1JTd/zrnYEc3vBPjUIHUMJvc="},"senderSigningKey":{"public":"BU19umN7GU5b8EXH74ckZm6ifXyCjFNrmc/hp0EdZoJ8"},"senderMessageKeys":[]},{"senderKeyId":456518954,"senderChainKey":{"iteration":55,"seed":"R0SSQ8m7n7BMJ2QzqK+0MkrQfTreq2WTf88PuhBjjnA="},"senderSigningKey":{"public":"BUt16VQSBDv0PfEtbANfOa8RIeF3cWPLrMiLxI6D3yUb"},"senderMessageKeys":[{}]},{"senderKeyId":738015530,"senderChainKey":{"iteration":3,"seed":"gDbbPZVErdga3qr5RlbO0zf9e6dwTPsaeDS8EeOoTcs="},"senderSigningKey":{"public":"BWxe7xNQOakWbFX/vrf+nWTO3fg71XbdR7L0TQ3ICLMa"},"senderMessageKeys":[]},{"senderKeyId":1658191296,"senderChainKey":{"iteration":2,"seed":"WBpllSGqx6zfVUAkHCW3HE9749fMj/YvS/lecr/JMuQ="},"senderSigningKey":{"public":"BYzpvIh/rdve6W9shPxGiJw/YoJHXcx26u0yk1HXnFJ9"},"senderMessageKeys":[]},{"senderKeyId":1863274455,"senderChainKey":{"iteration":3,"seed":"SSPZiEKjWFRP9VYprjuqwkQKahaQVHKhg+WzJs2EaUU="},"senderSigningKey":{"public":"BUg4j5srWFay/iChY45k3kehlvKAMvt9oPqqFEhWJE9w"},"senderMessageKeys":[]},{"senderKeyId":1863274455,"senderChainKey":{"iteration":1,"seed":"qQT6qRcjQCDxrgfrZjOeVD6GXheA7Ki7s44CFjCuZJg="},"senderSigningKey":{"public":"BUg4j5srWFay/iChY45k3kehlvKAMvt9oPqqFEhWJE9w"},"senderMessageKeys":[]},{"senderKeyId":970428701,"senderChainKey":{"iteration":1,"seed":"+dzBt2P1bV7OlzY23Uu7ODDWOShS7U9ZXNEG1i163HY="},"senderSigningKey":{"public":"BWBTcjQlXbdzUcOHHq0c7YY1sv5at9pA32M5KdWYQV5M"},"senderMessageKeys":[]}]