[{"senderKeyId":1336018738,"senderChainKey":{"iteration":1,"seed":"Rx3FpjVkteKECmdyQOQE7HB6cOBQefGQFls86IqD71w="},"senderSigningKey":{"public":"BW4QXUQEPu5Pa44qlUa0eJ75aSMCvtteEt4coP/+a70i"},"senderMessageKeys":[]},{"senderKeyId":1961952258,"senderChainKey":{"iteration":2,"seed":"zXFi1xnelwYEFzGb1aEl3iJuFecTKGXl7fY4xw/2xVU="},"senderSigningKey":{"public":"Bel9xi3qv52QSuUdqsfTN4DKIsmdJYfnkfoectlzt/J7"},"senderMessageKeys":[]},{"senderKeyId":1961952258,"senderChainKey":{"iteration":1,"seed":"ZqcSOgaA9yGEf92gnBnAH+9rtIXBYNxHCt6d0aYcmQI="},"senderSigningKey":{"public":"Bel9xi3qv52QSuUdqsfTN4DKIsmdJYfnkfoectlzt/J7"},"senderMessageKeys":[]},{"senderKeyId":1385049945,"senderChainKey":{"iteration":7,"seed":"S6QA+FEomNS64bQ+FEYqSa2cMpTjl+e5ZumtiQmF3zI="},"senderSigningKey":{"public":"BfT39MbGrvmuAyCWonj32QcKQYas88I4+dIko52GP0MV"},"senderMessageKeys":[]},{"senderKeyId":1385049945,"senderChainKey":{"iteration":4,"seed":"truq15BMHE8Tcp3CGaPptiUWTSx/PPkFo4rtVz3ZANM="},"senderSigningKey":{"public":"BfT39MbGrvmuAyCWonj32QcKQYas88I4+dIko52GP0MV"},"senderMessageKeys":[]}]