[{"senderKeyId":209462634,"senderChainKey":{"iteration":6,"seed":"vUqmq9KR85DvpcztGUFptXnSVdmxyTaYOismIOeAGiM="},"senderSigningKey":{"public":"BeaUM8Fc1fuobuHcHDS3SoWF/Q1pU2jy6/XODnjbKGVi"},"senderMessageKeys":[]},{"senderKeyId":1900494158,"senderChainKey":{"iteration":8,"seed":"Ze7mqUxSnbpGltT4veuEN7N5+BEwv/d8dF1DV38KOJQ="},"senderSigningKey":{"public":"BWpJr7ke/iJb5baQN2zH+Jq+rThmQ5kiSuOljBwz8Kpv"},"senderMessageKeys":[]},{"senderKeyId":1900494158,"senderChainKey":{"iteration":1,"seed":"QlnTVCQTBMQRtKzNUitBtT9MRbXdf8EgZgrDp9IA5NQ="},"senderSigningKey":{"public":"BWpJr7ke/iJb5baQN2zH+Jq+rThmQ5kiSuOljBwz8Kpv"},"senderMessageKeys":[]}]