[{"senderKeyId":1882781512,"senderChainKey":{"iteration":0,"seed":"1HcfeOLcQwfWxPbQSM5EDVJhMxQ+MldgA8LnUQDlLqU="},"senderSigningKey":{"public":"BSDHLMcJJofLTeCZLK5XKz/RVByljSjm7L3R4sqLuHwT"},"senderMessageKeys":[]},{"senderKeyId":549005878,"senderChainKey":{"iteration":2,"seed":"I3m1iOZHGhItSU52VAezNINxRGJlPzUpz12sG8Lc+Vg="},"senderSigningKey":{"public":"BRl9kU6Fb/cJzj2DeDYdQyfY4BNlQ/8QiZVhL1k6NakM"},"senderMessageKeys":[]},{"senderKeyId":1118098934,"senderChainKey":{"iteration":37,"seed":"g95Bd0bMvuUQAJ03OQsyNedmIK/waK3/1q4i0Jr7dEc="},"senderSigningKey":{"public":"BRWPiqpj91BxWF7+WEB3+hY4t8EVUPsVQ2/Tv2ARgiAE"},"senderMessageKeys":[]}]