[{"senderKeyId":1490809938,"senderChainKey":{"iteration":39,"seed":"wfVEXucR3ViFnyJkvWNi5kTzDKucenV/G7xi8ctF98s="},"senderSigningKey":{"public":"BXbe/e5vCHbWIPHw/UsoHPKxBR43xNL7jJrUU/LjYBlZ"},"senderMessageKeys":[{},{}]},{"senderKeyId":1490809938,"senderChainKey":{"iteration":3,"seed":"VgQG+VJehq1VvXizE1zqalniNsgLc5HjdzIrDzGh1dk="},"senderSigningKey":{"public":"BXbe/e5vCHbWIPHw/UsoHPKxBR43xNL7jJrUU/LjYBlZ"},"senderMessageKeys":[]},{"senderKeyId":1490809938,"senderChainKey":{"iteration":4,"seed":"DKiSvaD1b8jXqBjzJ+binHradySxAI/ZUfwww6R+Y4M="},"senderSigningKey":{"public":"BXbe/e5vCHbWIPHw/UsoHPKxBR43xNL7jJrUU/LjYBlZ"},"senderMessageKeys":[]},{"senderKeyId":1490809938,"senderChainKey":{"iteration":7,"seed":"F0yT4LtzZrt9rUMqTqnKgTg1VHo7Kc5l+F8Tu+BMypA="},"senderSigningKey":{"public":"BXbe/e5vCHbWIPHw/UsoHPKxBR43xNL7jJrUU/LjYBlZ"},"senderMessageKeys":[]},{"senderKeyId":1490809938,"senderChainKey":{"iteration":9,"seed":"fW5CtDcZSMYMSolOU1iyS+oU0u2UywQOTVs2es6XmPM="},"senderSigningKey":{"public":"BXbe/e5vCHbWIPHw/UsoHPKxBR43xNL7jJrUU/LjYBlZ"},"senderMessageKeys":[]},{"senderKeyId":1490809938,"senderChainKey":{"iteration":11,"seed":"+D1TlLCiSrFWJuWPpBO6PV9MCPtW1pjS2nANfuIkrZQ="},"senderSigningKey":{"public":"BXbe/e5vCHbWIPHw/UsoHPKxBR43xNL7jJrUU/LjYBlZ"},"senderMessageKeys":[]},{"senderKeyId":1490809938,"senderChainKey":{"iteration":12,"seed":"2pD+gwTctuJ/4OWhWFA6t3hKlLZUn5yyQPdP6TvQffc="},"senderSigningKey":{"public":"BXbe/e5vCHbWIPHw/UsoHPKxBR43xNL7jJrUU/LjYBlZ"},"senderMessageKeys":[]},{"senderKeyId":1490809938,"senderChainKey":{"iteration":13,"seed":"mcI/etXyxmRWdokhFk0bJ8JpRUB3mnKGCkXvfszP0AU="},"senderSigningKey":{"public":"BXbe/e5vCHbWIPHw/UsoHPKxBR43xNL7jJrUU/LjYBlZ"},"senderMessageKeys":[]},{"senderKeyId":1490809938,"senderChainKey":{"iteration":14,"seed":"ds8WgOMCP500mbAJmp0thqKAHYmKHQTk0vfm9elvNBI="},"senderSigningKey":{"public":"BXbe/e5vCHbWIPHw/UsoHPKxBR43xNL7jJrUU/LjYBlZ"},"senderMessageKeys":[]},{"senderKeyId":1490809938,"senderChainKey":{"iteration":15,"seed":"U3Hp37Z3XzeFxK3B1ZZFOc3FuJK7Ij1U8CpyELt9ejM="},"senderSigningKey":{"public":"BXbe/e5vCHbWIPHw/UsoHPKxBR43xNL7jJrUU/LjYBlZ"},"senderMessageKeys":[]},{"senderKeyId":1490809938,"senderChainKey":{"iteration":23,"seed":"gSrFzh13T20GUYr3HHh+Uioy+xjI9TrtzbVvPpK18u0="},"senderSigningKey":{"public":"BXbe/e5vCHbWIPHw/UsoHPKxBR43xNL7jJrUU/LjYBlZ"},"senderMessageKeys":[]},{"senderKeyId":1490809938,"senderChainKey":{"iteration":27,"seed":"wNtz0DI8fYQg5ZiKqo5/tMOatfxbN+BYEpKDb/lbaKo="},"senderSigningKey":{"public":"BXbe/e5vCHbWIPHw/UsoHPKxBR43xNL7jJrUU/LjYBlZ"},"senderMessageKeys":[]},{"senderKeyId":1490809938,"senderChainKey":{"iteration":36,"seed":"dA91g5xYKg7+lw1yhMLzuNAhhReS0/lB4c6rKlD+sek="},"senderSigningKey":{"public":"BXbe/e5vCHbWIPHw/UsoHPKxBR43xNL7jJrUU/LjYBlZ"},"senderMessageKeys":[]},{"senderKeyId":1490809938,"senderChainKey":{"iteration":38,"seed":"gQHe5MpbHfX+9/IdU+gn8B4D3MTW47S5TKnvV1WGmoI="},"senderSigningKey":{"public":"BXbe/e5vCHbWIPHw/UsoHPKxBR43xNL7jJrUU/LjYBlZ"},"senderMessageKeys":[]}]