[{"senderKeyId":786467798,"senderChainKey":{"iteration":13,"seed":"yvi9JkKkHmSvaZlnCRsr4CgCsQYwjbZzJmQZEV/AciQ="},"senderSigningKey":{"public":"BdNe3kqK8ewfvi7YscpZDeTQgcfZzO/JZwTNMzrY34RE"},"senderMessageKeys":[]},{"senderKeyId":786467798,"senderChainKey":{"iteration":12,"seed":"M025rxegTi1HdoJpmP5wGlGCjIucvDuW7EMMCkHY+sY="},"senderSigningKey":{"public":"BdNe3kqK8ewfvi7YscpZDeTQgcfZzO/JZwTNMzrY34RE"},"senderMessageKeys":[]},{"senderKeyId":1501847189,"senderChainKey":{"iteration":1,"seed":"sZZEp9ACOsrjJXEqODKl+mjFDqETtV/bLTw9TZNsZcM="},"senderSigningKey":{"public":"BfyuzBFsw3/At6Oe95kdEk0B519pQPC2DAx+xuPLOv1k"},"senderMessageKeys":[]}]