[{"senderKeyId":861018588,"senderChainKey":{"iteration":7,"seed":"+ChgCpOdVJSBzMMdm4O2KYuJ4lqwEdGdLbjSkD5J704="},"senderSigningKey":{"public":"BR8VxJCJ+Cpru3rtIYP1YPGKgZ4P4FCRYX+bLFWng0Vp"},"senderMessageKeys":[]},{"senderKeyId":1320238884,"senderChainKey":{"iteration":10,"seed":"i9oPWvgMrlP98aKBV1G/bv2fyxXBz9hmukd68ealjaM="},"senderSigningKey":{"public":"BXWCSP0eBJVFHgOOk81ArJnKHrzfH7UKkMp2AOQcIYR9"},"senderMessageKeys":[]},{"senderKeyId":835649357,"senderChainKey":{"iteration":80,"seed":"7MPXOofj17MPhW/ovQM/C2SmDxjsKgbRFgrDUVxA1BE="},"senderSigningKey":{"public":"BYUoqbBBNMrXLnLnpE/pgS0zUK5hHOGtD6gmWuXLXakL"},"senderMessageKeys":[]},{"senderKeyId":835649357,"senderChainKey":{"iteration":61,"seed":"9wmswpIOLFEIeUkUhs6mMU9GOpxVB+UGjEsfLGfGrhs="},"senderSigningKey":{"public":"BYUoqbBBNMrXLnLnpE/pgS0zUK5hHOGtD6gmWuXLXakL"},"senderMessageKeys":[]},{"senderKeyId":835649357,"senderChainKey":{"iteration":72,"seed":"YXQo1ojwHi5qdC3kZZENztMqrSlCGkQX0se1lTZ3BP4="},"senderSigningKey":{"public":"BYUoqbBBNMrXLnLnpE/pgS0zUK5hHOGtD6gmWuXLXakL"},"senderMessageKeys":[]},{"senderKeyId":1290031312,"senderChainKey":{"iteration":2,"seed":"/C1iW9RcRUaNqGQDIR0M+O11lMeyVJG92HCPv0/7b+8="},"senderSigningKey":{"public":"BYw0C0JMAL/i23a5tHmWezhmuvbZnMnTD6GCmRQVYowV"},"senderMessageKeys":[]},{"senderKeyId":2117971231,"senderChainKey":{"iteration":2,"seed":"HmuwWYJx83UMHcelczk11KUgO01+6GGQQR+aDi9ywtk="},"senderSigningKey":{"public":"BfuzTUVDhu181CPiBZ/gq805FIpKP7nWyisB1P8TKqFU"},"senderMessageKeys":[]},{"senderKeyId":2117971231,"senderChainKey":{"iteration":1,"seed":"QhGQ3TH4IN6DZyHul83kdxeaMmi8zA5E85lZ/tutxNk="},"senderSigningKey":{"public":"BfuzTUVDhu181CPiBZ/gq805FIpKP7nWyisB1P8TKqFU"},"senderMessageKeys":[]},{"senderKeyId":1836964407,"senderChainKey":{"iteration":2,"seed":"XskQkiLsBM//TGcHSI45G8zug9nkvmic/FJwqvRMtFw="},"senderSigningKey":{"public":"BQA2qzVDDum++AOlH2TxdzDiKSdQvQ8TgXkCoJQO4wtp"},"senderMessageKeys":[]},{"senderKeyId":1446425156,"senderChainKey":{"iteration":1,"seed":"mkHT7fykxWS+FAmLfLb1uqEGV7KpdEkrZHalvgav+PM="},"senderSigningKey":{"public":"BZdIDHJy5BIvYBPpCJtWYPrMzAkZ3+xCF2snEMI850B8"},"senderMessageKeys":[]},{"senderKeyId":565884535,"senderChainKey":{"iteration":27,"seed":"CRku+F3Hmk+h2qtKt5Z6YYyDQUr7Sxva9OydR6zlmb0="},"senderSigningKey":{"public":"BfGhLLJxXFIYu0FIG7SBNTOl7q/5L6j06UHWl28fYTQW"},"senderMessageKeys":[]},{"senderKeyId":565884535,"senderChainKey":{"iteration":1,"seed":"J059D/eVP+wNowjC+jVgf6XV/pl05b7ayn/KlGpbWVE="},"senderSigningKey":{"public":"BfGhLLJxXFIYu0FIG7SBNTOl7q/5L6j06UHWl28fYTQW"},"senderMessageKeys":[]},{"senderKeyId":565884535,"senderChainKey":{"iteration":24,"seed":"4CziPunSi/Qjkz9Uy2zwIKQITt/DdeItu9+yY9brpJc="},"senderSigningKey":{"public":"BfGhLLJxXFIYu0FIG7SBNTOl7q/5L6j06UHWl28fYTQW"},"senderMessageKeys":[]},{"senderKeyId":857590739,"senderChainKey":{"iteration":6,"seed":"DPe9WS1AMBnv38RyrQwUmHIhZPKqMiHVaf0sPEsjrBU="},"senderSigningKey":{"public":"BQ7eRgOn7Zyi4E8uaIk4b5IgXmO90c6WXamG0pI/Q443"},"senderMessageKeys":[]},{"senderKeyId":232521492,"senderChainKey":{"iteration":7,"seed":"mx2WRmCFTqsnrIXYpSdT28DaOWjfMKw+lmmNxolQVGE="},"senderSigningKey":{"public":"BfB9HeccnKEGSCcsrqMMs18Nz1goAjeqwLO+Y69kHn9e"},"senderMessageKeys":[]}]