[{"senderKeyId":1342096030,"senderChainKey":{"iteration":203,"seed":"eZco00cdjNDTV1d1hrFnY4l8ljD4IN9OOTNiAF5qg4E="},"senderSigningKey":{"public":"BZgsOxD5Fo9qiFiQH/BBuzxQbdBiQULX2KCCmGCeIbFL"},"senderMessageKeys":[]},{"senderKeyId":434428434,"senderChainKey":{"iteration":70,"seed":"h58e72CW2v6Rgi3y0BIDOe1lksgpm8DxcSeahn1jLXc="},"senderSigningKey":{"public":"BZcpLHEJ7k6KpHgHw5BNLgeNTsEOuo87R5GWryuD0ZFU"},"senderMessageKeys":[]},{"senderKeyId":434428434,"senderChainKey":{"iteration":2,"seed":"uF28okPrhCQtrXf7Hw2K1pscZtK8tPT5SPoZX04bjIs="},"senderSigningKey":{"public":"BZcpLHEJ7k6KpHgHw5BNLgeNTsEOuo87R5GWryuD0ZFU"},"senderMessageKeys":[]},{"senderKeyId":717451073,"senderChainKey":{"iteration":2,"seed":"iUZm0Umcvn0jlmyAP0MNH8M90WVj+SHiFJhk0QzJwyc="},"senderSigningKey":{"public":"BcJuYv5ynLDqus+clCkdl1wotRUgNs1rcELhacfHYTQ/"},"senderMessageKeys":[]},{"senderKeyId":717451073,"senderChainKey":{"iteration":1,"seed":"Z0Yz16xECunrU16WkUNqHEqMrMEZzw9QvQ/M0WgtqGA="},"senderSigningKey":{"public":"BcJuYv5ynLDqus+clCkdl1wotRUgNs1rcELhacfHYTQ/"},"senderMessageKeys":[]},{"senderKeyId":1595803192,"senderChainKey":{"iteration":15,"seed":"Q3ffcdUTAraqBI+JlMZHMk0/73Y0/2k6PuNKZH+a2zw="},"senderSigningKey":{"public":"BTGmBafP83zgAF2SOqxix2k0aSxykpPWRP1P1g6UiQ4g"},"senderMessageKeys":[]}]