{"_sessions":{"BUTCmwnSeaiHHVAQ3kXrmWLqvWBVigd0OmStsoOaQh5i":{"registrationId":960454280,"currentRatchet":{"ephemeralKeyPair":{"pubKey":"BZv0OpHDyTT4BsVx+8gVipDxEqEcXSAEANGknpr/08E9","privKey":"KA2U8bsQL1TBZ4bAR8yrFVYU6WLSUJ3Dq7ezee3sQk8="},"lastRemoteEphemeralKey":"BQSMej298S8iQxeBmqXqdrIjuEO5IETwt29pcAGQvZ0+","previousCounter":0,"rootKey":"W87vHB3eFcX0xJFpAVLkkw1agUYg94TAc9zv+yksrEg="},"indexInfo":{"baseKey":"BUTCmwnSeaiHHVAQ3kXrmWLqvWBVigd0OmStsoOaQh5i","baseKeyType":2,"closed":-1,"used":1686911122297,"created":1686911122297,"remoteIdentityKey":"BRoUCBVp4FUiLjrkts19iuk1X81KBhJUo5A0uclBDgNg"},"_chains":{"BQSMej298S8iQxeBmqXqdrIjuEO5IETwt29pcAGQvZ0+":{"chainKey":{"counter":8,"key":"7aYAa5Ek66oEi9+LV2PBkVc7GsdvYDLYguQ2uOgKbuc="},"chainType":2,"messageKeys":{"6":"d9EaZP9kvXdoZCEltzoXuwi4FOc6fM+gaeHeeXFJnuM="}},"BZv0OpHDyTT4BsVx+8gVipDxEqEcXSAEANGknpr/08E9":{"chainKey":{"counter":-1,"key":"G+lcEE4s0mbvFx1ybnKO/a4HiyIi5RN2TiXA/hIrp4A="},"chainType":1,"messageKeys":{}}}}},"version":"v1"}