{"_sessions":{"BW7O7S3xuOyEJ47lZ2J7kJQpmpoqf4iQmjrGwRC4YaNE":{"registrationId":1343287590,"currentRatchet":{"ephemeralKeyPair":{"pubKey":"Ba6vLBosxhl/Q24S1qKOv7KonfJTTY4tagbilPayGBkb","privKey":"yJl+0OmoQBDD95Lv8U2IS7V+hHgM8h9Gn6LOyrdWvno="},"lastRemoteEphemeralKey":"BaIeCJDtmnYiRzG+HNjcztgr8/Nh7v6zm21QWvJiUict","previousCounter":0,"rootKey":"S+xQ9eaIS63ygXlNDb4K5/cgkzxNySV8lZyGwlXLz+A="},"indexInfo":{"baseKey":"BW7O7S3xuOyEJ47lZ2J7kJQpmpoqf4iQmjrGwRC4YaNE","baseKeyType":2,"closed":-1,"used":1686887537588,"created":1686887537588,"remoteIdentityKey":"BbAec1ZA/GujiYoI8HV2jvOxE+XeUNEKkBAIYAq4AXh6"},"_chains":{"BaIeCJDtmnYiRzG+HNjcztgr8/Nh7v6zm21QWvJiUict":{"chainKey":{"counter":1,"key":"NTWqBshVbQQfINUIn5AMIPh72KPUKGCo7S7CNwcyrSA="},"chainType":2,"messageKeys":{}},"Ba6vLBosxhl/Q24S1qKOv7KonfJTTY4tagbilPayGBkb":{"chainKey":{"counter":-1,"key":"xJ6K/qFP1IX8tYL5sboMdWcB1kyEz888Dntrt5L164Y="},"chainType":1,"messageKeys":{}}}}},"version":"v1"}