{"_sessions":{"BfubbO/XYvMWxBy71GNejHxnUjdAu8Bx28RM3ko8AgR2":{"registrationId":216573435,"currentRatchet":{"ephemeralKeyPair":{"pubKey":"BTsmlpXlljjCV6WPK/U1NgCQ2EqpBwfqo3DJl6t2YsRn","privKey":"ONBcOZ9kIyYnTQ/So0rhkXGhHndVPsaDnTC3tbjCC1E="},"lastRemoteEphemeralKey":"Bdyr6dfk6W+XaUzU1B5+XBy0OHVzLrPW4s532kikCcVP","previousCounter":0,"rootKey":"aGvd1G+rh4ulo0JgH11QyJ7/Nf6Hl18P/J3JjRc9I3A="},"indexInfo":{"baseKey":"BfubbO/XYvMWxBy71GNejHxnUjdAu8Bx28RM3ko8AgR2","baseKeyType":2,"closed":-1,"used":1686923483085,"created":1686923483085,"remoteIdentityKey":"BT4nqJNzgBpFIHAQ2ssji5oOPwaqhGim33QZznM6a4Vm"},"_chains":{"Bdyr6dfk6W+XaUzU1B5+XBy0OHVzLrPW4s532kikCcVP":{"chainKey":{"counter":1,"key":"3rXuY6XwItJc5ja8mqhi+FLgCegUavsXdCOJUIa4ADA="},"chainType":2,"messageKeys":{"0":"dAA7uuNPwUDLxvuFTdO/rFwkg9bQFGwCcMA165omFWE="}},"BTsmlpXlljjCV6WPK/U1NgCQ2EqpBwfqo3DJl6t2YsRn":{"chainKey":{"counter":-1,"key":"EgwayeCVN9fpNsIXMTjRxKTOAv4rKxYMtg+T0eILiHQ="},"chainType":1,"messageKeys":{}}}}},"version":"v1"}