{"_sessions":{"BUGkq/u/mZ04Nw5qkOLclXA58BivbnWNgIxUSVS0Z6tz":{"registrationId":1945830934,"currentRatchet":{"ephemeralKeyPair":{"pubKey":"BXbu2VqMtTtaTAN9A6tl/8HUruafDCV4M/z48HD3UMZE","privKey":"uPjKfpuJAJmP3Gnm6ijknMOCShVCY2pF5AOFCnNbyks="},"lastRemoteEphemeralKey":"BUT6bCIrzl624nwm4+lXeuTuKNRQHPkkZoD+lorafeZ9","previousCounter":0,"rootKey":"xuL8FdfZvjRW/NkcJfDehTnAOoUrZ6i6rMUsFI72lWc="},"indexInfo":{"baseKey":"BUGkq/u/mZ04Nw5qkOLclXA58BivbnWNgIxUSVS0Z6tz","baseKeyType":2,"closed":-1,"used":1687033581703,"created":1687033581703,"remoteIdentityKey":"BQR3L/XExjgT84HJnVcCX0BIPZb+xu9bXaQcJaFVjPpC"},"_chains":{"BUT6bCIrzl624nwm4+lXeuTuKNRQHPkkZoD+lorafeZ9":{"chainKey":{"counter":0,"key":"nTH2SCbZemi4XH4kuXpsfmxcDVq9ctrH92IantE5SO8="},"chainType":2,"messageKeys":{}},"BXbu2VqMtTtaTAN9A6tl/8HUruafDCV4M/z48HD3UMZE":{"chainKey":{"counter":-1,"key":"o/un1xSl0guLZqfpmf4QX7u68DPLJyFp5TqiWTtmgZc="},"chainType":1,"messageKeys":{}}}}},"version":"v1"}