{"_sessions":{"BfO83HG7Lg4OZd6aJdDbnHItd6MFcc+POyS+qrZ4kdZJ":{"registrationId":1868511854,"currentRatchet":{"ephemeralKeyPair":{"pubKey":"BVarO9VHgUSPpPCI7KiLY7RDyK08WwOaSrtt7Ej/RMw6","privKey":"YHWdJLVMlmRZR1YEYw01hKr06Yl1ZLIJN+X0/k9d3Uw="},"lastRemoteEphemeralKey":"BWGP+OtqdXnV8KSt+O2yBhHLbGfmb1bJ4+2V9p3VDNQ0","previousCounter":0,"rootKey":"fAFTt2/moyt4xE3HhUYYuOFPnlnxlppYqeIYiKYB3k4="},"indexInfo":{"baseKey":"BfO83HG7Lg4OZd6aJdDbnHItd6MFcc+POyS+qrZ4kdZJ","baseKeyType":2,"closed":-1,"used":1686869481869,"created":1686869481869,"remoteIdentityKey":"BXvT52yw7yELnIo1enAk+U2Je479Yp/fYdiBz6CdLkZp"},"_chains":{"BWGP+OtqdXnV8KSt+O2yBhHLbGfmb1bJ4+2V9p3VDNQ0":{"chainKey":{"counter":8,"key":"/YpUeRlzF7vmU3aC0+DF4bj1ykFtf9rp0LjWV2qJOzw="},"chainType":2,"messageKeys":{}},"BVarO9VHgUSPpPCI7KiLY7RDyK08WwOaSrtt7Ej/RMw6":{"chainKey":{"counter":-1,"key":"BbO4lQ/VwrJgvMhREezfBVwI2siriSfSlNAHkVLQCjs="},"chainType":1,"messageKeys":{}}}}},"version":"v1"}