{"_sessions":{"BXcpM19SqvmrSl9UWip4ROymvgKaa7ZIzYuKkrqwBy83":{"registrationId":7077587,"currentRatchet":{"ephemeralKeyPair":{"pubKey":"Bf1PlE4YrDcUz7c8DU8cdmjITNO0fqDLVf0mgvf476dO","privKey":"KLI7lLLaPkLvOGHXAEobw5eQt4LqWoervWNcCqHhZEg="},"lastRemoteEphemeralKey":"Bd+mWWtK4cAjaI/0Ciqc8dJSRTP+E6LeKzcoKhmlQylU","previousCounter":0,"rootKey":"Hosbxpyc4O2UynicMhUrI51AbXMNFez6t/uhChP3VfQ="},"indexInfo":{"baseKey":"BXcpM19SqvmrSl9UWip4ROymvgKaa7ZIzYuKkrqwBy83","baseKeyType":2,"closed":-1,"used":1686870934886,"created":1686870934886,"remoteIdentityKey":"BVxoMcF79kLpuj4zo57aOehYe4/dGXDktoT5W/mDZfsE"},"_chains":{"Bd+mWWtK4cAjaI/0Ciqc8dJSRTP+E6LeKzcoKhmlQylU":{"chainKey":{"counter":7,"key":"1SkJFSbaWNTxk/hppxk1zolLS4sTkEa364E7eDe7Evc="},"chainType":2,"messageKeys":{}},"Bf1PlE4YrDcUz7c8DU8cdmjITNO0fqDLVf0mgvf476dO":{"chainKey":{"counter":-1,"key":"MEoDmSFDJ5leupbPHKJnleXghzUqXekBT/JQCwubz3Y="},"chainType":1,"messageKeys":{}}}}},"version":"v1"}