{"_sessions":{"BfxuYL8jW8NQuHJ6AwTG6yEYgwEu0RheU4BO9/CyXrMm":{"registrationId":1640381163,"currentRatchet":{"ephemeralKeyPair":{"pubKey":"BQ+vGRMp6RFyQ33kmgTmDch/6BrUhvhgHkhVg1CtepVN","privKey":"MOmGrLfx5sEg7qrA93NDlgsraSfaV37DX7zIYPEeg3w="},"lastRemoteEphemeralKey":"BVe7qWH2xbmqlATaSScqCnfzCwQs7A9qplKGr8uS/FAQ","previousCounter":0,"rootKey":"V+fbZ7+5/ZE31PibfWCKT/pNprEVOt2TuhUSdxNdnkg="},"indexInfo":{"baseKey":"BfxuYL8jW8NQuHJ6AwTG6yEYgwEu0RheU4BO9/CyXrMm","baseKeyType":2,"closed":-1,"used":1686930795472,"created":1686930795472,"remoteIdentityKey":"BYCnX8UhfoOGChivIRBHLzRhj394tj17U6rm9ny4zmQt"},"_chains":{"BVe7qWH2xbmqlATaSScqCnfzCwQs7A9qplKGr8uS/FAQ":{"chainKey":{"counter":1,"key":"adw8LX5JbL0k2IOY9CgFVMmYgnTjYrUNm6tyOERpOUI="},"chainType":2,"messageKeys":{}},"BQ+vGRMp6RFyQ33kmgTmDch/6BrUhvhgHkhVg1CtepVN":{"chainKey":{"counter":-1,"key":"uvMnxZrit2aHe3n1oNzGgjvA8LDjPwrraejWx0lhOnk="},"chainType":1,"messageKeys":{}}}}},"version":"v1"}