{"_sessions":{"BUBDltJacbEGuFoxjyL62WD/Uns0Bj7bOzjbAI13pZVq":{"registrationId":2110228483,"currentRatchet":{"ephemeralKeyPair":{"pubKey":"BWHeI9GmaPbtcTFSWCQp4Dta86Sw4xpRqBD09WHj7NRi","privKey":"0DgTw/va2srTicgrKmPR2tioj7VxquO6PzjDnn/BCnQ="},"lastRemoteEphemeralKey":"BRp2Q1eAwDsu4JceFoZ9Ja9qN6scxao9TYX/hEkAYasv","previousCounter":0,"rootKey":"rxjTzb/zaTskMArFjwADEaKEkPGBIi2Xdp/uOLkD9+Y="},"indexInfo":{"baseKey":"BUBDltJacbEGuFoxjyL62WD/Uns0Bj7bOzjbAI13pZVq","baseKeyType":2,"closed":-1,"used":1687004990275,"created":1687004990275,"remoteIdentityKey":"BUjBLKLO7JGF0UvAUW3JZcd51QpUqftTzksaGdVKinJw"},"_chains":{"BRp2Q1eAwDsu4JceFoZ9Ja9qN6scxao9TYX/hEkAYasv":{"chainKey":{"counter":0,"key":"gkvoxnf6DMb1OvTcywXXl/lvp2wrLax4nmAsewR7bHM="},"chainType":2,"messageKeys":{}},"BWHeI9GmaPbtcTFSWCQp4Dta86Sw4xpRqBD09WHj7NRi":{"chainKey":{"counter":-1,"key":"y/rgYXzAojAHaZmxVWTrnG6vJ0P7YfiFvT15Yok+E0Y="},"chainType":1,"messageKeys":{}}}}},"version":"v1"}