{"_sessions":{"BZ7nULiFx1sdvHRn3yQXvNNiSg2SC3qloPs6Ok0k34x6":{"registrationId":348743740,"currentRatchet":{"ephemeralKeyPair":{"pubKey":"BUrVLSOh2ippjECPk3fGCorTlpy2vboHLFIeKLkoclcn","privKey":"IP9RS/6sv5DNmpg7JEXNHAZP88oisVSZ8nd32s1FAG8="},"lastRemoteEphemeralKey":"BexDO6qUXC7TyTgle17Dvo6zxVnW35FYAGpzXqQYS2YS","previousCounter":0,"rootKey":"Cke8YEQVhles1ZmbqB8dUQ2FoyYzMnub2LEYkNGgqeU="},"indexInfo":{"baseKey":"BZ7nULiFx1sdvHRn3yQXvNNiSg2SC3qloPs6Ok0k34x6","baseKeyType":2,"closed":-1,"used":1686848405407,"created":1686848405407,"remoteIdentityKey":"BXVSNzO84omWGZH+FeSDwreZN5SY6wm7JdtHO7m1Obo9"},"_chains":{"BexDO6qUXC7TyTgle17Dvo6zxVnW35FYAGpzXqQYS2YS":{"chainKey":{"counter":2,"key":"w5mq9GqFUbtCwfSlcGhgS37nzVNydi7DwyNeIwmC3fA="},"chainType":2,"messageKeys":{}},"BUrVLSOh2ippjECPk3fGCorTlpy2vboHLFIeKLkoclcn":{"chainKey":{"counter":-1,"key":"s7HcxdmFWTWm9D8Cpevmi/j14sy+A7t1ldBVyU41u8Y="},"chainType":1,"messageKeys":{}}}}},"version":"v1"}