{"_sessions":{"BX5v142NILpDWrYZeloaTjqkNZDz+4FhTpGvPEI8KhQR":{"registrationId":1595871287,"currentRatchet":{"ephemeralKeyPair":{"pubKey":"BbJ28BEHKMMZo2vvWqfUEuIyKN0AHagZkQ2qFcoIwRpm","privKey":"GEAGb9YmYOB/0/rjjwSRlhGawR1pou8SoZMhRyakSmQ="},"lastRemoteEphemeralKey":"BVs1NHWAZX5KMuVzppAvW8YusFPq+WcLFhkND4iB2gc8","previousCounter":0,"rootKey":"akC9Xown7gDTTKMLU+1BT/B6K0qSCoNilc8rHLbqIdk="},"indexInfo":{"baseKey":"BX5v142NILpDWrYZeloaTjqkNZDz+4FhTpGvPEI8KhQR","baseKeyType":2,"closed":-1,"used":1686867207773,"created":1686867207773,"remoteIdentityKey":"BQmFB+k/sgLf0O0InF9K08mwXRkkWMM+JtjyAo9QavJK"},"_chains":{"BVs1NHWAZX5KMuVzppAvW8YusFPq+WcLFhkND4iB2gc8":{"chainKey":{"counter":1,"key":"ndyzoG1/f/x6BQKQO2Vj5+LPan+eMPgc4snmMFAol5w="},"chainType":2,"messageKeys":{}},"BbJ28BEHKMMZo2vvWqfUEuIyKN0AHagZkQ2qFcoIwRpm":{"chainKey":{"counter":-1,"key":"0qexv7ROparQhvsxYGvuwZ7erREo7RQohqNcs3HNSJU="},"chainType":1,"messageKeys":{}}}}},"version":"v1"}