{"_sessions":{"BVKXO3hxmY51D7KuSYhHh6i6spQ69KDc/3MYCZgQoDVZ":{"registrationId":78445008,"currentRatchet":{"ephemeralKeyPair":{"pubKey":"BZBlBXY610zn464BPR7Oi9lADzQRFdKvs6gSy9v0/X06","privKey":"uG8fVHyIUWc3/3iLvA9DoypEwwZ4SDhL4uQybvES7nY="},"lastRemoteEphemeralKey":"BY4vLthC3Tb+lpP4orUkcRH4CqoODH0dSLkL/Cf2lA1L","previousCounter":0,"rootKey":"AwL6elHXBcHcqQrFjHgLj7nCNdQiCWkyxzmHijl8VTE="},"indexInfo":{"baseKey":"BVKXO3hxmY51D7KuSYhHh6i6spQ69KDc/3MYCZgQoDVZ","baseKeyType":2,"closed":-1,"used":1686982427692,"created":1686982427692,"remoteIdentityKey":"BbFryjRinjIaRQDPzJ3kwnW6vad1Hsr8F9p2FS5yT6RQ"},"_chains":{"BY4vLthC3Tb+lpP4orUkcRH4CqoODH0dSLkL/Cf2lA1L":{"chainKey":{"counter":475,"key":"6Ssfb1XWXn0kGcAL/NCvfb4baWw9vFMLUwtUQEWhQZk="},"chainType":2,"messageKeys":{"0":"jDFC0Z4eY9/uY1F8LVoc+RkjgJ59Ft1wzK82g4jKiBM=","1":"prALs5uhR0rMNOvVoxS/Q6YU/7Mf5NmaKjtwnsSOPgk=","2":"WDw1qXxTPT9jaAtlw9jmUzvNpT0ytXDcWR8w3JoPelc=","3":"24SurbOsohwrVqWO+McvSIFl8b1nG4q1oWjCykoXa44=","4":"PMr/jrTDP56Tqx4oN/I/QlCxGyaI1cGzmEKJp253Y/0=","5":"rCYxtGA7qzU/LxwaZ0RanlnbStSHhKx/3dsdsEx6Nf4=","6":"fqEH3MDa8hr5S3oilVPErOsHdTmzsrBrTwPz0So56AY=","7":"WfJAvlqz37KXKgANToaaUVTxStT69oX+pezj+cONEHo=","8":"q8m4Wf34Q/kqR1UxZIRmQlEcGTyWYQQbfx25SzH9BiA=","9":"0UQahIZ/ps87f049erCn9q/CW6JOvcYVbv51Nq6bq2w=","10":"m77wLiB14AySvPlDoZFpEfZTkVHOkQbsJsf7e9g6qdk=","11":"WCPk6iKHcct7Lt8dUC2h0lwaZgmeDkDMe+q1WxvN6zE=","12":"JY35/WsAHV6UamnjaXZ5+hH3Q8B0FJWhmli5DXRfMOk=","13":"MBPyVZcN6trrMLX2PZccPDJpfty9nD+97mTd7ri4V1c=","14":"MMDdCELqfzGtZzg3dRLA4K+7PRM0fscCUN7W9H86/y8=","15":"jk/QlK4Yp8Coui76g95abSPo09+XdM2XycZtn1KAiEQ=","16":"v4rHqmrDUGZHYouAajPLtJZGSKoekU8NOuDdB+tOP7g=","17":"rIrQgWuhyGW3hNLme2zxT7Qdi9t8qQvYm/QKpONbdec=","18":"Wf7Zld9uZ5AJM5eznx9teLlP4N4u4Ir/AC7EWXtUsW4=","19":"mdBD2titc8tBww0vwPGI+d8J2saCvWlqxbI09vFVsyk=","20":"ncGZoV3KFxSWVuFXdsvF/YAvCQBClQTF74JP9VXsSSQ=","21":"LLxFBSrI6UWt0gwXaQ5jwmc1DTB4Zde1BFRe1Gng4N0=","22":"rWv46C4AsWbqAZKuWkXml8zU9k0Kt/H0rifrIXP03jk=","23":"NKJPQQuNxMw8YOKi1w3enbdaXkyM8zaFhXe6vfrQ4iU=","24":"/1xoSU1HefQyh+fyjYQgBThibHHpWvm8m0nNbXd4bpQ=","25":"nP6fJsM27i8DMcPt7E71lkSNkFQ62xCmc3NdVR4ZTkQ=","26":"l9ol1sm4XCCrI4eTN/JoAp5SLG6gouT4hO1VRZgyJ6U=","27":"2Z6H+OQqm5KrQL8sVuNaBPXvk0cxpRYya6PO730sf/A=","28":"CFsw4JmgaiXPYX+ZTT+TONxw/Vj5ZPW8QGjcNHxEmbI=","29":"s5fIbVGnXw5aDer7A7jQjC2JCZB5uxTkHy8TLEp7BJw=","30":"Jc+IM3NGybd8wn1Jq+VDfOcKhL5pw5xmnH+6OKwOXy4=","31":"byKKAYq45xWFopWnaUFYRL5bCoOVQ0XcGxudes6evJA=","32":"vyvvrQE+dqfnya2CH8ptCUS6/cxkzBhH6fIyNyq2lNE=","33":"z40G5n3hjvpetXSiXXYXJEkqaMhjvpM2LxCdBCXyoi8=","34":"nzmGfKd83dufowB9Exgv1hIhGxrv5fCPKBBgsS4BOTQ=","35":"p7d4DqC7UQTCVUSugK0T5wO7DMBL20qrqGOFTMCAp20=","36":"ecGjB1TJk21+oEVyp71mhbYoBrTgLB3QutjiaVEKwBc=","37":"Of3U7/dllCGf5Q1MQX48fZu20CI+V+zrNC7RULXv+pc=","38":"At8ZJwraEbZh1xuIPHudQCOUxUKtHD29NtMPwxhqDCs=","39":"tMokE8q+u+cqkmKLPrpfhw8b6SUF56cDhV4GV/wnkOI=","40":"kFiZYVuMmLg9DJ4w3Q3yD7mKDwiGEK0Vt1m6UWQvMj0=","41":"j1djzZe6U4kQp2Sto/a4yq8PZbs8GguRLnHSd/c5zyU=","42":"szsl3wl1Atf4RB3hl0LES2Tua121pfifWQfcQdiAJsc=","43":"yh4z0gLGtqv1Mh5VTf7h3H5P6Cmn8+d+EMhAF9nqJvE=","44":"KVr4VabjnaT1kFdcyp5HS2mIw+fN6Wotk/AqSMiD+Lk=","45":"fPKqkmxXzjKyi06mlPSw63AUYb/sAuuxmb99OSS4hCY=","46":"BQs6/XAsnXwDbXRyLBh4/o2V709qhVk0HKvznaAtlQ8=","47":"NQ4omiJQYsVYyyj+rQ5vc09S8GwtphCKPpkqbkue+4g=","48":"9vG1BSGgg2w1RADoqg56N4HByJAZ/+ED/YBwIIfsgvI=","49":"WprNSnHxAfeylqu0ApEmdS19PV8qVCAJJjvGK5Ns+mQ=","50":"NlL+Y4R5+dHbklHETJ1+rRP2I/xDec3G+LGrhR4QbpM=","51":"ddLXt9WtmkAXpVr9DjqISoBSCm0mODNqUF1HK3NK8Us=","52":"WjnP2kVaRwD+Ha1Oejq/8lyIgoSxFBeY77Hp+LjquJQ=","53":"JFmv4vsTPTZqVyYBULQe9oT/p8xopBG6gQCymO/6RZs=","54":"PWbVg0mAxlWVw3Mnn8eoP/tsUJj/vCn8vkDIuznIgL0=","55":"9oOX7LANSA8+zaRsR8GuyiwW+mZxt3J/m6dTTmZkknA=","56":"MerJV/eDRvqtE5EdrLBdPqADuyOYNbU7whZoUMj4Yyo=","57":"5Qaly8dYh40YFKTYwV+xrOr4jA7r/OUAC0HJdGW79B0=","58":"G8Pjh2ah9GwNnQ8ZUYbpDWPZ2hYlV46dYih/pKdvaU4=","59":"kMe1EoPvMqR6lxoo8zr0ERaxO57fCebeP0tZh51hwiI=","60":"KB+0TklmDNxMychUW/uEx5MPZhlnfAY+hAMk1kNEjgM=","61":"jDK4yL/rSbiOa3de4oTfU2rt39XtFNyLoDvvvJn9L3A=","62":"KC0h9BeaUQ4whwJkAHBaf8zhpv5mbCUlAZcWIE0GMjM=","63":"NwKfbI9KiHfDk+9uHdt61Iqy7pv8PiUTw6Ajil3aahg=","64":"YmMm4fEk0eCcV80CjoP5OF12gmWQugv/wcWZHlxpZXA=","65":"vL2JjXxX2pZzH5tnAIOXE8KeLLrGxMJOzYm7XurQlLc=","66":"m/q8gGByZsdSEZrJDmbrxCPbizQpIn+nrDevmiZNNLI=","67":"YoD3seZt2WUVqtZvXAvSw1RGBg5X9AbxpDizvnubs/Q=","68":"1ltrd9OaK5jA3lPL1wcaXYSeHYB/vQD3DXdmB8d1+7I=","69":"GOHWqsQnNI5vuyjNbbfpKQaCn/BsdmAUsS5vymHZFIM=","70":"ZaLanF4uhl0LnfaB2/hlj/VLLGmrSceTUYxlD9WlPP8=","71":"oACHjlPYUKLZV/mY4rJ32FoCQdhlCbkfVAU14CSebKY=","72":"meZk4qqu8EJ1jUfvQgHQ50Mrv+jwhUTYgL/3BnwOT5U=","73":"1Tc+yTUOUAhmNZzjlpLnP8tvy5Wyc59usMbGdfp+HzI=","74":"qGdVTaHnFJpObWCcHTr+st9FRsbIQRTQxt8jq1kTTbs=","75":"uZVM58tJ1KND5klOTxMSR7vfZXV1zdRID7X9UQsY4Hw=","76":"PYGPwT9Oex7iA2HzRifmtve3/MgSIPKpolsfOPfqMbY=","77":"SjmVSogoxoAWhuuunAHQkpM2OQhN8/fvRRCqikUD4eo=","78":"O6a0VzseRoCdaKWLECMzQC9biOtb6T9YlkCOg4vvxCE=","79":"ZcLgAoBdxKBy+jdwab+URL+ppzxE665PwXO1vD2b3xk=","80":"itX65l0Ye4LczeMVx5q1qYiI2/jZX56IsXnKgkYXSWw=","81":"ER5dY07sKtBWGxWK47mDXkLP3gvMxSTwzdyxJS8IrGQ=","82":"58yXAWt0OT8JtlN6QaipuEtz6kMxtINQ70p6W+bSDjA=","83":"eu1+ehaw2jBckDSQIZQ9LJdhz87k2r1r/Cd6/Y4sYCo=","84":"Kv3DwJcP+ih2j6sUYa7Za+qo2AfPyKcysEv/tybbvhc=","85":"meYKuygQ/ydlThil9YNxRWvehpn99hTVJGP56k8KXVA=","86":"k6Q/WZDt8lOSVWQA+ooJyldufa77rKSAho+cwCrlrP8=","87":"yIwE4ljC4PR0gdzZRHmcM6MLgkO3C2skGht9SKeF+TY=","88":"BQY8X0tQrhwHNIyri+iRGbOMxbF5FSDZx975JfmZs/E=","89":"OczMF4Z+SlTqyiqga6PaMGfoCQn/o6sq7yLHkl8VQ1o=","90":"zVFJZ0mDH23BZ2kvisxU+TfiFYq+AKDajkqBT7tGAA0=","91":"QVAgWyETuh/Zlt+xFabBoA4kXu04kB/iO/WL/p9Yo6o=","92":"grq2mFGcsGFFkRJJ9TUf22J0ebg28ZGEESmZ/oLhSHM=","93":"2tbE2MuDxeGk5rKmPLIh7C3p4jcOBeaI6tIlcyzeLUE=","94":"hbqjIZdV0soY6CcgU47Ck26zDiy4BQHh1Ye1ua0TXXA=","95":"TMVT5k5PBfI+pSbLQJMQM/4pNG0q8nEMyyAfrR3nXxk=","96":"mNrNjmsshdrqiQuuxnN8++TB1rAU+rfCfDWN8T5d38A=","97":"m5LFqbdrkHxXIWHDNtUCiFnTKw/vcV99EGUqSrG3ScU=","98":"1YLdsB5nA67GV/30Sssbvzevt97QMo3fePIGJKtS4g8=","99":"dbA82mpCAv90AfCiT0AHtxCFk4g3cUAdMTBG35a57jA=","100":"OdxkoPCNoxkdEk+zCTfTqzAvG30i1M7nPg6zPyFhoPY=","101":"uexL4+wG+cV+1HnOwZu54XaIVi3BEvCe363vj8BbU5o=","102":"qCMF4pZcFikezupKBi/RkBDDSvlxJJML76Q5Qw7pOsw=","103":"8KPQQlu1E59TlF9HogZsfc0TJqF7WpItPckPs94YWhA=","104":"jGXoj0ll0YzSIYKZuRlOvm+cUGglMGFri1Q2zcKjsUc=","105":"P845E/wywuGfR3nT8bozZ+ee+QKyI9RvEq3/VwkU4Xg=","106":"jSOddLhbA2S9oujf0MABYQhDEuZQn4l56jQSNzOKcbw=","107":"IDgm51g03LHes5778naeJk71qaUxlkj6BG1Kr7lzDis=","108":"dq968M2AuvmT1Yilwvf+KrK9aBXqi8DXgs7Be/WH+HQ=","109":"bX7OCbO1WK/VztwcOMgmNiuWHXyThneYoYWNLPggjXs=","110":"NLzD9IlWMNzeFeIN+OaC7rupWvBkN5npK639rjJvNMA=","111":"neEQyn8vi6VJCR3jGRVtUqzOd4RPCTwWFwNkN1OYyNM=","112":"wWIj04PbHvyMi7o3mK4gCfISA+s062Fnb+rfpx5qDww=","113":"4EyDBmouYrNTbk/BZTwzvC93xdaPjpFJr/jAvJnhZoo=","114":"01h0Q/nXu8ZWtTea4M+5MtZ+SVCeat8ZYQiAsa1MHPE=","115":"79br4uoA0PXESbXNTMc4ASgoM7HQ6WafBuBkRGDLEyk=","116":"Wr4W1c/bAJj9SH+VRHXyyERGa49sDwrldgYnLsUUMw4=","117":"9gnBHLWmI1MHBL47qvWRtYSX7vTzLxqfbcMbylMcHdY=","118":"gUpM53P79mhuM2gLxQ1a8UbuGOQ+abEph5IOR96OvQM=","119":"U1fc07+HBtPPqGoF1FO2TQbNl19CuVyQ+q7jv/tXmfs=","120":"y/Ko2U76GtrnVB6bMNbwOY09WLsiGnT/pJMMmpPDJKY=","121":"3TRawHGFEnZTEQI1dYW5fukS+C1mkHXomq32NCokW2o=","122":"DHK0oQcfIGqo2AW684x4d1CyhNDOjqAX7aQbzgpZINg=","123":"mqUxiV7jrCTeuWNPkbU0wg0QTE+DpbCq/EbxDwhT1N4=","124":"Lo0b5hehhsdQBE8PEpYMN2M6qMhYDRgyh5KJCU0tOxg=","125":"okwDKp1KLk38nXGmkuxXEewE9yaGXdRre6AuG06vw5A=","126":"qjHejAVbuB8ATy9AzXTFvAxmNbLYPKH05GN61EiZBjQ=","127":"Tu+gCiEVszBuL7QWlq/KL4oTdu34jBW+CVrPsVtjRWA=","128":"2vkbYCfAP4FVSGqxgbtI0vNpEVaS2xrJzc6COyqe0Jw=","129":"IMN+OtVaB8qWOuww4vhp63YaT/zTllcAR3awvgRoq2M=","130":"bkq/p+nayXXn+oBHOWF5NfNEovr00RDgUc7zkvcZPXY=","131":"z5wBSiZHkRuRfEuTfuGX35cRK9exdw4BNQRljCL6fms=","132":"FPdWClrrpKjV7f3jlABnURycnU9yKUCscYrgEnby7ag=","133":"7aQRuugogH9nVmK2krDlQPzd1UhnT3auX67D1Q7bbTo=","134":"00w/j0l0amr8HUJDMQxQskP3bJ2N8Dm61qCOTEzueMQ=","135":"3yoM04w6nyOIafkzMbhq6ltqvyzL3BsC9I7TW0nU+0U=","136":"qXrvcIhoiYHhDuO0T9y9kZWu/MpkoBhlb5k3Z5D1F6I=","137":"j/IpKRhU0LW6r6d+2KM66gyWRShIrWb9JG++JNWta1s=","138":"0FuYT6UnL8+SOxn/Qq7cM/4ygyz9CT+FWfW1klEcTRo=","139":"qurNovP+WppsRI33hZifUisiBZlSVB15/rpIfkGLJlY=","140":"fkiFA7uveszrDTgkKLCcqXz5rEy4wathLoBhJNXUiaw=","141":"xt5WfjMLJiR1fvubz0zqQFxbeXPO5p7yn1JWAd5FLJ8=","142":"rJj97n5ajCfv2N+lo8jHFLsMI8B8+vmHL7h3A4CY39g=","143":"H9Hny6Q0lWUZg35VtqTcBwV8tCaINQFru4Kr0wem1Zc=","144":"0OqPgbJQ2Stsr8jCd1eXAaU9QkvSIwiFdFMZruL/Q6M=","145":"KZjkqL4QnR/71ftpBFsLXNvVy4phiDbIePYUPxqJXlw=","146":"2o38SM7xTLGvbFuWTKusrNUi8cVyFTFUClyccEfAKVU=","147":"yubZ2KUiQlW0UrAn3esaMDU4956YuspPBdSAPh1rPMY=","148":"onAvDJqjscVkePXt/pO07ZfTCvRQkU8GnzvY31HQqXM=","149":"qDa5rf9SVtzhk5uKBMAKRqzZmHlKKa1VvGZZOG8aEDM=","150":"++iVO9XfvkeHW8biWBc419zPhK2tMOzffJgzx4PfvkE=","151":"wY56cGauHwtJuWS3jd/cbFl76le5+MTFjDH5Ympg0hw=","152":"Au1qLqelPf8twcrxmTt78LyphzpprUKj+wezu0RFulY=","153":"5hgi72WpMCYJShCCZuvOSHSD3gjtsupthdwOcdCa7u8=","154":"3dzL2Is8ZX2ofHIkEe0xg7Fe1vU0vjlEe94vknFSiAY=","155":"yW1QUyT4nG13gHOOV9WwqnGsnJutK/G4OKoHP/XlZPA=","156":"qprt30Mfd1C4JdlVSBDKIKiO3EjI6MMLrcvzCMH/I5Y=","157":"tlDwBJAHQKR/3wXr7cw3X5nvVmp32Uun4arjsJVJcPE=","158":"bp09K/h+aRnWvtAtc9KiOn9Fqfz42qVZeRQZYymzS7c=","159":"3z993mzUY8tOFkqzXkbc3KmRILQ2RnSfSkphI9CPmSw=","160":"CcX3dsPmmtd2OAUJvux+wJKOMLC7JTb8TZifxDV8B9I=","161":"lVKTCMPlFfkEv3yPHDfpEZcin/kvHY2RSYAYR2uve38=","162":"MYGpVFe1pkUzQQUX0+fEDBqArP3zVE3862yGS5qCcPY=","163":"L2G8LYPq8vpA/QMWzneND8SksWfXcsf44IobUnvPJBA=","164":"buu567qK6Dclszz8JZWgxxsmck3NQEAnngJGPnTbypY=","165":"aOczQNL6qUSBULZ/nY7hINYBU23NlmmiGq/HkkJxk9s=","166":"P/NdDYJj8d64qqyPNbWXBc7C5NdP6upzmnA8dZEIGTs=","167":"WtVCRNFRiK8URQqy6Z09arX/1H6If9WvhQwiPYO+Ohs=","168":"LNwtOzqC/+jn7i5O6z9S8D2RktJPrHyxe+mZrjI/tEc=","169":"SQrAnkq4VVAqcehPHB/f5Dsd/9+hPH1itdIB/z/Il8E=","170":"dr+pZ9FnNv3F2FC7jw2oa9e51+j7wVnqmfuk2mqOUqw=","171":"i+Y+41cEESHy4Cbx1aufslI1MV4U/qzuUG0xvixvmC0=","172":"U95Fo6cAw9TElGd7MsSyIjkTlzDBE0/UfRH68ROz0j8=","173":"VQllPhFVldq7bzN5k7wTfExLJ5ee0SXKHvIwvl85oCU=","174":"4ucShhT6IfFTm4aJJwWxcCOI4Jzs1a7oHWQ7uovndCk=","175":"17wQHlXKdpHKJKxSJnj6O+TUmfydpvFvgpU6i81sxD0=","176":"7rVKNSCCqNqAHs/zkj7ahdafEgyGZSIaxR89Wo/KYOY=","177":"rMg+7mxb1VLDuCa5jlCIcyEqrlKDxvSGkBll2L28Ysg=","178":"J0yaFVwVvKYtRZHw5jn13MA724KMiopi83aw9S+chJQ=","179":"psahOSWwbLTz89h5kAMU/Jat9vOdgjpg53oL9vsbHT0=","180":"4p0uDJYDYganJVOfcNSZOQF1/48DRhvKWhnoOdXu6Pc=","181":"QOD6ZW5FRQAZFaRZp9A9TY97jZnL/1btoUDUfEy3VH8=","182":"aVycz+F5bWBlrDQ1YMuPF8GgfuMxYwY4OkIvmNy2org=","183":"LiKkm645Kl830NDFi1HC51M0AF0EqWvWImaEpq+yTow=","184":"LxxvNMhc3QFEjRI1tj6RShYLaTFnWuF5wvPXJFVkz6Q=","185":"S4SB5peM8EaPNobASdfiKj8AgXXkY8M5prQ65l/Max8=","186":"1GyzNTtJQlNnymTy5aEUtTy1KBT6awpPxp98bKSivdw=","187":"d/zcRr6qbq1mN9qtSD0+4PXX7J4fQmR/kM/WziuHbCQ=","188":"9onNaMUCotnX+cYBVWy5rHaRk603J3BdQVGrJzass/Y=","189":"Ues7ZRZvwvOJ674qUq8rp8LYV5nA0EKGl+H0NhYIJNY=","190":"szJ4GIvp4KhIx+RZSBClxjoTLerz0nCNXcY6IAKTKjk=","191":"UPLIaOaBTI5CG7EPayiDuKL4H/gQdgD29ZzykR/rB80=","192":"337mmAsgz6wOf/6jkATHmIUHBwVumfgQQtRZhPusWtQ=","193":"4qPgQVyVfByvBiwAAXtJnd3VMLYJstI7bcfGzTybZn4=","194":"GgwOLyxooeRfmvfrV7+Ip5WIV7ktU1JzG72K8ZaW6xc=","195":"lfccUo+zUwzU4B9zWQRCQqOD6yKIc7MAvYyIocaQ4Gw=","196":"9WC5xBvys5cP11VFVXdb6gXXp6rV0SwFYaahG0DE438=","197":"kSTLMS6L+Hq+WbyAQ/TRLJdKhd7lrJbgSYonDjFB2zg=","198":"gAEE88u58jZ4qY4VEFORN5heHds/FmWkTd+FVNLHGzI=","199":"OsWLCUxyZAgWsMLCbS4lUzXSkuYiIJBbsm4YEzyG690=","200":"TuHVvz1bCrgoTednD/Q/iY3eM0Xk2Ap5prLCsVDJJsI=","201":"ehizafd3il7UpwUaGH1bw+FKDZz5Qv1g4w62wyPWiLY=","202":"ybLqB4BJorkvRJQpJI9A1GEOmgJ9PUBF9VteEjvlE/0=","203":"jcv5JkJQ3ifMssV40d+1gec5iFlMNx1Gnsn6Hmny524=","204":"ECIfwGviUzozq6T+yoz+K7kmF/u5vJ+0e4XvKjAVoHQ=","205":"Im0RIooDcUIINFc6029E2cMLL31l/m6sQjF8Vn7dayw=","206":"/cfoHkzAzfYYm5AuMLDtFR7w3xcGVk5JsVNgWoVc45s=","207":"7YT1JLiGTm+tBdUqlGYx2IVhJ3GAfEhpQn/zjDUJBAA=","208":"yGDWOwAXbhKwGhE1uJJlVjhLLSOUn62iU1UC+CCyQf8=","209":"YZ1+SyWGi437+khz7ZlQNXPS5j/2NktOoPLM9Fde/Yc=","210":"FFTbTAj6DmlGJIIkhi5813ICaJnJ4fh2/DA/E5YcAbI=","211":"Vd32W3Qrbr3ETEMMzwfcb9jaz2qZwB8X2gmuk2Rh0i8=","212":"t8iCq+WTXuiU7KyqT+FLVOyDTygMwKXRH2qeGH6jVcQ=","213":"UGnNkW8q8ltGt+fRy2wpsZ0rA7r+rAmJZXEV0H7jrCg=","214":"tFoXCS8InSSnv/FY/HbUeJ58x6VL5tlKnURR13G1eV8=","215":"n3LXdTcTI5Yg+uFKM6XcO2YN7Brw7pWz/DbPquNSeLI=","216":"8kr9TWYcpcyPVTZFI2trvABOEDHGo1ukwrXdX/D661k=","217":"lhR1n+LRunQWrzwPHs60t9sXTyPHDudZSG8S/ao+te4=","218":"So3mOe8NV9LEBwFiejI+YVchjUdM77sMqpVhd4IJDXI=","219":"VqW18zIjvhFxFGYzt8wO8RXSr4jTBEi8ba8zQI1ftBw=","220":"MiR0csy9CO1SQUKSHPd/O5I1eu06MOZjO/lToQddeyo=","221":"wgm0SlXoW4nVb6lo8KHXkuMG+JR0Y+SctvZJjZ8AfpE=","222":"o+TkE2XDqfDxJdBj1wgEDZB04VkbplYyCQubmVOq+dA=","223":"5n+8J38qAKo8soyN026iACkb5V8yyJvYkw4VVN+iSGQ=","224":"8DLLHNlajwiV554ZZLuDL/j/4rhKT/SKzFJ9txIxXSw=","225":"cdu6ykGBD2nbD+RTY95FWxeoDAbU12Iilw5d+6qh6Tc=","226":"Z0zXjDOLvFyYLbTRqMLTHn+mFh9QXcSa7XrWiiED6Gk=","227":"7hh5QlJhYUB9NFMaycHoWXYEXH63AWdjh3dGJwGOAC0=","228":"SBTi+W5u5y22D2DmcXVzklaZDSFChiOzxpuFtXlbV50=","229":"2r2tY44pQNE9Qp2DJ6PNrSvdR2mdLzeKI9LJW0hc128=","230":"7lrotvazj84EirDhia7eF8cFD52gAZw2psBuNinS6OA=","231":"m33nelm+GiO8Bj86b/7QrljZQFsUBO29cgxDH8Bx7cE=","232":"QOmdRO71lRVmi997aglYA13rgO7hG/L3wHLYmXUlUzw=","233":"ZkgDN0zV8H57JZEG3EimGnGxfI1k1d7hDqUcC3t49GU=","234":"rDv5BwmTSI2Yj24Bea9UDjzsPmMsjEYb+3lSDXDNtJk=","235":"s8sW/q+uO+31SRuXCSdGHtj7SXsDA8zNBx4cnJ/ytBc=","236":"uokz4FbWIBhwDnYKxAG5sV6JjeCSCuQw8MlgjGDkWao=","237":"Wf8S0OnKaM/iQr9nM5SLuBHGR8DMfz5Yz4MWYY6SJGQ=","238":"vZI8YaL6BD/kZq5aQuZr7KJYmNfSFCLPW3/FVh5KWfo=","239":"mNvaVAsTvP7e/cRBVJQsicU6UYjSnC4N8qttIJO5jlI=","240":"stiRUMbJPU7CWps3Zd5ZySHtfxmKsQAcIO5NheW7rKk=","241":"qAsK+M0Et+gi1XWe+gMjum9wLInLzgIhtZ0HOtDOxgk=","242":"FdH3r2J3vkHZ0B8Q/6g3hpTzoCprs/HDOQYFdmR0mbA=","243":"O+yq9+wx+hRsgkrE75THN0LSu0X7JnTCuyBFINMzf2M=","244":"tsEKpiW3syahyKf02nZc3AZ4VxKVVWKfG5qYATmC10A=","245":"ZOt6UzmT8NxboOdu4JUN8+UeuEIQOOJROmnd/mx8HTk=","246":"2vf4WH166PNzgoh+ByQ52pI1FhQbpnB8YprPQkGR+wU=","247":"8b6GfxfDF5pta1BqcCP00EwnLaixa+Nix2hG806Jwpg=","248":"QsE4cq9Yqd1t2WlyQMH/rZHYOJjlpyF3pYe1lUPw3Vg=","249":"/nZeCOKpVi3KspcXPyTddcZH49hbBCum7Ld6UDokV/g=","250":"oHx4HkCNR5DKqH+Sw+ULpll7hkH0vehaPZ+YrIr4NeU=","251":"hk2swqEVCJ9cPuj7LpXVkHWxPWnEh9WJIYJTPhuyvv8=","252":"j887r2ij3Iz9ebAx7Bsp+XQtr/84TKtl5nFHG74xoUM=","253":"2pj/MYEcfuUGbqm3jSXE0QGPp36fOB5bgFht2PfJWRM=","254":"42S+iRoeR7PnVBRbCgkpIIDXqzdXa2Z8ljkMNkNLlro=","255":"YACWMpK+mQ60TE5a8aY0IB1w5yGkeAcQ8/WJJjgi+D8=","256":"B6rI8ddIeykpeW824EsTs9GCVZb76DEnyNQHtZfaiAw=","257":"XSIfvitkquFixhU5XqE7Wxl+dpnYe8NlfG3XoN933lw=","258":"fWaw4bTBDOwMuVXBLNDLpNHXeXb2gxhQvvB4Omoohao=","259":"WGL8pccqJ3wVKV5C006BdlVDdrcUqOememw0IDOPAio=","260":"Zft13UECtTWJZK5MMUSBhM6OWkFzLXNSTuPfyALR7wE=","261":"8SOJ+fXDbVJozJgxK9+SgN1LYARIwGCNTm6qa9T8uOc=","262":"NdW4iuosshsuHqOhcKO53hBzq+RYfd2bkoQ/ssr5pLg=","263":"wcwXSKiUaFoNk9MPShWPsSWqm5ABYLcgQiqHFk/RosA=","264":"qwo59BhWAuq97Nu9gmK7AIMZ2ws3sGx6pY1GUeruaSc=","265":"hhGhwNxUbJ39yVix4PxUuqqnumVS228MwGo6FKRmtcc=","266":"pRrtEeQhNnqqcgeT3POSJU6npN3X1a8E4snX1NkD1LU=","267":"Ex8HeSbafZF9rkM9m4xIWyioxyFXmCbcLikzP2m1GKo=","268":"VByVU9cqkQo00eauhFsctnjAEaJ0CDgaTCh49GOwsnE=","269":"ZCdqrF/DmUTHhlThNvPR+lV13ZRUgzq/Qk9mqx6f+xM=","270":"Tj4N20/CrNXkYxagQuc12g9bcLyqqrLCzZr8ZuEHW5c=","271":"K2vQLBhgJYFq4DzSF4JDG4CUdpTgmwzgldnxyBYHSe0=","272":"xvx473W7a04ZhfubQk5POmfNwE+vm3ar0XFUkdSFL9o=","273":"s9eStuVWntRdgnoBElsS3U3N+8FTSeiDmjHHwlwPpDw=","274":"7q1LqkbrQWfmtJvfDqdUJKtY9BnR6E+Z3xqRsxNfJvA=","275":"arTeGlApWtZs61eaLjZIjs6yVOXlC7aDjmBIJgIKU70=","276":"i+3CH1armBSfM6hyGofg0uYo+ledipb4WqxSleTWA44=","277":"48LI0p8gPQ3Llzll3WFx94DlXyW/AbcsdfbAULzdWS4=","278":"arZIcz9Ru0UraDuRR4TusEqOBlWiDJVGCX5lv8Q/Iwg=","279":"VqkoWayFFl+GtJZ4jmCSEEMNIKUJ40z6Ox6bHQjPJPA=","280":"WHVJ9WGMrtza/2vjGtRQz1vUmqtJ9zGCjt1lPxrogYE=","281":"pxraVHUD3vMhLpfImQEKgCAT0sbStB1tXMteEnY0WA8=","282":"tQJGwXGkAllBTAgBtvhAn+h09sHGgbcmhPP0uM9MU7U=","283":"nJpiCRn6vCHIWfeR6ZGFHxkUiS9Htv67O3zRuSqqtlM=","284":"/HUzApj8foJIr6M5KSl0VSzK8OzZJWg4x9xKnR+Vg2U=","285":"dQVHNj6UgOPGT3ASHE1fHZOAQxmzCH3aSf5D5Lk95KQ=","286":"khu9KnZSlH3RQuTbWmQlpjoCLS1GUP82NSfVeq4RFSc=","287":"3VOwL1yRvurUVlSDE2JNxf8m5P2TXgBosHA4osW3cfs=","288":"Qjj5VwA2DcmJf1KjuAYInJmS6fZbbaZsXCGsUt3C5TY=","289":"M9sv2Z7mwRqLOPruo+F6pIYwVHq4zx4fdTfy74HU7nQ=","290":"zT8lEKWxugvZVIsE6Qpz4WAfxbPX8jrA3Q2XYqPGL98=","291":"lqdw+6HXij8/tKeOGeWa+Ijb3fcZc0tmSbzTgsR1yHg=","292":"A0Gw6wqCjred91u93Y4o2aUOceZut4J5LigeVdsUtKI=","293":"Y1i5lhT3HvmI1Z6qKWfvhE6Du5cXyGO8HREMV1MwFWk=","294":"YvBG18Pvedkk1QJmEZKiifX4JETn3eQl/f3Xer0oDoM=","295":"bbp7NNKo6LitsJZ1chtuXTuDOUnLxiwWD31pvC4OYLo=","296":"j6KQU0lpObh1WPKKor+ftvDMKMXz5wJor0koo23dXv8=","297":"TusEtdwH6msNsmAI2YbqkOUZB/pYFlzooX8W2oDyfLU=","298":"n2kQcqeaaTXhIFkeMjDQRR+bskOXeJQlyvhQlVuuals=","299":"g0crIW0eR0nQwAi3Tt1ufrl7bWPeisGnJ+WVRrSUmj4=","300":"Eo3j0ZMFfaugCsZiIej0Su0rkgrIBq4+3O3IeeKmFgg=","301":"QoZzcaIUnntsgrfzBZg9i4z2axw7lsCpLANG0x2X4dE=","302":"BGdEUv0UZQS40GuUiX7WjxUroW83Cn/r9hcXuXnjErk=","303":"YdPGRR7NKqzBXaXxWsYO2cbepnfAIsmvf22ZQL4KQQE=","304":"ZgeBp9J9JmC7Qk/XCirBkw1wArHPuPiscWsxhK8p3Fc=","305":"NsdykbSA28W3OhYmbwstCGiymI8qsuFGQuzLEcPvwM4=","306":"a1d96ZuMbxJxprXXbAPNZkdgDNGLqbRyb8ZBrzybkDE=","307":"C3sJ3rOSUBc4KyWcNqHIFPJhaAdFqN7CG+kh5igsUzg=","308":"OA8zldZh4vqMbq66/lxm+Iho8ajj7urF6eFxbMFa5wU=","309":"SoYUKlRBBmwuw7pYDL6rlblkqJ8/P20yglplH3WkWE4=","310":"9S77Pxgk/0rYNkVtizbYK5xjs4PFupRhVDD3msd4i1g=","311":"adq+7yplB8OoOCm7BCYtEVPZ9isXaO20kwqjS6hDiWY=","312":"X4vzf9gK2FeLHUfp9lDPd+U7Dhxpf49YYnbNRIgWqr0=","313":"0ugVihyKHWRepFzhQXSVW7YtFawwnEoo+8nD5OxAokE=","314":"6SzCWWNduURHfOahDlIsmWIevbvXSXyOGmKnCyaArNQ=","315":"3AxPhN2c1Hu5R0uMYgWp90Sr/1qftTZ2By/Oz0H9EIM=","316":"Cw5KzuSOoC3y4M5mSVx/OaYHIhdfMS2yX4rah5c7wbI=","317":"yBqYIv0PH4qS6ujKGZePosSIrEc8UO9gAFZuohBLT90=","318":"szgyyAWccBCD6JaOySqCpf3WdZqnK2YYpnd4Cnc/lvg=","319":"Z8fIXuUeCxq/I6L2UjjhIzlWoTxWZ5QREQlQmI0xpek=","320":"qSkMAz2Qb4sX9fUVwf7InF4ww6WYISF1yqeNXP2/UYU=","321":"lImq3WlhdfCzpfRmCe+Z2WxRsBKJWkXs3+nSkdESFBc=","322":"bApo8IF3QTEmRXZ5Y61db18k1tMKIG/iDdE2nWc6gTI=","323":"qffQxamEollyMsznA+G3BgTEBCn7PdBTWJctlg5ks7Y=","324":"1/72yL3kGqDQZjpRQvfcuhtJVChLAsC56xULZ2ThXO0=","325":"GI17OPcFIys2Fp/9m4TyGb6vTa+qquuVaNEkD1mgqhY=","326":"nsQkHarFKdiSsoqU4EFM9zGIGjwmw6B/xGBIqnBqFY8=","327":"luxcGSxW7iRIiI51guS6mZQ0Co4IH78NEEtSjCX/l8w=","328":"7gBNIsNvDIsUJgGQAuVAPJWF1Jb11ODKZNCo9aUlbXw=","329":"poS4R3rIw5XWOTO4u7VugasLvKLeqWVPAQIoLJQVC0c=","330":"v+a/F6UShC4QCikJ0iNDaGA65uksnGjPnnON5jQgXoM=","331":"gZcu1ap7pToAwNR0Dv1YcHYdMpgXWx4HHcpuwdP9SiE=","332":"hwfpyMDbXzWTKTrZ9Kkpzdcs98tv91UzADxzPO6Hegc=","333":"oGmPXBNaK4LE6HqwDybZVXbaju9jrtmKvu4mLmCymNU=","334":"wL9VU+k4H5QtU+8+fEPbrgjjx0z2MkT5RLMPyRIU6ug=","335":"cepwvnnXKJdXp/24mwdeVhisSuLpQdZ45NuAJdesJhc=","336":"dQboNzTIe/BaZB2d7MOrEjEIjiHyDL39WNEVgltg8kA=","337":"b4MmgmgJeIQaJlyKKyKQfhdOEDULG804BRDbU/9bTW0=","338":"IAmCVHWVpfF5jg8kZlTEUZTRfyVc1jaxQTDXtanu2ag=","339":"gZDcPIv/j1S8jPJcizuTfLKvoqMLu54U+jZCVNKZU5I=","340":"r/7IaW+kvZ4fn09dl6xsPkk2kDT76aFwS1/u3W+jlVc=","341":"Ra0p0gSbBuMx0uyeLSQqJf5z+evm2GXTIi5fu7Oc6iU=","342":"/q/OXSCxz95pcA4og+z6DodSTbFSiNxrD8q2x5Htyxo=","343":"RA0A9yki9dijXYT7nYWR564bHkg4x+mLgh5UlFwjdbY=","344":"oK2h1AqGtB2p8Kfe698JiSCpH3/7njLoyphXASwbwBQ=","345":"FjU78RuwT9S91uCL20A1hc2UU5RokMzURFtoGEy6C7o=","346":"wwsph8UIgDUO2MFWBVeDdKpEzs7DAD8RDcLtKDputLQ=","347":"k7ZBNTCGNzskRIXXwwOJSYwh/9YbhKm6vKBhnFqepSA=","348":"UCfCr/yuppTjeBoXIZxWmnYixQKAqapUk2pmNw9a7lE=","349":"bZ4lXQOgs4CUYOm5Z9TIF66szrv85jENMsb9LjQqVa4=","350":"9bSVN2mJpfoZBuFuBnYouuGPVM8YxD1eukG20Xwtq74=","351":"dq0WnO0BoNwuQCphjvwFo6WU39Xf6odG5YeqhLT7th0=","352":"fceNbVtdGkwy0lY7riQXYZiVf0cgY70bgcY7/pRRvg0=","353":"4Z6qsZYUrdoFeAzbax67XBX5TouOLMd4Qp0Smwz5G2E=","354":"H2pmv4OguDc5+iz4n6s+jU7AEwCC/sK9Hsp8aj6mAdY=","355":"PLPbgPqQR14M5p73k6O/yKAayzlJoPeznF0KRyQLX7U=","356":"cyYq1d148fED9UB7M2L4egthVsHAmJMM0Nn+203pdvY=","357":"OG6G/4JejD5eBfo3mEI8Veqo2wQgdFsNwY82wtdoKDg=","358":"QJxz+zjEvw8QI0Scx2wUVd/gyAOWmyeoZJMIioq4t+k=","359":"gaOOLe94ElbNOTSryuZrzRCGceQXyWmSGKsEwVZoOe0=","360":"q7+ocm3CkJ9N+x/xVXduGWGSQLciaglRY0bUIkLniLA=","361":"rrFtvySBWiSeQezgGgfFYxReQXCMRtvy5E2t4VEB/Wg=","362":"V8t21ohlbFZqUtOhta7JzODLGsJZMNxKIhzl6ytjrXc=","363":"eZN06LTIfkb9I33HIODpH7HFh692GMNxPAsGOD/CaCE=","364":"TedNh2mNWa9O+8/kW1704wF43LoIu1W0EoM7xiiC4jM=","365":"2vSnel/6mYwgNGNWornesw22DsN/dJNuPa3mnUrTmqQ=","366":"twErc7op8Uo3D3I/oFoaw2IH75TiCs3fFh2eiE8Pj7A=","367":"Bhagf7pq2Z8vNdYfTWmQkwZtqwf8LEcpFcOFf3WEcgE=","368":"M4DASO84Yz14iG5mBBDCV82IgRtd40uUIoWNtkr7eDU=","369":"g3kdPPQ5e/I6ZliieB305P+33TeuUoTUutFcc7rdrZI=","370":"Il/qfj9w4zJo7mzzjwbyrDQF6/WYTlwgyHJWRITcRg4=","371":"PRQyV++Yd8Mvu41O4pjXqqFY6jb/huKSmp0cpCUIRH4=","372":"ihwVnR9FKd0F7Oa1zmTg4RkWQoG9HshrptCWurZ/k1Y=","373":"AAi5nnlQknfd90QPQn4gjrUWr8iUVTK9NBQpElUz4qY=","374":"WfAzekBuwepLP46QhwSaATU/d8fmU/B/wscmDrB+qw0=","375":"kyAilwVtXxH5KkEZrxeenkEoCeDtH7NXCS2MrsHdETY=","376":"llbDhGelQDu9wCq368tvZSYtiSQmsWBZGsv5LvtjWb8=","377":"OorMcLb7zK7D3jd2csIyID8QR7ORgRPCrs/Q8X5ngjU=","378":"6FmP2viiKG6p40PIavsGmIxFEIkCzTv1Sv3aitHfYsU=","379":"NAkCnRmFNOKDeG61pSXJaSD8XcB0h0x1L0PyccKyp9A=","380":"hkN8CrW89fZ4IKhDnCdz+EGyCYpm/Fd8T7qeCuzGZgc=","381":"z24JoK6tLTgcu3Nz5e1bXmOBBUj5q9Q8dMX3HvW5j7A=","382":"N6cfNbdQV2ed66xsMX8YHmsZuVgz8YieMFwPsdqUU1Y=","383":"5Jdl7kULtew/4MK36AlKAOZ1s9+GnNI7bKhkRQDAuqo=","384":"QeriHMT/RxqcSyQOS+Yzu+gCuXcnS8aLoaND0VnQu/k=","385":"kezwRKAN5xeE/zFp2x51xCM3sSSa4sSV9mGlidAOSg4=","386":"cOEXxfxQnEd4L8/kfmK+dH6GLJvPvjFmZ8R/hy+s7ls=","387":"OIHfZRTlk1TNx25pN2Ek/azA0pZPwtzJJIPfHDUiUfA=","388":"3kSHDfOk4L1NqkpZ2p7VqXDh19k55PBjv44zmcVMOnA=","389":"/nJdT8ncOuQg2RkHdYjyoVtHSAeDwTATBhS7Vc0fKIQ=","390":"Lj+NbuATBFxaXo9nEbDpyrEDWYRnHxnW9umbyGe8/Oc=","391":"zgFqJ4glc4DOvSBgSDCNg1XJYEm6QRj4tUMOz3+DlX8=","392":"pfjk0jfEpwb+aVSXnNvQ8cGobpWFedxIUK78YasiJkk=","393":"0+LK8GSYJpn6hIgsx6lr8R4u8mN21qODzBH4KhDCWkE=","394":"UNcqRNqe2WT5e4DbrFZxDmcH/1wGzCKoRU5AsIgHODM=","395":"NnbqlDD8zEGT7d18tooB6oA3ngtTkwSQD8c5dz6ypx0=","396":"t7zinSgGqojwaNLOhSb4ta2oo6E3G8qIcTAE+05LeIM=","397":"cistKOlKv0f+eaNReQgmyLi/mReQb4ZzYwP0obm1H9s=","398":"r253B5uiwwlQGhmz77dIFstbw7XEzOC2HLPqsXTrprg=","399":"oVXzOUELLyAzIuzwZnE9KPcskLKk0gdmR8goW2VpTaQ=","400":"OiXK2KNH/PQVxdnAg72+AC/vhUB58Iycjrk0mRSblhs=","401":"vvyZnGKsQizGQHd93GH4WsXqUezkH9NaNqpvndh73bM=","402":"4MVRCvuq635/GxXoSJ85W/ZpZSFHMhWRu5uchlEVrI4=","403":"3IcFyS3ESIwpdayPXx6hBJrnH1HeN8mBXmnI3yHfSws=","404":"a5u/jRidQW1WNzB/wiswhKsUpVSzFvLTzbMGrUE5+H4=","405":"mf4rAnRxOv8MzB1eCI+1EHGogV5MCGHVQ+vcp51E3f8=","406":"Nts/dxgurOrOqVFBjD38CbGV/U+t9+0h5U5WVpP/Duc=","407":"4VvtQXwc5obQRBmxoA0xc/3RRUw0SGF7dqKyuROCixA=","408":"70YGxiv9JM/D8bQeD9WPTGKzMvtKhI03tvvHZ6yDs9U=","409":"E1e5kEcJgnbUw0SRIox4ZqvsM32uZsidOdsIGRL1voM=","410":"kBziTrJQKoFLfv93hl41jFM1oMmwLJAWDLT1qf/MvkM=","411":"4riztxYSs12Nq2Hrm93kKdJNo5lAjIy/REsZXQN57I4=","412":"QDSr6JnePtwMTj9wfON4kLMwQVF3SnLmIOrAcKLUveg=","413":"c222wD0WowJMi4wn4HLy70AHcy90o1mPdp+xjt7rkSA=","414":"zjWkfUNVakozGpPCW/cRada3lu26pErNSVDVLAEINWs=","415":"KRtnrwqCJLY9IaUBZlzDuXom1aaB0kfM3hoKGYEBoSI=","416":"KudSm3c+3ZHmrgvsFEWM+u2ZszMNIoh14VLCoiaFZX4=","417":"5sufEI1P6gCQymgTJG4uhA5G6sRSJPa1lHEunYgSy8c=","418":"U6XL8YRA6TbX2rrpvUwOk1ehuh16bZshhji3JUuxl1c=","419":"zJOzZnAu3fbD7G3hrokFPOF6HzFmYQIsOta/EWuvOAk=","420":"fXj4SQ7Xqv7wpvpsfbQQH2GWRZ9RfUEbA4s/iw+ltJE=","421":"IHWRM/hPjXvc4rQ9SYTMNrK3/oWdL0QIGUo5rYx7DpU=","422":"BpbP4Xq/+kzt8POitPRDEPztBeFcPvOGKtJzD+NPLBs=","423":"N5Cslak0LbTY8/SauR4iZHRA080ylNsakWrlxa1G3tA=","424":"BlMEwjbJ8mkxxkZN6XcAPf73TqetVn8rlmCnvuUpxzI=","425":"NDdAkrrKRL2sYaWszLJJxnriy4MfFard30WmzrXoElE=","426":"CKCx+pMhhreuCsFBkCRO097GqB3B67HgehcJNyDKZms=","427":"08k7PHUOBud2ghCNSGLKFE2ud7oNn3e5aPgTXQcLREo=","428":"ChxdlrFVXingK6iLMV401/6d6i5XWpcsq+5Ul5xBaPw=","429":"llQvVMx09jyENga3WrZIlCC1KTglb9LJ2qCzDG/A8jI=","430":"YcPST1KOKNDM7VDCu9XKbx06E8dDQnr9Ob3cqLRvXxY=","431":"w2QIhoAS0Dkh1/AmuYAyUkaq92lRfC2mH2T00yDpBBw=","432":"EkrE03QfxL7jd7i2oXCtyVnoI9f/C56GmE8zMkLe9QI=","433":"Ksxce5eC+xXpKO7wqRBFFVeKyd3LImV8dYtTOhmyk98=","434":"bWbWVL7qf5Scnt/v5C7cIhNb6dLYWAfFTjK40LKGp/A=","435":"hoFnALwngAUk1SJPoMNbbeG7Z8oVWwHHNVfDNtar+PM=","436":"kQ3V9RAMDWYxnSDfdfYQfSve2lyGr1dVhXRRQ3Y1eUk=","437":"0Ti287mP1P4AD+sd2Es9yBF8HNjJfYc6kuhxSHNpNq8=","438":"DBH9Ls8zE0Z/7KRtlaYMVvaIubKR+8tQCUJr3L2noV8=","439":"6Tx9cuRqswaG5nHIgjUGsiEKVk5oLH8qxuu1utRJPE0=","440":"TT7NIJiDmSBNgijGIrwJVMjVXGN164r38zlkiq8w94U=","441":"gDqcLcyNVcjo1FnCV8BErJnzMIcFYyYrU7uCmfmdv/s=","442":"0Ns9XSWLWErCXsO30Y8aZhx/nXSQ5Ien6F1co9cFZcg=","443":"5IQie6SyBBpA9VkY6Cq0fPkvgs4NtGG0px7/XHUsQW8=","444":"HumdpsMwrPe2hyx9TsPJ86w4llzifjcpcn+wLWv0BSk=","445":"YHhu3NmTvH8zs55wlUOrwEm7lQwRBUQPaRjirWKUtR0=","446":"Gol55+xZ9mMwSH/uQUwnURbfwoYXSxdZWhz9SFuLD6s=","447":"SgpiQr0gg9yfZdqkrbnTTD/uoE7AyhYI0N0pbCo18Wo=","448":"b623pV9UMJELsOkgtlqTeGH465YIYRRuG3G3XeUELNg=","449":"s+H7SbKYTNSV7weJzW+RZqH7UN99WecQJjZfGhTrKPw=","450":"hB8616yRrBKzWXNbIGJuygY7Y72pfJOO01MNgkA8fHo=","451":"D2BfPwroVw26YeKnHRcCz5uUb5+HJyAaWqoBxRL0fJ8=","452":"vqBx14rV5LzH9cs1CXpJbIliIrpa0c1g/oNrqbdhKhk=","453":"X49qi4ZSQcbRMwOdCxjiJ4Svr4cziUbq2I2+3nT3XKE=","454":"iBxvaGQRQP/Osu7NlcD0EtElwqrz6rzksYdpxPnEw98=","455":"0e0n+kXDOvon+ljDBZEnftNlifdUex3+0aC3G3rF+wg=","456":"WXp5kCqPttGDLc4/CpvKp9fiHe4TTPBEJcKVKxVEx00=","457":"QzQl2EWkR4Jvo/IAJm2sKhkWfrAwBAysFq2nIcE0fDM=","458":"iJksDVjLA+cs04+sQhpxYuNbDau3TXrgNrOzmEqGEV0=","459":"0UcGOk4lCWNPW8tdWBFxZMLr2ok87ka3VOh/FANdha0=","460":"JBCuPUrPxRY5dNsH8txnbvbOnzq7LHPZkuv1KOHbqsg=","461":"E3xBErTKzmG0tIwD7yhgW4/12OIc/7TKIaBbFvNFeRk=","462":"OJOvzgru5QVQK+KnQGUzAoQ/MPRGNPb+/mEskd7NaAY=","463":"Nlm+81iRBSk3fN7mqiIcFU7/96gHThykyYlEh2y+KPw=","464":"YiVmIAAqfo9J5hahRXdXG50RGsmqK5TQceRJynGf2d8=","465":"dwygwA/Z+swG/hBw3YJieNlJw5dIwQeEJjMNEP2wZXQ=","466":"0LsJxAsoMoyxqpbLAkZCWTIUo3ksx+LTl773AkCFJNc=","467":"LBZYFT98U8Rh6LY7O81OuB4jb1Y5DM9C7e89VWrVNGs=","468":"vL/guSWiNUfpuzXMTh/NRv06Qh9ic7bLFEiMGHzeAZw=","469":"+mptn1iMXvrLzKcJuVSd3DmREh0gZVRpe99ndlgUda4=","470":"0DXuCRgOotIbzL2YV+7woL1on+rHt5pQ2A4GUY5qGvw=","471":"qmUCmRE1mZ73Ryh6JGJy1qKeWwxh+YmEtBznZpfE86o=","472":"vThyTo1HC2+QHDfv/CoFnrwe16tBJ0uGPalO6T3ae7w=","473":"mY9MF/jDTFlD6+8H7T2ia0lr/SD1a3U6wjRPQQNlQHw=","474":"OLg+ILWa1EAahi6M9rkkuw9I7Qh6svLXG2inQM12lt0="}},"BZBlBXY610zn464BPR7Oi9lADzQRFdKvs6gSy9v0/X06":{"chainKey":{"counter":-1,"key":"JmgUt9XQVkaDmh8se5v+kl9hF+71rpuroduM2SKDO54="},"chainType":1,"messageKeys":{}}}}},"version":"v1"}