{"_sessions":{"BSXulsny9pzce7DJ8DlLBzTb+Nqhk5pk7pV4m0xv+65n":{"registrationId":36683298,"currentRatchet":{"ephemeralKeyPair":{"pubKey":"BRDtXYqi9GMCestOdNvd3Pb+WTppFL5V2qeyq3/XYFBc","privKey":"AE0kgYY53q4MF+9XSohKY0iTSQeGXlGEGQ+Kj5dZrUY="},"lastRemoteEphemeralKey":"BVQxmdnZcaEwwXlBYYO7IHmzW433bw7pDkmZCPVlt3dk","previousCounter":0,"rootKey":"eib3wmUljFD7yd+VNh6GU1tzB5/AN46BkM4D4uEH6I4="},"indexInfo":{"baseKey":"BSXulsny9pzce7DJ8DlLBzTb+Nqhk5pk7pV4m0xv+65n","baseKeyType":2,"closed":-1,"used":1686849150049,"created":1686849150049,"remoteIdentityKey":"BWGhEEjbpwiliYyNGbnna8gbhDHepr/IZfcdmqHn5Alu"},"_chains":{"BVQxmdnZcaEwwXlBYYO7IHmzW433bw7pDkmZCPVlt3dk":{"chainKey":{"counter":1,"key":"dBtc6Bvr/l+RaaFfXJT6iWITMruud2OXGygUJ2KSJ80="},"chainType":2,"messageKeys":{}},"BRDtXYqi9GMCestOdNvd3Pb+WTppFL5V2qeyq3/XYFBc":{"chainKey":{"counter":-1,"key":"dBLrCZQs41hX1UsQMRVWjPHCdOEzDW9BeWOJpSIE4Fs="},"chainType":1,"messageKeys":{}}}}},"version":"v1"}