{"_sessions":{"BYyJouF/9MgZpoJldPjHHd3kmi4w5IGI+DzEImKMF3sy":{"registrationId":1282850433,"currentRatchet":{"ephemeralKeyPair":{"pubKey":"BXhRDkn+FaCjMqnHWc245ydtjRUwGExIbX5sRmEpXXMV","privKey":"4PdKPWAW7oTblZtwpEAt+WG/3ZzW6v8bWwrQmNwE/X4="},"lastRemoteEphemeralKey":"BU440el0IidkatFcT4wgGRm5/d6xWFHShgfwMzmUFPl9","previousCounter":0,"rootKey":"j21Jbx6nhdxiadL+R7kZVWm9GzchB4AEwoSFyf1PvQs="},"indexInfo":{"baseKey":"BYyJouF/9MgZpoJldPjHHd3kmi4w5IGI+DzEImKMF3sy","baseKeyType":2,"closed":-1,"used":1686935535490,"created":1686935535490,"remoteIdentityKey":"Bce2KTOggT/zSp8kE6swkMMpSZ4fG7DtmPHH8Of64v0u"},"_chains":{"BU440el0IidkatFcT4wgGRm5/d6xWFHShgfwMzmUFPl9":{"chainKey":{"counter":1,"key":"2W//dBpOngBNqgvo3Q7WSOP8c66N1/SypmBh16/QV9E="},"chainType":2,"messageKeys":{}},"BXhRDkn+FaCjMqnHWc245ydtjRUwGExIbX5sRmEpXXMV":{"chainKey":{"counter":-1,"key":"MKBgTOPhtYujo8sf7c4Hf6dAzNfpATp9LL/CynpRCIQ="},"chainType":1,"messageKeys":{}}}}},"version":"v1"}