{"_sessions":{"BYxyn3bcxnMpIvGLRgyyZEcRvFdd+zc2s+ukqQfeU/4j":{"registrationId":779032340,"currentRatchet":{"ephemeralKeyPair":{"pubKey":"BWrBCM9ftLsY2pPz0NC5umFQUBWuGg/30/SxsWaWni1v","privKey":"8ES0taQHMwYwOl9VW0LEOHGO1kK40v+W5PQog3+3eEg="},"lastRemoteEphemeralKey":"BW9yVcY6tyPW4EilxdgRGvpqcDQ0PjW9WPJzr4EvvYdn","previousCounter":0,"rootKey":"WUVDB3FZbQDdMCrvIwFht3hYOIiGKFri3EfhBzVcMUg="},"indexInfo":{"baseKey":"BYxyn3bcxnMpIvGLRgyyZEcRvFdd+zc2s+ukqQfeU/4j","baseKeyType":2,"closed":-1,"used":1686897647522,"created":1686897647522,"remoteIdentityKey":"BcKdCnqha2X7BVg/G0CNyBzHKfNrvr4L2E00iGeWOJQZ"},"_chains":{"BW9yVcY6tyPW4EilxdgRGvpqcDQ0PjW9WPJzr4EvvYdn":{"chainKey":{"counter":4,"key":"N3s/OdFuy/Iza9Tr3m3NOobb36fL5d5Fh/E7QS7mz+Y="},"chainType":2,"messageKeys":{}},"BWrBCM9ftLsY2pPz0NC5umFQUBWuGg/30/SxsWaWni1v":{"chainKey":{"counter":-1,"key":"XjcMR7cbjiT9oZoDp6zBRrNXsTgrhqo3YOT1pBrhdTY="},"chainType":1,"messageKeys":{}}}}},"version":"v1"}