{"_sessions":{"BQJmxoeFUr8vhSMi1fJ94oJJqP9qbMCfxeA4n6C5FTUV":{"registrationId":164,"currentRatchet":{"ephemeralKeyPair":{"pubKey":"Bew3LS/xr0fzKJJ7nG8ySg08MtJe8ESANW9VwHuuyAQI","privKey":"MIj94+/O6ahyhGfpMZXH2IZYaZ6/psCiR43ICAN1vms="},"lastRemoteEphemeralKey":"BVoDhIupXQpi5FbJiTF6ngT+GmUG1vSKEcCSQI/009E1","previousCounter":0,"rootKey":"Mi4NPMZIHccixKcOhWjuLnk2kC4vFAlzxTK5o5vE8uI="},"indexInfo":{"baseKey":"BQJmxoeFUr8vhSMi1fJ94oJJqP9qbMCfxeA4n6C5FTUV","baseKeyType":2,"closed":1686882005284,"used":1686837986960,"created":1686837986960,"remoteIdentityKey":"BWrWJbg9Mkv8QfToNYfL6l+WW3pa2nkQDLDPi6MmCFYJ"},"_chains":{"BVoDhIupXQpi5FbJiTF6ngT+GmUG1vSKEcCSQI/009E1":{"chainKey":{"counter":0,"key":"StPB8Uk13ws9aZmC7Q4V0+GiaXIP0QuVhhtToqCorBI="},"chainType":2,"messageKeys":{}},"Bew3LS/xr0fzKJJ7nG8ySg08MtJe8ESANW9VwHuuyAQI":{"chainKey":{"counter":-1,"key":"vFr8w9WZ9IwWVX6NavyYdjrb81zxWFp7MkqWZhSlVMs="},"chainType":1,"messageKeys":{}}}},"BVERmdk0m5IKOiB98gTsT6OGOUq6Y/699PxJRGIg2wdP":{"registrationId":164,"currentRatchet":{"ephemeralKeyPair":{"pubKey":"BYPEYv8vrjj7FMmQaMPrtIN7g+zLRGikqzyg3G01OoMr","privKey":"uIWMZqXbuOlizT+kDCgX7fFIw+sEwTDWsoQNKIywnUU="},"lastRemoteEphemeralKey":"BYjRywFSDl2BsQ61uZnl4iWXZrx4qGzZjRJcFsCamClB","previousCounter":0,"rootKey":"1XEoBbVhIchrKT7U/Td2IvZHcOW7zwrJKCzz2VgXFnc="},"indexInfo":{"baseKey":"BVERmdk0m5IKOiB98gTsT6OGOUq6Y/699PxJRGIg2wdP","baseKeyType":2,"closed":1686882848977,"used":1686882005284,"created":1686882005284,"remoteIdentityKey":"BWrWJbg9Mkv8QfToNYfL6l+WW3pa2nkQDLDPi6MmCFYJ"},"_chains":{"BYjRywFSDl2BsQ61uZnl4iWXZrx4qGzZjRJcFsCamClB":{"chainKey":{"counter":0,"key":"8y4W3ALQfH564CzJvMImk9LherjPvkfYt1nvYGWPbAg="},"chainType":2,"messageKeys":{}},"BYPEYv8vrjj7FMmQaMPrtIN7g+zLRGikqzyg3G01OoMr":{"chainKey":{"counter":-1,"key":"hA7CmL7ZedCwPXr4ih96E+GTTsHYc799VT0jHJi/TFk="},"chainType":1,"messageKeys":{}}}},"BTY268F4H1oNqw6JJjDiaoCUawVarHD/ZN6dsbxIJzYh":{"registrationId":164,"currentRatchet":{"ephemeralKeyPair":{"pubKey":"BQYwdKgYkEyyQlrJ0InsAKJgek7l5Gz6L4nF+NqOkHFR","privKey":"yC5tSyyeHFghE5rjb+zAOvYt9FwmVEPJRxDn99Z06Wo="},"lastRemoteEphemeralKey":"BfoIm0Pbhued0rFtOmLSUum0LhKc0JjJY5lrej4ItvJm","previousCounter":0,"rootKey":"8r+rJ/BOM76amP7baIXE2GU65c+HFWRBV7iOZMNyQxE="},"indexInfo":{"baseKey":"BTY268F4H1oNqw6JJjDiaoCUawVarHD/ZN6dsbxIJzYh","baseKeyType":2,"closed":1686888283689,"used":1686882848978,"created":1686882848978,"remoteIdentityKey":"BWrWJbg9Mkv8QfToNYfL6l+WW3pa2nkQDLDPi6MmCFYJ"},"_chains":{"BfoIm0Pbhued0rFtOmLSUum0LhKc0JjJY5lrej4ItvJm":{"chainKey":{"counter":0,"key":"QlQ5wFT6W13/g8wChfoVoPn5+7sOzyOh/MryVrbCRuI="},"chainType":2,"messageKeys":{}},"BQYwdKgYkEyyQlrJ0InsAKJgek7l5Gz6L4nF+NqOkHFR":{"chainKey":{"counter":-1,"key":"1BLjSx5qaYAcAGcmxbY+i9ToFQtR+j7Yv7bm9EfoxXo="},"chainType":1,"messageKeys":{}}}},"BWkRaKPl31K2sa833UdhERoq1ZmfEmNnU1UMIInZlz0h":{"registrationId":164,"currentRatchet":{"ephemeralKeyPair":{"pubKey":"Be39NyUEu3y9j7fq34Ztkec7I9xvg/T6B55Bh5SkBK1D","privKey":"kIopLtER/YpV1QxH+TqRUIHiBL+0N2GAO8U5YZv7oUE="},"lastRemoteEphemeralKey":"BSB1Ha3LUzsvgxWV/EMnwkJMLEpTWQksT26eHENLoN1U","previousCounter":0,"rootKey":"3od/4gdEu8+6h/ioITHLeZXKV94PKD/tBO9h+KvyQEE="},"indexInfo":{"baseKey":"BWkRaKPl31K2sa833UdhERoq1ZmfEmNnU1UMIInZlz0h","baseKeyType":2,"closed":1686888806873,"used":1686888283689,"created":1686888283689,"remoteIdentityKey":"BWrWJbg9Mkv8QfToNYfL6l+WW3pa2nkQDLDPi6MmCFYJ"},"_chains":{"BSB1Ha3LUzsvgxWV/EMnwkJMLEpTWQksT26eHENLoN1U":{"chainKey":{"counter":1,"key":"tsNQK7tqUES8aZ9YAyulg3DcIxsO6F3rEse0jGlbIOU="},"chainType":2,"messageKeys":{}},"Be39NyUEu3y9j7fq34Ztkec7I9xvg/T6B55Bh5SkBK1D":{"chainKey":{"counter":-1,"key":"cwm4nFztaCF3eOVp/dDAXeVlexHvBl01qL79PYtzKdc="},"chainType":1,"messageKeys":{}}}},"BZL81yTK45bmjbdZw3BdHg2wg5ur2c4QLOV2HczpHIIv":{"registrationId":164,"currentRatchet":{"ephemeralKeyPair":{"pubKey":"BR7GeqhX/0gIgtv2L4PY0uprqNoGFu/4AwPdy7AQA85B","privKey":"6OFaocAAvuW24napjj1tTKz+yIGkGV4RhnbA5iJ7qHQ="},"lastRemoteEphemeralKey":"BYyFRvLOo55akXc9FUX7qICm/dWwg+qoOxxoPVlzkU1X","previousCounter":0,"rootKey":"uzyXlkW7IEPNy501PyfDxDKf+5ACaKPFaWxYs+XSxC0="},"indexInfo":{"baseKey":"BZL81yTK45bmjbdZw3BdHg2wg5ur2c4QLOV2HczpHIIv","baseKeyType":2,"closed":1686891413166,"used":1686888806874,"created":1686888806874,"remoteIdentityKey":"BWrWJbg9Mkv8QfToNYfL6l+WW3pa2nkQDLDPi6MmCFYJ"},"_chains":{"BYyFRvLOo55akXc9FUX7qICm/dWwg+qoOxxoPVlzkU1X":{"chainKey":{"counter":2,"key":"eBjXa5Srb40RzH5hgyZUwslmttvE5acXZfl/t86QDiM="},"chainType":2,"messageKeys":{}},"BR7GeqhX/0gIgtv2L4PY0uprqNoGFu/4AwPdy7AQA85B":{"chainKey":{"counter":-1,"key":"SScquHAb/kNrieaXU/neYCU+N73aDjlrINQr5i6HFBk="},"chainType":1,"messageKeys":{}}}},"BW0oJaGRfHiYeB5+BaRIE3dn7N4fkarfgwjlBVVVFfRk":{"registrationId":164,"currentRatchet":{"ephemeralKeyPair":{"pubKey":"BUZZ+0ZJdm3ENmArXqfggKvs/1FFKpQHL4cTa9HUWt04","privKey":"MJMXQaX6n9RM6NMjauTZzJMyS/wW+V5EtUvRux1bfW8="},"lastRemoteEphemeralKey":"BReMjT58pZawA6sI1/9aCP4M4AYKHBa2K4JizfmXMJAD","previousCounter":0,"rootKey":"kCDZrVQKTpNaMsoxA2/Q6eC+Fox2mI1L4zVNvgJXFjY="},"indexInfo":{"baseKey":"BW0oJaGRfHiYeB5+BaRIE3dn7N4fkarfgwjlBVVVFfRk","baseKeyType":2,"closed":1686894079104,"used":1686891413171,"created":1686891413171,"remoteIdentityKey":"BWrWJbg9Mkv8QfToNYfL6l+WW3pa2nkQDLDPi6MmCFYJ"},"_chains":{"BReMjT58pZawA6sI1/9aCP4M4AYKHBa2K4JizfmXMJAD":{"chainKey":{"counter":3,"key":"9iuMW9kh0KkH9YoqawmBTBXoXYdvSj/gbTr011BNUmw="},"chainType":2,"messageKeys":{}},"BUZZ+0ZJdm3ENmArXqfggKvs/1FFKpQHL4cTa9HUWt04":{"chainKey":{"counter":-1,"key":"L3IWLbA8JgkxtpcjyrEi10Jus2vMSZv80cwbjPGqCR0="},"chainType":1,"messageKeys":{}}}},"BYKcjnDt1eznCheNjfJoJW9u6h7zJyPVn2a3La3N7sB+":{"registrationId":164,"currentRatchet":{"ephemeralKeyPair":{"pubKey":"Bbwsosg2dRAhISJOQPaX6nJU2Zf6A2lACqO6OjoSVtpV","privKey":"kJd4d6OSbeFWbp94wojjeoq5Vta5OptLyI5eBFf+3mc="},"lastRemoteEphemeralKey":"Beq6Ps7TImSsa++YPPXMGb6CKYyIlFXZMxO7cSlAIOld","previousCounter":0,"rootKey":"zfuY3EnLhdTcnCysBDZN+EHDgIC7I5YIgY/DmKn535A="},"indexInfo":{"baseKey":"BYKcjnDt1eznCheNjfJoJW9u6h7zJyPVn2a3La3N7sB+","baseKeyType":2,"closed":1686894789616,"used":1686894079108,"created":1686894079108,"remoteIdentityKey":"BWrWJbg9Mkv8QfToNYfL6l+WW3pa2nkQDLDPi6MmCFYJ"},"_chains":{"Beq6Ps7TImSsa++YPPXMGb6CKYyIlFXZMxO7cSlAIOld":{"chainKey":{"counter":1,"key":"aL4oi+4K2qbG+5onp0RS0XFmd5HlzkMA4nsqNYapslI="},"chainType":2,"messageKeys":{}},"Bbwsosg2dRAhISJOQPaX6nJU2Zf6A2lACqO6OjoSVtpV":{"chainKey":{"counter":-1,"key":"0IA6410fOZ7kpClPsTUieIPqLL5WCqrCrLEexSPHX38="},"chainType":1,"messageKeys":{}}}},"BU9scpBUilWbcJU44LPDs2Rm2aSpO3mvpVO9RcSM+HBZ":{"registrationId":164,"currentRatchet":{"ephemeralKeyPair":{"pubKey":"BRbZIE2222P+PHb+3Ok9D0A1dZTxJ/YtvjjUPonIQlp/","privKey":"gDs6BYywzkFdeHjRfcmC6nBpzUPCxbY0UpcBoICVSUM="},"lastRemoteEphemeralKey":"BTMB4RQ1y9kUe3swKMaKRxaWPzXn1CNzzKkIBSnwtltR","previousCounter":0,"rootKey":"zx6vQCvoRb1j159rRTUNfwqp5GXnvut9ha6NnvJYSwY="},"indexInfo":{"baseKey":"BU9scpBUilWbcJU44LPDs2Rm2aSpO3mvpVO9RcSM+HBZ","baseKeyType":2,"closed":1686980813571,"used":1686894789623,"created":1686894789623,"remoteIdentityKey":"BWrWJbg9Mkv8QfToNYfL6l+WW3pa2nkQDLDPi6MmCFYJ"},"_chains":{"BTMB4RQ1y9kUe3swKMaKRxaWPzXn1CNzzKkIBSnwtltR":{"chainKey":{"counter":26,"key":"5IKjjBoAPmCrjHPbZMh6a75gIj/GdrffxBewMZhzbrI="},"chainType":2,"messageKeys":{}},"BRbZIE2222P+PHb+3Ok9D0A1dZTxJ/YtvjjUPonIQlp/":{"chainKey":{"counter":-1,"key":"NCyHEGtWwes2nsQT6F7PvikpjPn6YFvlvpv8CqV4UAI="},"chainType":1,"messageKeys":{}}}},"BUKAWestMrfQp8gGN/6Hd8JsLAclTjb0vW6kmVgDZeEx":{"registrationId":164,"currentRatchet":{"ephemeralKeyPair":{"pubKey":"BeLWaMp/BJl05bNjaLvKKaPVtm/tMFioEooH6wfI8HAZ","privKey":"mBtEPBXfUN4H5YVssV/GV+h0e9wKHl4usjioYCuLIXo="},"lastRemoteEphemeralKey":"BSYQ0giYHal7AGmZ14Lyj3yA7+8QFBVo1aU87icdX3k8","previousCounter":0,"rootKey":"Ek3X0NZ1Jj9s7mdI85x92ed2cd1EAcajkY36/MFRxnI="},"indexInfo":{"baseKey":"BUKAWestMrfQp8gGN/6Hd8JsLAclTjb0vW6kmVgDZeEx","baseKeyType":2,"closed":1687047680730,"used":1686980813579,"created":1686980813579,"remoteIdentityKey":"BWrWJbg9Mkv8QfToNYfL6l+WW3pa2nkQDLDPi6MmCFYJ"},"_chains":{"BSYQ0giYHal7AGmZ14Lyj3yA7+8QFBVo1aU87icdX3k8":{"chainKey":{"counter":23,"key":"acy/oHGL6j6/mMBspxaslTbxPBVcE4lLpSI0JTI6Bis="},"chainType":2,"messageKeys":{}},"BeLWaMp/BJl05bNjaLvKKaPVtm/tMFioEooH6wfI8HAZ":{"chainKey":{"counter":-1,"key":"b98GHXI9yWW+2pFpo5VXGIuEkHUGKQwwuLosEE0dLBc="},"chainType":1,"messageKeys":{}}}},"BZ9HYNj3SsVj+1mOrKRXBoGSumxxzRGmzG3zoTlgllR1":{"registrationId":164,"currentRatchet":{"ephemeralKeyPair":{"pubKey":"BZ+ioST9yB9/88jwwyrSYqDb02YA72mSgVHhxPih6kdM","privKey":"EDfFRgVc7rxQezxB/doiIY1wxE0Tm67o7BAwOCkoJlY="},"lastRemoteEphemeralKey":"BQIbyKdAhWIlvlH1lhoTql+NvyYSKh21IpYAXibuxy5p","previousCounter":0,"rootKey":"0CcT84IqdrxwKFOk9WamNJuRCDUyLO6B+8660pO2I7Q="},"indexInfo":{"baseKey":"BZ9HYNj3SsVj+1mOrKRXBoGSumxxzRGmzG3zoTlgllR1","baseKeyType":2,"closed":1687047709538,"used":1687047680731,"created":1687047680731,"remoteIdentityKey":"BWrWJbg9Mkv8QfToNYfL6l+WW3pa2nkQDLDPi6MmCFYJ"},"_chains":{"BQIbyKdAhWIlvlH1lhoTql+NvyYSKh21IpYAXibuxy5p":{"chainKey":{"counter":0,"key":"Urozu0mk/YSiqaoXsYk34iizUV5rvpvb5myMuQDWAWY="},"chainType":2,"messageKeys":{}},"BZ+ioST9yB9/88jwwyrSYqDb02YA72mSgVHhxPih6kdM":{"chainKey":{"counter":-1,"key":"iotETHypdmjRE+BedyqLSYOAyWtdwnFF6RododF0xeI="},"chainType":1,"messageKeys":{}}}},"BaFvMcgJcG9/7LOtXJr9qwVXZEzH6u7bZO0b1T99V+xh":{"registrationId":164,"currentRatchet":{"ephemeralKeyPair":{"pubKey":"BTBw1dF9x8ZZ9WDNbU029t76zXSlmx64r4fn+ZiT0G4Q","privKey":"OEzc2PP+ccAWWW3bZrBVe4PkrC/8aH77oy8S8gX8GEA="},"lastRemoteEphemeralKey":"BTZLIKHBs2NjHO4CPGrq7uTRxrVk+Xt2cNp35h4wVnI7","previousCounter":0,"rootKey":"jHgQGDrTbiAgv+fEFNQDxP02Olki200TxdXXWFrv9KE="},"indexInfo":{"baseKey":"BaFvMcgJcG9/7LOtXJr9qwVXZEzH6u7bZO0b1T99V+xh","baseKeyType":2,"closed":1687057560589,"used":1687047709539,"created":1687047709539,"remoteIdentityKey":"BWrWJbg9Mkv8QfToNYfL6l+WW3pa2nkQDLDPi6MmCFYJ"},"_chains":{"BTZLIKHBs2NjHO4CPGrq7uTRxrVk+Xt2cNp35h4wVnI7":{"chainKey":{"counter":0,"key":"IqcW+tnIy6iZj2N9vfJ/cxwLkwyADS2AG12G/nL5/+U="},"chainType":2,"messageKeys":{}},"BTBw1dF9x8ZZ9WDNbU029t76zXSlmx64r4fn+ZiT0G4Q":{"chainKey":{"counter":-1,"key":"QP9IJnMQhSu9Tvly45q/EUR9WIF5wtwTows9d+YmAKQ="},"chainType":1,"messageKeys":{}}}},"BbCEtCx8/ouxmeVEjnjW6l0rZVTsf8m8blVz+HJv/mhA":{"registrationId":164,"currentRatchet":{"ephemeralKeyPair":{"pubKey":"BWZRvaVJR8r7td6ro/75mPbYBpsqHktie1G8TfT2SDU2","privKey":"4Jvgj50SEj0WR0KajbWg3hhf4sSATM15d+m6YtpjTFw="},"lastRemoteEphemeralKey":"Bcr/V9BphNZ1V/RdoZhpnseHXHE6OP0i8z+DHzJPHv84","previousCounter":0,"rootKey":"1Yigm+GN57avvI/i2vF9dZ+YEAa1rN2jM5ty9/6uFGs="},"indexInfo":{"baseKey":"BbCEtCx8/ouxmeVEjnjW6l0rZVTsf8m8blVz+HJv/mhA","baseKeyType":2,"closed":-1,"used":1687057560590,"created":1687057560590,"remoteIdentityKey":"BWrWJbg9Mkv8QfToNYfL6l+WW3pa2nkQDLDPi6MmCFYJ"},"_chains":{"Bcr/V9BphNZ1V/RdoZhpnseHXHE6OP0i8z+DHzJPHv84":{"chainKey":{"counter":0,"key":"NNToHrfuq4Y2z/kvzYDopCjKJzKOKzs4Weqa41xn9Ls="},"chainType":2,"messageKeys":{}},"BWZRvaVJR8r7td6ro/75mPbYBpsqHktie1G8TfT2SDU2":{"chainKey":{"counter":-1,"key":"j+k6Ih4J6q4BSjWP05IoJ2i2OVnIf1jVgmJhab7pJ0w="},"chainType":1,"messageKeys":{}}}}},"version":"v1"}