{"_sessions":{"BdD1JQ72pjUJL2SIioD5/SapSoR14RPg6gvtDRT+x7pG":{"registrationId":15343253,"currentRatchet":{"ephemeralKeyPair":{"pubKey":"BYQZhY/ExygpNhdSHwVik8XdWiEcmaLlPIppkrfo4rMh","privKey":"eP0r28/j6UWsMjihpF4+gOXcpmJ57ptxUOmp36FXZEo="},"lastRemoteEphemeralKey":"BQ9ah110g/aXB4Ag4mceJ1fj3KsyaZk18wt9JuZqGb1V","previousCounter":0,"rootKey":"MF56Vccq2e5hre/HNTC/UXltWZIyk4RWjrENgVWYOvc="},"indexInfo":{"baseKey":"BdD1JQ72pjUJL2SIioD5/SapSoR14RPg6gvtDRT+x7pG","baseKeyType":2,"closed":-1,"used":1686839051859,"created":1686839051859,"remoteIdentityKey":"BTzyB152HzscubHH/p34cM3JitbZvCmzfnQssEUXF7Yo"},"_chains":{"BQ9ah110g/aXB4Ag4mceJ1fj3KsyaZk18wt9JuZqGb1V":{"chainKey":{"counter":3,"key":"DE1Nl6RJt2jMXiePbyRuXFlrlPepiCiMJavUUOylQ7s="},"chainType":2,"messageKeys":{}},"BYQZhY/ExygpNhdSHwVik8XdWiEcmaLlPIppkrfo4rMh":{"chainKey":{"counter":-1,"key":"4E9oBb53009oRTv+ZRWYgq5Os8T3BY3V3FJT+bkEdT4="},"chainType":1,"messageKeys":{}}}}},"version":"v1"}