{"_sessions":{"BVepzxsVLWuNGD9jdQv6ApmRrct55Z0HN75999L2wY8o":{"registrationId":1916250508,"currentRatchet":{"ephemeralKeyPair":{"pubKey":"BZFApxe2pWv7F9DMCAuBYSZTu2eRWsEHEejSv1Dvoile","privKey":"6PWDINf2TE75Bws/IVF6wa+TGU6dCJIx+xd+tC2Ix2M="},"lastRemoteEphemeralKey":"BX4AODLnswdbJTIA/UD+Hw5nOuEh8AoLrJCTXCtmVJwk","previousCounter":0,"rootKey":"bsuBUx7oC3DufiFIPTKjyDJODS4kq+KQeRXl1YDQTq8="},"indexInfo":{"baseKey":"BVepzxsVLWuNGD9jdQv6ApmRrct55Z0HN75999L2wY8o","baseKeyType":2,"closed":1686900712356,"used":1686892112810,"created":1686892112810,"remoteIdentityKey":"BUg0Ar6ourEGctRMtjZ2Np+U6qj1Ns+5YX4NjPTNPXst"},"_chains":{"BX4AODLnswdbJTIA/UD+Hw5nOuEh8AoLrJCTXCtmVJwk":{"chainKey":{"counter":0,"key":"nxpyEEPLwkABbBJSgvBXHCMQfH4agY7OfcxQxorp0Dk="},"chainType":2,"messageKeys":{}},"BZFApxe2pWv7F9DMCAuBYSZTu2eRWsEHEejSv1Dvoile":{"chainKey":{"counter":-1,"key":"CJPrlxyLAeplaqN7rO4P7ywYZ2B+Nq5RQo1VvofckaY="},"chainType":1,"messageKeys":{}}}},"Bco9txDrEUm1mT9ZUH3JzJR9Vy9SAfzZzIyz5yo5RCgE":{"registrationId":66484799,"currentRatchet":{"ephemeralKeyPair":{"pubKey":"BUHFANR187eir372KXBnjtaWvqE12rwGCVCYDkV1r8FY","privKey":"UOnShO76wr6/0VEpmfbcUi8rnYqx56E6nBp5RfbRNEA="},"lastRemoteEphemeralKey":"BY646vATXvEg+XuZJqmqEm2PJbs3jJ6nhmK94Poj43Q8","previousCounter":0,"rootKey":"5Wnb42BRqBri21xzuJQ6k+kKkZ/dGucXuUH3cVcEAXM="},"indexInfo":{"baseKey":"Bco9txDrEUm1mT9ZUH3JzJR9Vy9SAfzZzIyz5yo5RCgE","baseKeyType":2,"closed":-1,"used":1686900712361,"created":1686900712361,"remoteIdentityKey":"BZ67kWoCZydN8Sb1Kudd7nfsh73cLZuEhZMjL/xwrFRi"},"_chains":{"BY646vATXvEg+XuZJqmqEm2PJbs3jJ6nhmK94Poj43Q8":{"chainKey":{"counter":1,"key":"k/LXWf/YHNjeasWLwFfyMv2BhOUQh2yqBn09CxYdWUA="},"chainType":2,"messageKeys":{}},"BUHFANR187eir372KXBnjtaWvqE12rwGCVCYDkV1r8FY":{"chainKey":{"counter":-1,"key":"p6Z4j9xGeFgjjgYoj4Vn6Lsk0NeSXtpYQU6tb3DmV+I="},"chainType":1,"messageKeys":{}}}}},"version":"v1"}