{"_sessions":{"Bbv/mnkDYMt2XCkh4AjDmgMZvMuC5TQWSBncv+RqvDxF":{"registrationId":1349268983,"currentRatchet":{"ephemeralKeyPair":{"pubKey":"BVpfnaSaCaDjA4Bgn9UorRmOdbBhQ6RrsJ5uXj4feU8i","privKey":"QP0W0x/4+9N6/Q5Z9YVW2fuilJTYG84ELxcrNK85aG4="},"lastRemoteEphemeralKey":"Ba6h2o2JktW3j5mYeRiLA1+G2/sLrFoDiZD/A/JPCFdD","previousCounter":0,"rootKey":"exhIgipQZH2d9Btj8EYzaw6OSHi4mFSaZ/Cjt0elG7I="},"indexInfo":{"baseKey":"Bbv/mnkDYMt2XCkh4AjDmgMZvMuC5TQWSBncv+RqvDxF","baseKeyType":2,"closed":-1,"used":1687000232320,"created":1687000232320,"remoteIdentityKey":"BVkSQFWu9+7hlP1VCc/wwA5ndoTPlTzgRKmkk7SB51cq"},"_chains":{"Ba6h2o2JktW3j5mYeRiLA1+G2/sLrFoDiZD/A/JPCFdD":{"chainKey":{"counter":0,"key":"9OnqOcFwT+MoT1tUEtmh3o9NetnufPmPPoHRdtL3IQM="},"chainType":2,"messageKeys":{}},"BVpfnaSaCaDjA4Bgn9UorRmOdbBhQ6RrsJ5uXj4feU8i":{"chainKey":{"counter":-1,"key":"rObgXv0kA3WqU/zOkMOUcI2oollwRBzqYDt+K9tBunU="},"chainType":1,"messageKeys":{}}}}},"version":"v1"}