{"_sessions":{"BUIPa2S2J9GyDNItsZtgN11S8qyCehnfsAnttrt5sKhG":{"registrationId":206614442,"currentRatchet":{"ephemeralKeyPair":{"pubKey":"BSGInbKFMOh0liWZwxSOun4JzplXtNApCv43/DzYjFIz","privKey":"AJ4FYvmES8JSh591uqqOTBVgzirkwdpfIOpripUS+kA="},"lastRemoteEphemeralKey":"BV15wSYlzJWavlvWZAQyJT7K9Cja+vWXmryMtZCduZE8","previousCounter":0,"rootKey":"cVQKYM8nKuMYjqPSMyaZw3wjFYQZRyoEJs2pTAaSy7Y="},"indexInfo":{"baseKey":"BUIPa2S2J9GyDNItsZtgN11S8qyCehnfsAnttrt5sKhG","baseKeyType":2,"closed":-1,"used":1686928907016,"created":1686928907016,"remoteIdentityKey":"Be11GLZEx0hsSqpbxHryaJhpExr3zAw6D1jcb/PFMZoW"},"_chains":{"BV15wSYlzJWavlvWZAQyJT7K9Cja+vWXmryMtZCduZE8":{"chainKey":{"counter":0,"key":"kY+K4KX7xb/XMKdcfjl/AxQdqwdbib209YLvSQCVTMg="},"chainType":2,"messageKeys":{}},"BSGInbKFMOh0liWZwxSOun4JzplXtNApCv43/DzYjFIz":{"chainKey":{"counter":-1,"key":"6hMda77al3niTfnGtx+8IHGPQncKTH3zWIIUgCHMsf8="},"chainType":1,"messageKeys":{}}}}},"version":"v1"}