{"_sessions":{"BTb0ReflPWWz7LA5vCrmh54GMkgL5qDHs6t9GlxF9Wcm":{"registrationId":1243898814,"currentRatchet":{"ephemeralKeyPair":{"pubKey":"BeGTonWO0JDFaskK3+aHikKADiYbf3bES+/qBwntDpBr","privKey":"8NMYzKiaUY2uCjSd8teodRw4dx1l3nhoYP7oUglxWWI="},"lastRemoteEphemeralKey":"BfoekIhUTXAw3j3MXrIOPuTjJ+5qdj1JUVbtrT6A1AMV","previousCounter":0,"rootKey":"/lM9hr8QHCsZYM9IGebT3uEzik5PzICdqfghsobqdbQ="},"indexInfo":{"baseKey":"BTb0ReflPWWz7LA5vCrmh54GMkgL5qDHs6t9GlxF9Wcm","baseKeyType":2,"closed":-1,"used":1687056979717,"created":1687056979717,"remoteIdentityKey":"BdMHEEplCfNtd2ZtWJfQcylqgAOymLLkXr1nP7dK/oVl"},"_chains":{"BfoekIhUTXAw3j3MXrIOPuTjJ+5qdj1JUVbtrT6A1AMV":{"chainKey":{"counter":0,"key":"qc3gHk88Csk6FrZJ2RLH46WCmJxKALaif7xqBDwOLtI="},"chainType":2,"messageKeys":{}},"BeGTonWO0JDFaskK3+aHikKADiYbf3bES+/qBwntDpBr":{"chainKey":{"counter":-1,"key":"0CSOFAi+yEyotG5CeVscpe565cMgLt3F2idWXf2d7Jw="},"chainType":1,"messageKeys":{}}}}},"version":"v1"}