{"_sessions":{"BXghBepoF/tJ7cntNmlWpr1B2eA2tq3mtn23ScKx8LRW":{"registrationId":2090040182,"currentRatchet":{"ephemeralKeyPair":{"pubKey":"BVbQJtYjOwWDIvNIOTe8TuzA0YxfqasidnK79fZtrcdQ","privKey":"SAWcmvQdSynQgJbugeJdVzUG9947GqifEtdgGOTelUk="},"lastRemoteEphemeralKey":"BQ76obmFF3zkdEQBKEQHgRM6VvlEtfDfImvKkSCURYVE","previousCounter":0,"rootKey":"WTXLepzoFwIqX9gwn80hBbbssbiejF4XcqCONLdBwoA="},"indexInfo":{"baseKey":"BXghBepoF/tJ7cntNmlWpr1B2eA2tq3mtn23ScKx8LRW","baseKeyType":2,"closed":-1,"used":1686837463413,"created":1686837463413,"remoteIdentityKey":"BZ+ibpw1jzZ8YlOzllzLFPaveoLdCGMYETWFHUso10QB"},"_chains":{"BQ76obmFF3zkdEQBKEQHgRM6VvlEtfDfImvKkSCURYVE":{"chainKey":{"counter":5,"key":"o9cdPl9lk7z6oo5QLKlIsj0c5jzgdmqvRJf0nO0HMvI="},"chainType":2,"messageKeys":{}},"BVbQJtYjOwWDIvNIOTe8TuzA0YxfqasidnK79fZtrcdQ":{"chainKey":{"counter":-1,"key":"nyzMCvdB9+DjmMAoI8p5y3Do0UEkm31AjusLsPwuxoc="},"chainType":1,"messageKeys":{}}}}},"version":"v1"}