{"_sessions":{"BZGZ7q8J7EzeTxKGlZvXtnnXBS5UXKHiGFBeqxG+BaJx":{"registrationId":452819874,"currentRatchet":{"ephemeralKeyPair":{"pubKey":"BXzVTvwbaXF5olxS1VXHTjlRkvlA+HVtqQbUQaNEpIBu","privKey":"GFpJxz6d27VTTr5L7BaKzTIDt/GWUFZCgxD9lr+oEHM="},"lastRemoteEphemeralKey":"BU4/v+QbYQ+xmyFSvDGFOn6W7uamAeqRzQiGJdhQpdUr","previousCounter":0,"rootKey":"9cEikhIxyJie15H1RMaVbbp2yvnuVHMy0xDPK+BIHCM="},"indexInfo":{"baseKey":"BZGZ7q8J7EzeTxKGlZvXtnnXBS5UXKHiGFBeqxG+BaJx","baseKeyType":2,"closed":-1,"used":1686916731875,"created":1686916731875,"remoteIdentityKey":"BQwdiBKpOK0ZQZoK3QpubzwispQHBkwHlCfNyTBji4BC"},"_chains":{"BU4/v+QbYQ+xmyFSvDGFOn6W7uamAeqRzQiGJdhQpdUr":{"chainKey":{"counter":4,"key":"HDNpqUSY+mA2ydf5aOgQ5pRUE5G1DeAOv0/89tAqpAg="},"chainType":2,"messageKeys":{}},"BXzVTvwbaXF5olxS1VXHTjlRkvlA+HVtqQbUQaNEpIBu":{"chainKey":{"counter":-1,"key":"znat1zZ425l6CLW+XHp/n49m89TrQPZ+O2m/1s5bp2E="},"chainType":1,"messageKeys":{}}}}},"version":"v1"}