{"_sessions":{"Bed1Lu+AsZQlpEaxiVFxMEU5LMF1Nzwy05Uco2TocrZk":{"registrationId":605183775,"currentRatchet":{"ephemeralKeyPair":{"pubKey":"BTVF2ba3f5EkL+k2ntS20WC0r8irPJcNGqqbYvYdvKd5","privKey":"mC+HtBvVfllTYNxAyk1Wo6O2DRI8OiypHMplgvjNu0c="},"lastRemoteEphemeralKey":"BRcsNXAHx6Gttnf8QfO7SuyWGXnu9yMFgY7NP81Rw08Q","previousCounter":0,"rootKey":"X2kfREHMjg41kWBERRGRZeWn8H4IGcv0tr03aK7R7h0="},"indexInfo":{"baseKey":"Bed1Lu+AsZQlpEaxiVFxMEU5LMF1Nzwy05Uco2TocrZk","baseKeyType":2,"closed":-1,"used":1687014577809,"created":1687014577809,"remoteIdentityKey":"BfNMsGSKzzeLXSYMrNfZ4yr4oEbcHDPYk8b9NLWeNCRU"},"_chains":{"BRcsNXAHx6Gttnf8QfO7SuyWGXnu9yMFgY7NP81Rw08Q":{"chainKey":{"counter":3,"key":"/A3j82Q0LI+ruQ23L9AyE4yECM1oWNgd1rhU6poLIUE="},"chainType":2,"messageKeys":{"0":"am9NF5Ev9JenGxeX2sEwJb6gYYaE2ngr1KnL6KY6CAM=","2":"UH+rZDMvrgyWhgHNLUQ0XIwu3Lx+COzWCrT+IaQ2mno="}},"BTVF2ba3f5EkL+k2ntS20WC0r8irPJcNGqqbYvYdvKd5":{"chainKey":{"counter":-1,"key":"p95KmgPZM+Vh9ZHB6nHx6fkFlb9CJGkqbKedPvddC80="},"chainType":1,"messageKeys":{}}}}},"version":"v1"}