{"_sessions":{"BevUBU79tQ8334Mrz0vJX3bx2Edp22zqDV1es9Q+sWMA":{"registrationId":1370210677,"currentRatchet":{"ephemeralKeyPair":{"pubKey":"BQjYyxzfQJd9rzhPthsSzjGPWJTokxrXxOpsPw2QSY9p","privKey":"cBb9+3VK5wPg65E452jZLxyEiMhED51IsTK5MF9Q7Gs="},"lastRemoteEphemeralKey":"BWoquY4ANJ1oerXzXozrJtgtqxRm6wOGxBr9kFB1JHUy","previousCounter":0,"rootKey":"BquFbHICxOsbnxVv2JggMi6VSQrqkmTW1uFhIGQL2u0="},"indexInfo":{"baseKey":"BevUBU79tQ8334Mrz0vJX3bx2Edp22zqDV1es9Q+sWMA","baseKeyType":2,"closed":-1,"used":1686915586809,"created":1686915586809,"remoteIdentityKey":"BZrGYEmJg1dl8J+hK9N21NmjE+jM3+Bv76o+y05vxJUc"},"_chains":{"BWoquY4ANJ1oerXzXozrJtgtqxRm6wOGxBr9kFB1JHUy":{"chainKey":{"counter":3,"key":"eBq/RS39xF8j4egoL+a8fMi5vNW+yEmUb+/Tyotb5Zk="},"chainType":2,"messageKeys":{}},"BQjYyxzfQJd9rzhPthsSzjGPWJTokxrXxOpsPw2QSY9p":{"chainKey":{"counter":-1,"key":"+WpQaGzUHOAv3mgnLv5OF9EoRjat5UKaSdxHBl3RWJI="},"chainType":1,"messageKeys":{}}}}},"version":"v1"}