{"_sessions":{"BfccZqPZL+FiMWOYmw4ad/iXXK6+V/LkFCYF3F0JIsx+":{"registrationId":442055890,"currentRatchet":{"ephemeralKeyPair":{"pubKey":"BXq0n66/HYsB0zSjpi2JSE2bPMHOenhS0j+AvTUNCZJ3","privKey":"OLzQ+XdNzIORQL276BCQdrF00sYR0mn8boe4OSOYpkE="},"lastRemoteEphemeralKey":"BV8QyVXIWOBn+/qM7iScSHq4itZ3Po0uHr+xaVl/aGJQ","previousCounter":0,"rootKey":"LLIFWc/6nfnWvuKV2rZQ/WsztqxhaThCgkdgzdLUIG0="},"indexInfo":{"baseKey":"BfccZqPZL+FiMWOYmw4ad/iXXK6+V/LkFCYF3F0JIsx+","baseKeyType":2,"closed":-1,"used":1687007126962,"created":1687007126962,"remoteIdentityKey":"BYo5R+UnZxwbRF5lLMephRvaiEaC9Q5sZsdjfWJkWOAG"},"_chains":{"BV8QyVXIWOBn+/qM7iScSHq4itZ3Po0uHr+xaVl/aGJQ":{"chainKey":{"counter":0,"key":"+QqQBLw529vRiQJPq75vawXFhJ8/E7moDTty1TvRndA="},"chainType":2,"messageKeys":{}},"BXq0n66/HYsB0zSjpi2JSE2bPMHOenhS0j+AvTUNCZJ3":{"chainKey":{"counter":-1,"key":"cl8cd8scw3ebtP2ZJP8+VBClsY09m6nXSjD37WtPptU="},"chainType":1,"messageKeys":{}}}}},"version":"v1"}