{"_sessions":{"BYILPy0hZqfKqniyQj59vy5JN8EKCgfDe+Nv6n6PbVI/":{"registrationId":1957364918,"currentRatchet":{"ephemeralKeyPair":{"pubKey":"BYEmTafOHduyn1bGsvPY+aO8RZMK7vYmUyUF59zTwFEN","privKey":"qNwPt4vQuz3WzWnkkFmOw5I/7SPeEqDVlwV7NFEIG1E="},"lastRemoteEphemeralKey":"BfiHtXEZCFmufzPysTlmLr0xcy92oP87N5wvKQa4uQRn","previousCounter":0,"rootKey":"fytlwT3C2vmybLpwcFShCxunH9ZRRatG0lNPG+v7wxY="},"indexInfo":{"baseKey":"BYILPy0hZqfKqniyQj59vy5JN8EKCgfDe+Nv6n6PbVI/","baseKeyType":2,"closed":-1,"used":1686878987560,"created":1686878987560,"remoteIdentityKey":"BVMzlOCBdxt3z0xSko6nIv6Dv66Jgs9JHq9X85yZMaQT"},"_chains":{"BfiHtXEZCFmufzPysTlmLr0xcy92oP87N5wvKQa4uQRn":{"chainKey":{"counter":2,"key":"qI9PwQ6bI/+lZJrUc28tX+w05rBeyhPMKTBkMOxCNEM="},"chainType":2,"messageKeys":{}},"BYEmTafOHduyn1bGsvPY+aO8RZMK7vYmUyUF59zTwFEN":{"chainKey":{"counter":-1,"key":"4rwYkEn+2tKd0JR31Obic+CQU75juYwILAIDmoohJNg="},"chainType":1,"messageKeys":{}}}}},"version":"v1"}