{"_sessions":{"BUOpnMeAj6Mfdjpolrhni7C8k4EegU3LbYFAgDIuKzhf":{"registrationId":553,"currentRatchet":{"ephemeralKeyPair":{"pubKey":"BQuwsnJiUx2GWJVQBYHeguQt+clwwcQtiCmbdDNbcJYz","privKey":"aHkcQENbGErHeXL0vzd5zmmGFm9e7ecKbBnPAigsk0w="},"lastRemoteEphemeralKey":"BZMuM9XKwYa4hwkKV87R5Tig8LCiW9OTPR8RAkRcr1kJ","previousCounter":0,"rootKey":"p3z/s64i2AGN68iSIbpW3P1xhBSw2RDna8uQ4IL7fFM="},"indexInfo":{"baseKey":"BUOpnMeAj6Mfdjpolrhni7C8k4EegU3LbYFAgDIuKzhf","baseKeyType":2,"closed":-1,"used":1687011754894,"created":1687011754894,"remoteIdentityKey":"BbIKsSjd85oobnn2qDHMttZ58Wd/6SrOGAQY/d70eb0d"},"_chains":{"BZMuM9XKwYa4hwkKV87R5Tig8LCiW9OTPR8RAkRcr1kJ":{"chainKey":{"counter":0,"key":"5XoeT9ph9boeV5FIxZJAF69CzBLdmoPxCYcxh27ra+c="},"chainType":2,"messageKeys":{}},"BQuwsnJiUx2GWJVQBYHeguQt+clwwcQtiCmbdDNbcJYz":{"chainKey":{"counter":-1,"key":"+XDQgKiHrkZo9fFJBX30o9pM5Jhzf3KYuUV/J6Cm6JY="},"chainType":1,"messageKeys":{}}}}},"version":"v1"}