{"_sessions":{"BRrDH6byPrrD8AV9JWG/gbzrofioh97zz4/l0WXsXx4M":{"registrationId":233027322,"currentRatchet":{"ephemeralKeyPair":{"pubKey":"BSxj6DLyuMOoV0izQzDGjIbYF8GKSGEuqvX12PaXL1E8","privKey":"SJ8XS9FI3FGSVa+L1dqsKzdmdLg1lIy1RdJ1wG83m1s="},"lastRemoteEphemeralKey":"BUChoujHAyufdcjjNEMiPOL6uyXJvBPGXlQsaf/wNNFU","previousCounter":0,"rootKey":"Wk7W9smxLiCYoYYEs/IZtAWJtxkkm9t01b8nT395XqE="},"indexInfo":{"baseKey":"BRrDH6byPrrD8AV9JWG/gbzrofioh97zz4/l0WXsXx4M","baseKeyType":2,"closed":-1,"used":1686880073667,"created":1686880073667,"remoteIdentityKey":"BW+91/XB2bMt9nAd+o9O6Fkyjvv5ackxrBMwA9K4XnUg"},"_chains":{"BUChoujHAyufdcjjNEMiPOL6uyXJvBPGXlQsaf/wNNFU":{"chainKey":{"counter":3,"key":"emts1aI3ELzdHqqM3Qew38CqPOMsOPwpVhKcM7tb7to="},"chainType":2,"messageKeys":{}},"BSxj6DLyuMOoV0izQzDGjIbYF8GKSGEuqvX12PaXL1E8":{"chainKey":{"counter":-1,"key":"mQb1rh8yvtW/DPW2IsopdKIybauZr7lCtwISZe3Qm9Y="},"chainType":1,"messageKeys":{}}}}},"version":"v1"}