{"_sessions":{"BTUM6jZABj8/0LU6KhEKMf1QzqwApwJJWBPVoy7UKqUf":{"registrationId":1107467189,"currentRatchet":{"ephemeralKeyPair":{"pubKey":"BRALMvWnngzK4KC7c/1XfnDtWNxOU8hzBOmcC83HSxdD","privKey":"4HTLThoQ97ATsp6yipgCgXHomR1AcUmAx1r0ifI8gVA="},"lastRemoteEphemeralKey":"BZql12aOACwvT+nEf4yo5ryXM3qtGUS8F1s+27cVpBp8","previousCounter":0,"rootKey":"UTAEY7LA/r5UvKGAnDCzRC/gxuRebXwvepcLKu6M94Q="},"indexInfo":{"baseKey":"BTUM6jZABj8/0LU6KhEKMf1QzqwApwJJWBPVoy7UKqUf","baseKeyType":2,"closed":-1,"used":1686909261831,"created":1686909261831,"remoteIdentityKey":"BS17R1spDDYAQV2Badnr/s9ueN4M+GNefNkl0LFrhH1Q"},"_chains":{"BZql12aOACwvT+nEf4yo5ryXM3qtGUS8F1s+27cVpBp8":{"chainKey":{"counter":0,"key":"O33Z28+cgZPXxWV98vo13OLFsoyBtut/sPgJmlOI4PE="},"chainType":2,"messageKeys":{}},"BRALMvWnngzK4KC7c/1XfnDtWNxOU8hzBOmcC83HSxdD":{"chainKey":{"counter":-1,"key":"7Zv0vWQvWVCE3cuxxdtMlTZS0zYidtADLSF0RQXPa7A="},"chainType":1,"messageKeys":{}}}}},"version":"v1"}