{"_sessions":{"BZ2tfSmCSgRug/4+W4lsRkxxRvz/scpfpFH+W5JZ5CZe":{"registrationId":2008327945,"currentRatchet":{"ephemeralKeyPair":{"pubKey":"Be3iN6y/P8DYgcPSGqbbJOq9AkxC2+9t4eH5s5gsVpw5","privKey":"kE/QSXFajmmacb+TcUlhMbi6DP73YPaShTGBsMKfSng="},"lastRemoteEphemeralKey":"Bdy3SoJ1zZG+/Ny1NkE2RFVqTexWhRfyulqqG1gYldU7","previousCounter":0,"rootKey":"WtnJs3F+e/DlBqxwgV+khSOKJYN5rNzLUiJDYT7m7dU="},"indexInfo":{"baseKey":"BZ2tfSmCSgRug/4+W4lsRkxxRvz/scpfpFH+W5JZ5CZe","baseKeyType":2,"closed":-1,"used":1687056969917,"created":1687056969917,"remoteIdentityKey":"BdTrMzkDTwOyWaSC6q03T2ST4kOlHWmcC7pTh1RmKcBR"},"_chains":{"Bdy3SoJ1zZG+/Ny1NkE2RFVqTexWhRfyulqqG1gYldU7":{"chainKey":{"counter":1,"key":"qBLdvmBU3i8ZOO91Chh4JvOEfjJgIrxCoE8RT9Z79NM="},"chainType":2,"messageKeys":{}},"Be3iN6y/P8DYgcPSGqbbJOq9AkxC2+9t4eH5s5gsVpw5":{"chainKey":{"counter":-1,"key":"vkCDwKyIAXOCnWqrGTGyphNT3fJJV1vBfbilJwyPCPE="},"chainType":1,"messageKeys":{}}}}},"version":"v1"}