{"_sessions":{"BXdLSL7QVREWUERFPscFp1UoMR5YjM0U3yyBprd9hmkO":{"registrationId":118,"currentRatchet":{"ephemeralKeyPair":{"pubKey":"BRsJ1ctDegZbrRrLbVFSKhqlTZIGCGOvshjm5RkOtc5x","privKey":"GJ2xYmfR65KzEnNZbr2I5On+OXeh14gKbRRrs0t+b2Y="},"lastRemoteEphemeralKey":"BbzN0qvdIk3pCgVXZvqsOuESN8pG7KQ9LD1pDRvTNslK","previousCounter":0,"rootKey":"0Yb3e8I4f8naDSr2BnkYAhE3xOlQiJk/zN0qh1lp0QQ="},"indexInfo":{"baseKey":"BXdLSL7QVREWUERFPscFp1UoMR5YjM0U3yyBprd9hmkO","baseKeyType":2,"closed":-1,"used":1687056974863,"created":1687056974863,"remoteIdentityKey":"BZUGrhLNRraKZJvUrg412gU3azsqbayjBfuhRUGxEPdC"},"_chains":{"BbzN0qvdIk3pCgVXZvqsOuESN8pG7KQ9LD1pDRvTNslK":{"chainKey":{"counter":0,"key":"30XwJLkq4+3sp/8kcsKAxU+O1nzk/SOZKiwhF4NXs+0="},"chainType":2,"messageKeys":{}},"BRsJ1ctDegZbrRrLbVFSKhqlTZIGCGOvshjm5RkOtc5x":{"chainKey":{"counter":-1,"key":"96w4OPpIlQG9Ekh/6r6x2gQrCwZ1BGYnfAIWEw4IAOA="},"chainType":1,"messageKeys":{}}}}},"version":"v1"}