{"_sessions":{"BfpDhGYaOZ0ZY68NCc0KiT+bCmNiiLdzivk/Hkr09aRB":{"registrationId":1281149793,"currentRatchet":{"ephemeralKeyPair":{"pubKey":"BRHv8Wz0huCNmmNb4O8kT5CiPHv1RH/sXKYM5dvWHFlE","privKey":"8F+WevklopdMbGxMM3Qk6AKSY+qZQFeNI/dMTCad13c="},"lastRemoteEphemeralKey":"BdCglAWrHyI7sCsTL6hSE6/Bx/SlycJ5nTqbTr0nK4ou","previousCounter":0,"rootKey":"Elm6ajJz5qHyRnc3VR1Xs43bSIVG07hohtpqu4oTDMY="},"indexInfo":{"baseKey":"BfpDhGYaOZ0ZY68NCc0KiT+bCmNiiLdzivk/Hkr09aRB","baseKeyType":2,"closed":-1,"used":1686882763010,"created":1686882763010,"remoteIdentityKey":"BZgKeBiOY5knihNfLxbYK8oZ0GhY+dHkv7zUC2SaBYtO"},"_chains":{"BdCglAWrHyI7sCsTL6hSE6/Bx/SlycJ5nTqbTr0nK4ou":{"chainKey":{"counter":2,"key":"5lrSg+wzF1B0Iiy3qx4I0RbpliDYlkhE6MQUvGVtejo="},"chainType":2,"messageKeys":{}},"BRHv8Wz0huCNmmNb4O8kT5CiPHv1RH/sXKYM5dvWHFlE":{"chainKey":{"counter":-1,"key":"1HCEkch3iTBGJ4VOKde4Vk4qlj+om22AZWh91E2ZUNA="},"chainType":1,"messageKeys":{}}}}},"version":"v1"}