{"_sessions":{"BeSa/dENvZ6LIHopGNbj0pi58+baTbWw9WshT/hGeA9v":{"registrationId":219,"currentRatchet":{"ephemeralKeyPair":{"pubKey":"BTHRUA7peM8RFAEC9YsbM23PzFkw7PN8tlo6jjar+69F","privKey":"cO0iP1ieBWNuKGU6DsVqi4B80OTml36jfVllMibaiEg="},"lastRemoteEphemeralKey":"Ba8JSDCUNww+vfBI9nh8ekdQFbvs2EFAp8eymeMNtiId","previousCounter":0,"rootKey":"hU0nFMUzzD27PPm/FUxsGE9mVL7d8R89I5Y7prRl6Js="},"indexInfo":{"baseKey":"BeSa/dENvZ6LIHopGNbj0pi58+baTbWw9WshT/hGeA9v","baseKeyType":2,"closed":-1,"used":1686842054145,"created":1686842054145,"remoteIdentityKey":"BevutEPuhA3sE94KwkwKIOTgjAOGgggYvO95AeqIJKoX"},"_chains":{"Ba8JSDCUNww+vfBI9nh8ekdQFbvs2EFAp8eymeMNtiId":{"chainKey":{"counter":9,"key":"/dpx8tx8lPjcLu8DAChCSW36dVvDwYTERFj/RVCU4bM="},"chainType":2,"messageKeys":{}},"BTHRUA7peM8RFAEC9YsbM23PzFkw7PN8tlo6jjar+69F":{"chainKey":{"counter":-1,"key":"myUvZ0geaDowlJyKW8UJ2nIQ64vZFu4Oo5kPF8TrM6c="},"chainType":1,"messageKeys":{}}}}},"version":"v1"}