{"_sessions":{"BTnifVTuhPxnIIN4QBykopygTyBiMAvA+MG+jBgRCf55":{"registrationId":479410784,"currentRatchet":{"ephemeralKeyPair":{"pubKey":"BeJFfLUZDg0pn22Iafrlxurcfzrf56LmuGnna5gWvM5r","privKey":"MOL7xU95Fc+g8bNocZ8wH3pDbZpTYPI3J2WlRUJ1838="},"lastRemoteEphemeralKey":"Bc2iZbfscpGNpLuxpSSO7FhmIDLzByyFfnmXtkQ9OqQ/","previousCounter":0,"rootKey":"MA6DUcBprTwAq4Amy8ilHmmXcHqnCJHo/ru0FwGKjsc="},"indexInfo":{"baseKey":"BTnifVTuhPxnIIN4QBykopygTyBiMAvA+MG+jBgRCf55","baseKeyType":2,"closed":-1,"used":1686914591490,"created":1686914591490,"remoteIdentityKey":"BeUKLMD+Vl7j0BmyVUxqFmfJ+C1RY93LkfRLYxICe5Bq"},"_chains":{"Bc2iZbfscpGNpLuxpSSO7FhmIDLzByyFfnmXtkQ9OqQ/":{"chainKey":{"counter":4,"key":"DfYipZp2Vq4DfxQdvJhO6R4zn257diHW2329m5yVMKg="},"chainType":2,"messageKeys":{}},"BeJFfLUZDg0pn22Iafrlxurcfzrf56LmuGnna5gWvM5r":{"chainKey":{"counter":-1,"key":"mbIjiVYi4FtUV8nO7Db3Y4X2iMuXMjq9O5Dmo1HyPH4="},"chainType":1,"messageKeys":{}}}}},"version":"v1"}