{"_sessions":{"BUdjZYg9a7ZOL/XuX1/10tMCt3G1ajYiTUlVIHJy5x5G":{"registrationId":2008771151,"currentRatchet":{"ephemeralKeyPair":{"pubKey":"BVy6VpY9fHsEUmfbkgk9A0z/wGvod/hHd1LbSd1HYP5W","privKey":"UEy5H/HF8/Uxh1IOZ+7ZS5pkPri90x6qu3XOMpqsKmE="},"lastRemoteEphemeralKey":"BYWAGSvOI3iqLbRivQMnfuRt+W8yfS2hdKfTDYFvDHQ3","previousCounter":0,"rootKey":"kcQ7cw6OypAthUC1m5leMvwPg7YmZCD92+86Fy2DNEs="},"indexInfo":{"baseKey":"BUdjZYg9a7ZOL/XuX1/10tMCt3G1ajYiTUlVIHJy5x5G","baseKeyType":2,"closed":-1,"used":1686923872150,"created":1686923872150,"remoteIdentityKey":"BVoQ9pALPACCvnBflkuGlwPZGycSG9xL8EzwvoBybMAn"},"_chains":{"BYWAGSvOI3iqLbRivQMnfuRt+W8yfS2hdKfTDYFvDHQ3":{"chainKey":{"counter":0,"key":"QmJItTODSnigjimyhUrrlBV7GLnLMnrSw8YsUNkazKE="},"chainType":2,"messageKeys":{}},"BVy6VpY9fHsEUmfbkgk9A0z/wGvod/hHd1LbSd1HYP5W":{"chainKey":{"counter":-1,"key":"wYgonIRcO5FEW/Awk3pK7yoSOBTh1989y/DxwsJo/x4="},"chainType":1,"messageKeys":{}}}}},"version":"v1"}