{"_sessions":{"BZjtyr/NjvAOPFQ44tQ2UIvXshkYPVfAwi68zoq63uNb":{"registrationId":271050686,"currentRatchet":{"ephemeralKeyPair":{"pubKey":"Beszf9YjgDkDq235tH9rXN5HGwf2VP6N23NjbUJrj2VN","privKey":"gMFGmesS3MKCBp2N0pa31404YQHq/5PwCNjiaVvgu0Q="},"lastRemoteEphemeralKey":"BRB9TqJbjaO/dgns23NOawIDf7wb9nXKjRQ2mCfolbFw","previousCounter":0,"rootKey":"CxIgHkylXvpZOHCHeK6AZlCIIMiXAi4+zZT1f3ZN4M4="},"indexInfo":{"baseKey":"BZjtyr/NjvAOPFQ44tQ2UIvXshkYPVfAwi68zoq63uNb","baseKeyType":2,"closed":-1,"used":1686995100153,"created":1686995100153,"remoteIdentityKey":"Beun4o0nOsksj/LDAEz4J1eotwAHx6PEpdZfUkPO18h+"},"_chains":{"BRB9TqJbjaO/dgns23NOawIDf7wb9nXKjRQ2mCfolbFw":{"chainKey":{"counter":0,"key":"dSNBI5FMjuq0S7K2JSiD6EfOVk8fPS7cdg0VbNb+eUg="},"chainType":2,"messageKeys":{}},"Beszf9YjgDkDq235tH9rXN5HGwf2VP6N23NjbUJrj2VN":{"chainKey":{"counter":-1,"key":"hIxn6SdNHrE1qe2fE6nudwQb44L3Y/K+YdX11T7RQHs="},"chainType":1,"messageKeys":{}}}}},"version":"v1"}