{"_sessions":{"BXUakktMVLKlVWDdK5qJrYW6sKOpQrF/1PVtFJyNGOJu":{"registrationId":734974245,"currentRatchet":{"ephemeralKeyPair":{"pubKey":"BayftpdJK6KXYOJ+3JQyqjnKOzk6Y5JrpSiSttX71QhN","privKey":"sCqQnFpwg9I4LB9DlCSGIJK+IlG1PvPkFFkBa3Nua3c="},"lastRemoteEphemeralKey":"BTmjjjKQ5Tqs+D3XoBNkWdbVHSALvQcXe1q+sapNz2dO","previousCounter":0,"rootKey":"3Z5soXW1E7LHWHR/0RbFlB1qYLVRf+Mmvd05LAlP4zg="},"indexInfo":{"baseKey":"BXUakktMVLKlVWDdK5qJrYW6sKOpQrF/1PVtFJyNGOJu","baseKeyType":2,"closed":-1,"used":1686951332598,"created":1686951332598,"remoteIdentityKey":"BereE1cc7GsV88ImOXwWB5rUn7nYf5t0ZY4Qd8o7iQsr"},"_chains":{"BTmjjjKQ5Tqs+D3XoBNkWdbVHSALvQcXe1q+sapNz2dO":{"chainKey":{"counter":3,"key":"siKpRZGt5/A+Cyj38mnQasKns878ygZJCP3g4NPDzeM="},"chainType":2,"messageKeys":{}},"BayftpdJK6KXYOJ+3JQyqjnKOzk6Y5JrpSiSttX71QhN":{"chainKey":{"counter":-1,"key":"YmG50rZxCrsWOryL+sZY9chVIHEworYmPV77zlbK7hU="},"chainType":1,"messageKeys":{}}}}},"version":"v1"}