{"_sessions":{"BaC9OGdCC9Fkz6HskyFT1UjfuO2aClz+wit8aoKywN08":{"registrationId":6,"currentRatchet":{"ephemeralKeyPair":{"pubKey":"BTyU41D/ov5bYVifCUgBwsoR3OcgDM+zSP4lcAgxOEFB","privKey":"WKBxE2xsUlSQreAb3xCBUrZKFIY2Ph5p5dwU0Tz3qmM="},"lastRemoteEphemeralKey":"Bem60ihsOs1MAf3LsdQe/Kc7n0zpLSZ7QBMUrxvLCjRG","previousCounter":0,"rootKey":"PXWKVBolIA7Rkn7+sZB6paP2qi8/N7eA9/yRXBmcoYY="},"indexInfo":{"baseKey":"BaC9OGdCC9Fkz6HskyFT1UjfuO2aClz+wit8aoKywN08","baseKeyType":2,"closed":1686980223406,"used":1686976457451,"created":1686976457451,"remoteIdentityKey":"BSKeduSJicZy4kE5F+PqJ6NzCRcBq8l+r4qk2E/J2pRT"},"_chains":{"Bem60ihsOs1MAf3LsdQe/Kc7n0zpLSZ7QBMUrxvLCjRG":{"chainKey":{"counter":0,"key":"3VrXi0s1S5UU8rFADwRMhatfD4LrzJEb8+XEAszz7dk="},"chainType":2,"messageKeys":{}},"BTyU41D/ov5bYVifCUgBwsoR3OcgDM+zSP4lcAgxOEFB":{"chainKey":{"counter":-1,"key":"KV36geZ69DZMffDQQmF74SUKAhPz6+soNaxsuUT9160="},"chainType":1,"messageKeys":{}}}},"BU9cOUR6YBhPwYO0N4Onj/7StgzgjwpF+jAT2BAssIZ3":{"registrationId":6,"currentRatchet":{"ephemeralKeyPair":{"pubKey":"BWYCVgpTMWjHzuqsy8o0tL7xgQcAx3GzZz2I9pdrb1sj","privKey":"mGBcd9pK2TZcoWBcqPupbZaMDhDuX1g115Cs+EfoRFc="},"lastRemoteEphemeralKey":"BbJW3bQT2kJhkxDo7wMQy8DYK0ECe3Rqv0mYq7d2DKAC","previousCounter":0,"rootKey":"QeaL2OyDuC0HRsW2lEHIQiC/oSF9g3xXctd2fSaf7is="},"indexInfo":{"baseKey":"BU9cOUR6YBhPwYO0N4Onj/7StgzgjwpF+jAT2BAssIZ3","baseKeyType":2,"closed":1686995689290,"used":1686980223410,"created":1686980223410,"remoteIdentityKey":"BSKeduSJicZy4kE5F+PqJ6NzCRcBq8l+r4qk2E/J2pRT"},"_chains":{"BbJW3bQT2kJhkxDo7wMQy8DYK0ECe3Rqv0mYq7d2DKAC":{"chainKey":{"counter":1,"key":"6u2Wc78pFTnsb8s1Q0eO7LHMCTTVlqI1vIveiHhhMno="},"chainType":2,"messageKeys":{}},"BWYCVgpTMWjHzuqsy8o0tL7xgQcAx3GzZz2I9pdrb1sj":{"chainKey":{"counter":-1,"key":"8Wzxq0UWewZ6p7hdycJ2whsEFUv2fLIMBR9TgSUaz4o="},"chainType":1,"messageKeys":{}}}},"Beii4Y7c7oT19iczBjZb/fnmactYpb1cme6qFaKzyBpL":{"registrationId":6,"currentRatchet":{"ephemeralKeyPair":{"pubKey":"BXKl9ykNNgC9rFIlbGwrFiT2lRJoDHs1m8bewA0CY94D","privKey":"kJT5NcRDvtL0NARezQWvsy1nIuUDrhMj4i0cumDK/Xc="},"lastRemoteEphemeralKey":"BdB0aqTerSZt0UJa5LddZjRbg06huDo2ohrlfofZX0lK","previousCounter":0,"rootKey":"0iyoZJHwX8XsYhdGjI0u0Rb8XSIAI3vrVUhMvcd6Y+I="},"indexInfo":{"baseKey":"Beii4Y7c7oT19iczBjZb/fnmactYpb1cme6qFaKzyBpL","baseKeyType":2,"closed":-1,"used":1686995689294,"created":1686995689294,"remoteIdentityKey":"BSKeduSJicZy4kE5F+PqJ6NzCRcBq8l+r4qk2E/J2pRT"},"_chains":{"BdB0aqTerSZt0UJa5LddZjRbg06huDo2ohrlfofZX0lK":{"chainKey":{"counter":10,"key":"QqAUh1S3S0jahm95ZF5omNRMmT5x+Hi6rNgaYmL9KFA="},"chainType":2,"messageKeys":{}},"BXKl9ykNNgC9rFIlbGwrFiT2lRJoDHs1m8bewA0CY94D":{"chainKey":{"counter":-1,"key":"vzPhEGoEq7mLX7wdlQBB6RL7ueCZDjXCQ0MetsqxEnc="},"chainType":1,"messageKeys":{}}}}},"version":"v1"}