{"_sessions":{"BeK82dXhlVBDNc36WhKu+kb0ugDN/4rYks6htTYtyQRD":{"registrationId":222,"currentRatchet":{"ephemeralKeyPair":{"pubKey":"BVkYolXXqkz2jpPdiWPVtKh68NJcziScBKQ8X7viTcBX","privKey":"QPhGqxEY/YTJOvKu5YLzT4jSqOJcIumxZ0AU51SnyFQ="},"lastRemoteEphemeralKey":"BRcCjJ/yteJ6dDE+1QMggx79DltD9KubKDIY0plkyTIM","previousCounter":0,"rootKey":"liguLV5WRHSsJ3Gk0JQipLkBXECvSbCbW8l+8D6fTHU="},"indexInfo":{"baseKey":"BeK82dXhlVBDNc36WhKu+kb0ugDN/4rYks6htTYtyQRD","baseKeyType":2,"closed":1686849916596,"used":1686839442857,"created":1686839442857,"remoteIdentityKey":"BRUpkV7kRFI/xWEY8uoF4N+NK2y69nUyhUWRrC57DElK"},"_chains":{"BRcCjJ/yteJ6dDE+1QMggx79DltD9KubKDIY0plkyTIM":{"chainKey":{"counter":3,"key":"5Kp76lBExpNuIphLQ/mAiuMrv+omSNLlT/FKh9dWxOw="},"chainType":2,"messageKeys":{}},"BVkYolXXqkz2jpPdiWPVtKh68NJcziScBKQ8X7viTcBX":{"chainKey":{"counter":-1,"key":"WjpwcO00tagCytqaOeW5KGUDr/r8NQ/ym82MLUQ9hZ4="},"chainType":1,"messageKeys":{}}}},"Bfa62vpXVtW4FWq9ouRvECUP8HKKitZi2yO94t66/rh5":{"registrationId":222,"currentRatchet":{"ephemeralKeyPair":{"pubKey":"BfFNacmI0seqw6/O9YrmFM4N/wbdbHG8y1/P2LkH/LpF","privKey":"sPX2V3Lwge6CnJ4LTr5MRqx0eJTrlOeNc0IkDABmLkc="},"lastRemoteEphemeralKey":"BfxKMcLLRhoFBYTtkyOSv2cdn4saX8G94JO6X/URlppa","previousCounter":0,"rootKey":"YbQuq2D/wb896KZvsH2u8oZd3Oj5x34bXR+vPAO1+6o="},"indexInfo":{"baseKey":"Bfa62vpXVtW4FWq9ouRvECUP8HKKitZi2yO94t66/rh5","baseKeyType":2,"closed":1686880446296,"used":1686849916602,"created":1686849916602,"remoteIdentityKey":"BRUpkV7kRFI/xWEY8uoF4N+NK2y69nUyhUWRrC57DElK"},"_chains":{"BfxKMcLLRhoFBYTtkyOSv2cdn4saX8G94JO6X/URlppa":{"chainKey":{"counter":2,"key":"JgeGWgkGNUElcJTEogO5GYJqJTAzhR7QlBJNZtkGqrA="},"chainType":2,"messageKeys":{}},"BfFNacmI0seqw6/O9YrmFM4N/wbdbHG8y1/P2LkH/LpF":{"chainKey":{"counter":-1,"key":"Bzh1FWI9Il7E8Na6S554Xi+0hlv8vxavkpui2KUuFtc="},"chainType":1,"messageKeys":{}}}},"BVERlrJcO8Hi9/VvTNqs0dvSuTt4p9XHxwujs9OltP57":{"registrationId":222,"currentRatchet":{"ephemeralKeyPair":{"pubKey":"BT2QzsLBSKh7vG3dBrkQk1dsfPCJ5db3nlMk5VN6wpJO","privKey":"YMVileIrqnfmdvYVXG1YhnOThqfGpcA36iKu4nOto30="},"lastRemoteEphemeralKey":"BQpaN5WtPo2TcgogsGmXNKFruo2DFBY+VCNGhuWj8Y4M","previousCounter":0,"rootKey":"L4I18+n+KK45jeYORjYNB8/hJMUAT1Fl7RJcqmMjzDk="},"indexInfo":{"baseKey":"BVERlrJcO8Hi9/VvTNqs0dvSuTt4p9XHxwujs9OltP57","baseKeyType":2,"closed":1686894778009,"used":1686880446297,"created":1686880446297,"remoteIdentityKey":"BRUpkV7kRFI/xWEY8uoF4N+NK2y69nUyhUWRrC57DElK"},"_chains":{"BQpaN5WtPo2TcgogsGmXNKFruo2DFBY+VCNGhuWj8Y4M":{"chainKey":{"counter":2,"key":"5hloQeM6Vf6Hvq8BMq45qVkN1JCdaD+WkQxIKn5P7Vo="},"chainType":2,"messageKeys":{}},"BT2QzsLBSKh7vG3dBrkQk1dsfPCJ5db3nlMk5VN6wpJO":{"chainKey":{"counter":-1,"key":"/QP07ayXl1MitJkcHy++r4SBrUDtGKSIDLXYynMpRdA="},"chainType":1,"messageKeys":{}}}},"BcDlQ6Hv3VB/gPUpQErMbJp6Ko1S0U7EKnmYmvyGmtsD":{"registrationId":222,"currentRatchet":{"ephemeralKeyPair":{"pubKey":"BWzaSExlkJlfuc93lbWFRvU4L1ep61WJArkFYuNh455x","privKey":"uMGZ1p/a4FXeSvvAtAqAeX2ZtSKb/xjdC40Fc7ESll4="},"lastRemoteEphemeralKey":"BX4ycsXUAkQLOAqy/+QLpv44GST4R+0i6XsGxc8h6WY4","previousCounter":0,"rootKey":"hRJM3fUi/GdgfTuvWWOG7jzA7x2IwTN0WF0fCT17uTA="},"indexInfo":{"baseKey":"BcDlQ6Hv3VB/gPUpQErMbJp6Ko1S0U7EKnmYmvyGmtsD","baseKeyType":2,"closed":1686899830892,"used":1686894778012,"created":1686894778012,"remoteIdentityKey":"BRUpkV7kRFI/xWEY8uoF4N+NK2y69nUyhUWRrC57DElK"},"_chains":{"BX4ycsXUAkQLOAqy/+QLpv44GST4R+0i6XsGxc8h6WY4":{"chainKey":{"counter":1,"key":"WYphLQTdOLesK5OrR1E/3pD5s99TmmPs0DyMyLLPNtQ="},"chainType":2,"messageKeys":{}},"BWzaSExlkJlfuc93lbWFRvU4L1ep61WJArkFYuNh455x":{"chainKey":{"counter":-1,"key":"HGuEqgFxlhO9yUGeScr5GiC59ffuhFKQOKT+Xu1oRtk="},"chainType":1,"messageKeys":{}}}},"BTXXNHpdf4sbWiXYNaUxvztZJiIAp/3Q9MVKRyic29EM":{"registrationId":222,"currentRatchet":{"ephemeralKeyPair":{"pubKey":"BQliDwwqcXL61krT4SuCfa1mfOwag7Z2NjKbjX5fbA0P","privKey":"wCcwLeppVTWUtZZ3gbQJ4HBiOGE7+j7GK9+YeRLG93I="},"lastRemoteEphemeralKey":"Bce/3/YNSouUX4gVF89cwzjHvzSHunfkQByprGYkZsgY","previousCounter":0,"rootKey":"CRHIaVrpVGh1rYI692nlz45l/OBEVz4j1+eufiUMGA4="},"indexInfo":{"baseKey":"BTXXNHpdf4sbWiXYNaUxvztZJiIAp/3Q9MVKRyic29EM","baseKeyType":2,"closed":-1,"used":1686899830896,"created":1686899830896,"remoteIdentityKey":"BRUpkV7kRFI/xWEY8uoF4N+NK2y69nUyhUWRrC57DElK"},"_chains":{"Bce/3/YNSouUX4gVF89cwzjHvzSHunfkQByprGYkZsgY":{"chainKey":{"counter":1,"key":"W1DzYZTxZiho40KoRH4/oNkdHfnSkzdw+UZJzW2uBVc="},"chainType":2,"messageKeys":{}},"BQliDwwqcXL61krT4SuCfa1mfOwag7Z2NjKbjX5fbA0P":{"chainKey":{"counter":-1,"key":"ip2qBy3WP2l7IAgXNBYbpxWqz04OV6FDIq599qMztUU="},"chainType":1,"messageKeys":{}}}}},"version":"v1"}