{"_sessions":{"BcCGc7pYMJpqNZlJb2ncv9F/iPmQs0RE8xwRlEh0W0le":{"registrationId":544453562,"currentRatchet":{"ephemeralKeyPair":{"pubKey":"BfJEJpD+6s6pcx3B4gqoEn4qTAPL7hvgpVlSw5WCO34y","privKey":"ELgC89geSwdREvvBTwqsjKDC3+f1JK39gDP4858L50E="},"lastRemoteEphemeralKey":"BavNZ6YCzhYjHdgTL7pEaYZdyxAnvL89/VsT8R34eGlG","previousCounter":0,"rootKey":"crlFta0ugwW2OGP5HZywH/UvIYy75SQ4qKRXIWXJUCM="},"indexInfo":{"baseKey":"BcCGc7pYMJpqNZlJb2ncv9F/iPmQs0RE8xwRlEh0W0le","baseKeyType":2,"closed":-1,"used":1687005988997,"created":1687005988997,"remoteIdentityKey":"BXC8BqYG97vw1Z8odJTEb3ihYBXY5wCzaJOv2Kw8uwVN"},"_chains":{"BavNZ6YCzhYjHdgTL7pEaYZdyxAnvL89/VsT8R34eGlG":{"chainKey":{"counter":1,"key":"mlOYyTeZvmrieOz3xBSVnR+ScEB45HKgr0Rwn0tp6PI="},"chainType":2,"messageKeys":{}},"BfJEJpD+6s6pcx3B4gqoEn4qTAPL7hvgpVlSw5WCO34y":{"chainKey":{"counter":-1,"key":"sab0o68a7w3m++zCoZWeKTjV6jh9wavMd79pctpvNos="},"chainType":1,"messageKeys":{}}}}},"version":"v1"}