{"_sessions":{"BU+JGCrDXsDkCrAaPsMUj8jcPDfF+aXA3F6Dr+gerokS":{"registrationId":1744267628,"currentRatchet":{"ephemeralKeyPair":{"pubKey":"BVgK1vKw6b/9WzvfGnqTmqt+vjRhmgO++2eed5zmoSBu","privKey":"iBS5MyrMEjWpwNCmDeepSqX2xG5J+gqfrtomkOPFuEw="},"lastRemoteEphemeralKey":"BdDrvm9sNpzALDtHm+ziMjboOiy0jo+PQZen6l4onb9D","previousCounter":0,"rootKey":"nFN17YgjlsuMWxK8nZJy6CQFJwxQk8n811pH0XRHHfw="},"indexInfo":{"baseKey":"BU+JGCrDXsDkCrAaPsMUj8jcPDfF+aXA3F6Dr+gerokS","baseKeyType":2,"closed":-1,"used":1686902500519,"created":1686902500519,"remoteIdentityKey":"Bb+v0WeK9VXvya2zbg63/jg+HyZL1YGeTeAcbpJHHc01"},"_chains":{"BdDrvm9sNpzALDtHm+ziMjboOiy0jo+PQZen6l4onb9D":{"chainKey":{"counter":2,"key":"FRM2vTjmSzLnOEqBY3cJh1EzA96qH3OP0I1ybeNl1jg="},"chainType":2,"messageKeys":{}},"BVgK1vKw6b/9WzvfGnqTmqt+vjRhmgO++2eed5zmoSBu":{"chainKey":{"counter":-1,"key":"9Z25/jdhTHY1Bv3j3jCyaFZ0vxI0zrFPpVFYMfUJU8Q="},"chainType":1,"messageKeys":{}}}}},"version":"v1"}