{"_sessions":{"BX6XFAN7YEeg49Y++UKswiaMUEKGcmay5ikrk0U3N592":{"registrationId":12221,"currentRatchet":{"ephemeralKeyPair":{"pubKey":"BcVuV6db3IaRLeJb+TkZZW4mYcgYPlDKwQCBZJjY8cp1","privKey":"6LkDD+QgfIZXgvKV8/2vz7VjkCgOEn8EapixPM16Nks="},"lastRemoteEphemeralKey":"Bds6aPNNxywsaf5Bq4zKue3ELTGjeGE6uXrNYak3i7x/","previousCounter":0,"rootKey":"gpUfoxbV+URZYkDSwyAHs7vqMKiiY0IWHELxtkRd0U0="},"indexInfo":{"baseKey":"BX6XFAN7YEeg49Y++UKswiaMUEKGcmay5ikrk0U3N592","baseKeyType":2,"closed":-1,"used":1687009187522,"created":1687009187522,"remoteIdentityKey":"BZUPPlgQWzir6V3yJljgqZY8htya62qLASFIVi6PTPRZ"},"_chains":{"Bds6aPNNxywsaf5Bq4zKue3ELTGjeGE6uXrNYak3i7x/":{"chainKey":{"counter":0,"key":"p62I83VbTkznOjoT08YtwQX6Xql11xhWTL7ycJDFMXo="},"chainType":2,"messageKeys":{}},"BcVuV6db3IaRLeJb+TkZZW4mYcgYPlDKwQCBZJjY8cp1":{"chainKey":{"counter":-1,"key":"3b/In1XeDLA3bUJoKaY+XqQWBPG4KniS0ern/z+r5g0="},"chainType":1,"messageKeys":{}}}}},"version":"v1"}