{"_sessions":{"BcoZr0fX/ukjK/+IfNdhWNBG381TVj5kiYyIhL5f0zVh":{"registrationId":265084170,"currentRatchet":{"ephemeralKeyPair":{"pubKey":"BRaXvlb9GxFxOu7lI/+bOOYqQ+dc562lbHM6P6eydCVn","privKey":"wKoplefIpuZyaPCe22WGmZpoy8MB23S63Z+CUyFndHE="},"lastRemoteEphemeralKey":"BYRozVOMlvpGAnvM6CAQd0goq0T5WyXkSOi1rzc6gtg3","previousCounter":0,"rootKey":"eSPMrZneKXYFeYXqXvCkdudutKguf4OyY7HjgHME99U="},"indexInfo":{"baseKey":"BcoZr0fX/ukjK/+IfNdhWNBG381TVj5kiYyIhL5f0zVh","baseKeyType":2,"closed":-1,"used":1686852383455,"created":1686852383455,"remoteIdentityKey":"BS+AXd4fwlc4juE/pZIillpH8v9cFuc8v3MHd8JbHKpQ"},"_chains":{"BYRozVOMlvpGAnvM6CAQd0goq0T5WyXkSOi1rzc6gtg3":{"chainKey":{"counter":24,"key":"0bSiRMHMQztSQsUlODLgyfKAEfSbIoCqqN5TaxJ7zTI="},"chainType":2,"messageKeys":{}},"BRaXvlb9GxFxOu7lI/+bOOYqQ+dc562lbHM6P6eydCVn":{"chainKey":{"counter":-1,"key":"BkytKVyNMqqxnga12IIHEy3pb0JeKs91HMrBOLsJ0RQ="},"chainType":1,"messageKeys":{}}}}},"version":"v1"}