{"_sessions":{"BbU/Q/eWenDxrxy9oHoHK9veVacK66r3P1E/2MWw6sUE":{"registrationId":1489722850,"currentRatchet":{"ephemeralKeyPair":{"pubKey":"BcmqAcxUOXVHQOnN1YUfStxlHNWcPdZjfU7nBbYMz8hZ","privKey":"IH+AECKXsP0fXNpN+GbN5lAgqPK9eeq+NTXG07yQnUE="},"lastRemoteEphemeralKey":"BfDoiBWABEV0ZIvGB79lgt+S/AuS2R/CPkMUhXgOnONA","previousCounter":0,"rootKey":"NeUaLg8BeDXrIz9zxXPK4fK/KbDk+MAfDGjGQDgByhg="},"indexInfo":{"baseKey":"BbU/Q/eWenDxrxy9oHoHK9veVacK66r3P1E/2MWw6sUE","baseKeyType":2,"closed":-1,"used":1686885626201,"created":1686885626201,"remoteIdentityKey":"BTJuG75NyJnBsFoiPZDMJDHlgqp6CHsHfGoF4fRkNQA3"},"_chains":{"BfDoiBWABEV0ZIvGB79lgt+S/AuS2R/CPkMUhXgOnONA":{"chainKey":{"counter":3,"key":"WKPGLZmyykAynGNr+3LCxXIqaWByjykyBJOUISO/oCA="},"chainType":2,"messageKeys":{}},"BcmqAcxUOXVHQOnN1YUfStxlHNWcPdZjfU7nBbYMz8hZ":{"chainKey":{"counter":-1,"key":"f5q1RPTne/6BGTC7lW/ncpHgK1mIpQjuIL+5Yj3QvaE="},"chainType":1,"messageKeys":{}}}}},"version":"v1"}