{"_sessions":{"BTfp+s0hXlA8hIu8Np+ij5flG5Jy4uXxOR4PuJ0uqvUR":{"registrationId":793264854,"currentRatchet":{"ephemeralKeyPair":{"pubKey":"BTljr+qbIKX0KiPSe3ELo2311nRA4129w5zjvEMKQJEh","privKey":"KKc4nIjcFeU1dmXpaP9Pdo3D8OMyosHeYLH6VfIx4lg="},"lastRemoteEphemeralKey":"BRjwhDAnX6xsbEqZBzGXICQwp2kQDdeLlCEvi7tiAsE5","previousCounter":0,"rootKey":"QmXlkwYylsQdFk1O2trnOpaQxQnGVFCnGNO8XnpmPvE="},"indexInfo":{"baseKey":"BTfp+s0hXlA8hIu8Np+ij5flG5Jy4uXxOR4PuJ0uqvUR","baseKeyType":2,"closed":-1,"used":1686926341871,"created":1686926341871,"remoteIdentityKey":"BYNFVDXrSn/Pv+GGVSWpiG9uy0MKtfTVpML8S5rAAoct"},"_chains":{"BRjwhDAnX6xsbEqZBzGXICQwp2kQDdeLlCEvi7tiAsE5":{"chainKey":{"counter":3,"key":"Q0eY50pmlhW6QxUhSLFfXB30m+vOJlVNqZulTd4JqZM="},"chainType":2,"messageKeys":{}},"BTljr+qbIKX0KiPSe3ELo2311nRA4129w5zjvEMKQJEh":{"chainKey":{"counter":-1,"key":"mY8VG1p+rUdDcsOioPbg7aKkRfVBkL/101VKPle0UOk="},"chainType":1,"messageKeys":{}}}}},"version":"v1"}