{"_sessions":{"BX3NqmCggLnuKHe0Clf03Dk7TGwMjUiGtqaBws/UBWUq":{"registrationId":1816128362,"currentRatchet":{"ephemeralKeyPair":{"pubKey":"BfyWIKcKpAV0hVh+DC9wYtCjI9i98PU+0IX80LJl1gZR","privKey":"cKzcBlnOC7Na/daFpWt9TZ7sYr6eC2SdXFb9Nqv0XmY="},"lastRemoteEphemeralKey":"BbpDl582m+XjQD7UGwkqGezMQDU3LPnx+tkXZz8XKL5I","previousCounter":0,"rootKey":"utAuC/QsY0OZvffRXasuwMnRGpeiR0kAVluLl9nKyxM="},"indexInfo":{"baseKey":"BX3NqmCggLnuKHe0Clf03Dk7TGwMjUiGtqaBws/UBWUq","baseKeyType":2,"closed":-1,"used":1686971711515,"created":1686971711515,"remoteIdentityKey":"BUqu7tvmqasG/0C0IyUamueVId/jRNoCAEf4QsPPV+cV"},"_chains":{"BbpDl582m+XjQD7UGwkqGezMQDU3LPnx+tkXZz8XKL5I":{"chainKey":{"counter":4,"key":"lEZ0r5BovD5oc9TbBY1ATkJpUYI/+zi6UtzMYRTDLO4="},"chainType":2,"messageKeys":{}},"BfyWIKcKpAV0hVh+DC9wYtCjI9i98PU+0IX80LJl1gZR":{"chainKey":{"counter":-1,"key":"D98j9oVgGWv4IHnLiIU589RgCuoMgHTiswSKglAVwGo="},"chainType":1,"messageKeys":{}}}}},"version":"v1"}