{"_sessions":{"BQp/6ASb+rVEyC4w4obAldcCfzDK1YkNHX8N4gzuOfZR":{"registrationId":1347140642,"currentRatchet":{"ephemeralKeyPair":{"pubKey":"BbytQkUdxvC4H4jWZSZLQZnkmEZNI1rPHSryHkhcrzsi","privKey":"oB6DzGcuq7aYyw9EmF+rzlMNdewK6QNCrms3MKv5Lks="},"lastRemoteEphemeralKey":"BXQJD4kab/nUXobQYFtF96yaWAN0BuHr0oLvHrEkDaIe","previousCounter":0,"rootKey":"i+1juzZ4kOrdhQjOduV/xjb1y2gYtR4c9c/snF3NZG8="},"indexInfo":{"baseKey":"BQp/6ASb+rVEyC4w4obAldcCfzDK1YkNHX8N4gzuOfZR","baseKeyType":2,"closed":-1,"used":1686917751543,"created":1686917751543,"remoteIdentityKey":"BUWlMF7e+xLz0MONeDhkaHe8fM5BuveF6tAFdpIvXBgW"},"_chains":{"BXQJD4kab/nUXobQYFtF96yaWAN0BuHr0oLvHrEkDaIe":{"chainKey":{"counter":3,"key":"Wls53Gl/J2zvDfoWeC4qZaHIt9RvJlPdFkvpG+EZpro="},"chainType":2,"messageKeys":{}},"BbytQkUdxvC4H4jWZSZLQZnkmEZNI1rPHSryHkhcrzsi":{"chainKey":{"counter":-1,"key":"xeOtO7pcLAyBm26s1mVhWAI+ALFnkHbaNvcEICYPfRQ="},"chainType":1,"messageKeys":{}}}}},"version":"v1"}