{"_sessions":{"BfdqqQ3G6E99EQ1MSoHc0P3UMIieu0ydEFJXzXDw2LVv":{"registrationId":946770485,"currentRatchet":{"ephemeralKeyPair":{"pubKey":"BQ806lPXENbSBWInn2504FqRuenUpaFj6suxfGugecMh","privKey":"oPZ5pXzPUemUVbblLX2WRqlSP+jJdX05RALQhK4MJWQ="},"lastRemoteEphemeralKey":"BV2gUXLxnllZuKin2Sv8tEoQfdq/L0urXnqYVARzlT4h","previousCounter":0,"rootKey":"kfwd+ZqzxnCsMP5x/aNCW6bloYoiRvQs/rlcPVHyJRA="},"indexInfo":{"baseKey":"BfdqqQ3G6E99EQ1MSoHc0P3UMIieu0ydEFJXzXDw2LVv","baseKeyType":2,"closed":-1,"used":1686837716830,"created":1686837716830,"remoteIdentityKey":"BQEbzLRvel8O9yelcpgTvDljkkBMOujPOXPUxOMq5+Fo"},"_chains":{"BV2gUXLxnllZuKin2Sv8tEoQfdq/L0urXnqYVARzlT4h":{"chainKey":{"counter":25,"key":"8L5fVm7bxYv8McOnjE9T74J8Il/XjMj3/F50qLkwN20="},"chainType":2,"messageKeys":{"19":"VCuhPvTrgT4TpnWSpiAGmGtPvthLiF269NgTdPJRYFQ="}},"BQ806lPXENbSBWInn2504FqRuenUpaFj6suxfGugecMh":{"chainKey":{"counter":-1,"key":"cy2aoQlG8xnSOgxnUlUtIUbSunXfGJpun/qKs0aVwyY="},"chainType":1,"messageKeys":{}}}}},"version":"v1"}