{"_sessions":{"BTLYaiK6Ca1dwTaPwiqoH9hzih3AQyx4i99CAmf1qIs5":{"registrationId":1217415042,"currentRatchet":{"ephemeralKeyPair":{"pubKey":"BbspkmVxNd7q6m6/kg9dAz9NqWy2Pi3iaFnEtHv2lvJA","privKey":"mFZObyel5q+nsahGRyXB4VefUbHe+7j0X3K/Qc1//FY="},"lastRemoteEphemeralKey":"BVIKsVtFgnUfv/T5CtlAAdYoJ5ZDBvxaC3IBq0EiBwoy","previousCounter":0,"rootKey":"MlWvFgXdrQF366OG0x/6G9D13P6XKt8pyNzRdFalC/s="},"indexInfo":{"baseKey":"BTLYaiK6Ca1dwTaPwiqoH9hzih3AQyx4i99CAmf1qIs5","baseKeyType":2,"closed":-1,"used":1686887537193,"created":1686887537193,"remoteIdentityKey":"BS2U8rtGUwcvaEWS5fI00M2LcsXcbtoYFQt8tjgwNglj"},"_chains":{"BVIKsVtFgnUfv/T5CtlAAdYoJ5ZDBvxaC3IBq0EiBwoy":{"chainKey":{"counter":15,"key":"dJiUztUu/Zkb1JWOX15vY0IQW1ycv0PAopmnazqEvgE="},"chainType":2,"messageKeys":{}},"BbspkmVxNd7q6m6/kg9dAz9NqWy2Pi3iaFnEtHv2lvJA":{"chainKey":{"counter":-1,"key":"B1E+xKmMOlzrLB4YitH8Qve8R8+je/KmRL+AlIZB3yc="},"chainType":1,"messageKeys":{}}}}},"version":"v1"}