{"_sessions":{"BXty3b2Z3OXasxfklTOB+Jlce00ONVNzUaEjWt1GnpxW":{"registrationId":2134745688,"currentRatchet":{"ephemeralKeyPair":{"pubKey":"BUW5vORiPLP9QcRMpGYxord5gopEJbBLnHgP4WcJQmtu","privKey":"oLvwsjmyjC/a3uwNSyajmeyOHDzEqMP//C5e2xS6+FM="},"lastRemoteEphemeralKey":"Ba5frn2bjcXXNdv5+m3NS0ZzvqUGEJmrWILsSEgmkzcj","previousCounter":0,"rootKey":"c9o07XAKboq6a+qhI4BXUp+NwEdLY+FSSY5J4CoFRRQ="},"indexInfo":{"baseKey":"BXty3b2Z3OXasxfklTOB+Jlce00ONVNzUaEjWt1GnpxW","baseKeyType":2,"closed":-1,"used":1686893245262,"created":1686893245262,"remoteIdentityKey":"BXgEmereaWc128yu97fdSsQjoQ+ww5s5UExZjNTZvdcv"},"_chains":{"Ba5frn2bjcXXNdv5+m3NS0ZzvqUGEJmrWILsSEgmkzcj":{"chainKey":{"counter":1,"key":"qdq44xbBfYo07g7yDFHgl2gHkQNgbUCsukegzd1iwLs="},"chainType":2,"messageKeys":{}},"BUW5vORiPLP9QcRMpGYxord5gopEJbBLnHgP4WcJQmtu":{"chainKey":{"counter":-1,"key":"pOXHPp3fJBn3LE0dv0iKEyhvOYOEt8TuhvdV4G+aLf0="},"chainType":1,"messageKeys":{}}}}},"version":"v1"}