{"_sessions":{"BWGFSik3fiWfuc2R+LKzmmcu5SZK60MFkjx0GuHgI2kl":{"registrationId":1176145259,"currentRatchet":{"ephemeralKeyPair":{"pubKey":"BT6E5y6Dv8or1gWvvvNqXKJ3qRGefTv3DsB9+092YVdI","privKey":"8PW4vv+0uT3/J8AT9TT2oaoX8vXCi/5zT9HRvldumlo="},"lastRemoteEphemeralKey":"Bao0vPvtM1+OsKRANUtwUZ9tdHljf80FpbXRNDVuamdM","previousCounter":0,"rootKey":"VcwKZimEDxG/cicSl0O1r25rIrlKl8MZ16z0GlSv5xY="},"indexInfo":{"baseKey":"BWGFSik3fiWfuc2R+LKzmmcu5SZK60MFkjx0GuHgI2kl","baseKeyType":2,"closed":-1,"used":1686907290712,"created":1686907290712,"remoteIdentityKey":"BfOcmLBzyTW0BAt/Xm2NVAgcmyHSWrVXvPo6qwnvamZU"},"_chains":{"Bao0vPvtM1+OsKRANUtwUZ9tdHljf80FpbXRNDVuamdM":{"chainKey":{"counter":0,"key":"qvw/2F+O8fPFg8NeFdQsFa59huDPAVODOfxwwZ7NMYw="},"chainType":2,"messageKeys":{}},"BT6E5y6Dv8or1gWvvvNqXKJ3qRGefTv3DsB9+092YVdI":{"chainKey":{"counter":-1,"key":"CnZPfHPsSP/xfDvgcQi+apPIBp2kwY19vW7KeC/w4C0="},"chainType":1,"messageKeys":{}}}}},"version":"v1"}