{"_sessions":{"BenJlQW8Yqh7E0fIrZoGAdVQFZjfIw3KfH8uLlBegltt":{"registrationId":1507278138,"currentRatchet":{"ephemeralKeyPair":{"pubKey":"BXXhwzUAR13PxYTBNmvKthVPklRmr0yp86OBiHaOBaxD","privKey":"8CSNTnNI/4BJfeeFwG5JY3FcbGvbGQOlI4HXY+gLj38="},"lastRemoteEphemeralKey":"BciAbQ/balPiGUR3E6873aZMAFxxKaMdu4PVU1uy/JNZ","previousCounter":0,"rootKey":"Oyk7lwXipxNgtodNsIhOA34LQ333iUejdSuelD7KmZk="},"indexInfo":{"baseKey":"BenJlQW8Yqh7E0fIrZoGAdVQFZjfIw3KfH8uLlBegltt","baseKeyType":2,"closed":-1,"used":1686887900728,"created":1686887900728,"remoteIdentityKey":"BVVhZEwiRV3rmomuRrd2Nr0ZNxUWyedqRZi5KtyPrV5x"},"_chains":{"BciAbQ/balPiGUR3E6873aZMAFxxKaMdu4PVU1uy/JNZ":{"chainKey":{"counter":1,"key":"MpyIvKWnq93hiZo/apfsaukCAjOTInMcrG6tkmigPMY="},"chainType":2,"messageKeys":{}},"BXXhwzUAR13PxYTBNmvKthVPklRmr0yp86OBiHaOBaxD":{"chainKey":{"counter":-1,"key":"lPiWYjVYxEUJrV3jNrW3TR7yUZMUnCZV/854mA2U9Tc="},"chainType":1,"messageKeys":{}}}}},"version":"v1"}