{"_sessions":{"BZF0+Vb27lrtes+GZgRek0PXj7xVh5EgfJAa/1s84zQU":{"registrationId":209226146,"currentRatchet":{"ephemeralKeyPair":{"pubKey":"BezevPUDZdGmRG6nFzF7xMsRyu97rFUJ1ymCUoF63ct5","privKey":"4BRQKXoNMdp68FZ+35q3vgRd0TK8WF5bNmXqSx3Bcmo="},"lastRemoteEphemeralKey":"BbFxkcm7uhPIAolZwGN+OsvGV6xJ+GepPdkv3sLqOgYp","previousCounter":0,"rootKey":"Oh2/pMvws+fMeUR1QsWmN87EVeRm8laWT+zb3zNw1dM="},"indexInfo":{"baseKey":"BZF0+Vb27lrtes+GZgRek0PXj7xVh5EgfJAa/1s84zQU","baseKeyType":2,"closed":-1,"used":1686908862469,"created":1686908862469,"remoteIdentityKey":"BeQAQhuFXNJv35gCzmg0vfekYBrlaLgfz/epIybv9A8O"},"_chains":{"BbFxkcm7uhPIAolZwGN+OsvGV6xJ+GepPdkv3sLqOgYp":{"chainKey":{"counter":4,"key":"9VPJkhGR46z9byY5TWQVcVHMomIe12qXGoAmWoJU7sg="},"chainType":2,"messageKeys":{}},"BezevPUDZdGmRG6nFzF7xMsRyu97rFUJ1ymCUoF63ct5":{"chainKey":{"counter":-1,"key":"HTs5J6Ej7Xpevhr/VC/KgVXpV93ZnWQr649e6/HWteQ="},"chainType":1,"messageKeys":{}}}}},"version":"v1"}