{"_sessions":{"BT7FuwYtYSIsKLU9k5UoXdOHVRMbj73ig8ftp8mDtdAh":{"registrationId":422538396,"currentRatchet":{"ephemeralKeyPair":{"pubKey":"Bdfap3iInx5UkFn0ZrvGQHpNZwPNiAm1ryCc9FehHFsg","privKey":"sKf71D8O8qIFJwo03VuiA5aVCz/nCK12BbTKQKMizXg="},"lastRemoteEphemeralKey":"Bc1+qlai7CC3IKXJEcayz44N3UtD25Yvqc0elCSVWslF","previousCounter":0,"rootKey":"u70anhrmzaJZpyGemGa7PB7BV7XhFn0EhGxvthMRgZ8="},"indexInfo":{"baseKey":"BT7FuwYtYSIsKLU9k5UoXdOHVRMbj73ig8ftp8mDtdAh","baseKeyType":2,"closed":-1,"used":1686874204769,"created":1686874204769,"remoteIdentityKey":"BUXI/cutVRbm3PkRle2KHLKLI0Xd0ZDBBpJGminqCR1P"},"_chains":{"Bc1+qlai7CC3IKXJEcayz44N3UtD25Yvqc0elCSVWslF":{"chainKey":{"counter":2,"key":"cxV+0XqXSC9k9bnPoRobKjPxEoZRMnA8rAWjxBzwO68="},"chainType":2,"messageKeys":{}},"Bdfap3iInx5UkFn0ZrvGQHpNZwPNiAm1ryCc9FehHFsg":{"chainKey":{"counter":-1,"key":"hK19c3f6Q5p1k9l0+ZEGUp7E8fVPbF/6be4E/VzRRn0="},"chainType":1,"messageKeys":{}}}}},"version":"v1"}