{"_sessions":{"BX3foz0bSU/AWWGrDkJyzl/uxUynTc3lyoWiAOumbDQT":{"registrationId":1564546660,"currentRatchet":{"ephemeralKeyPair":{"pubKey":"BZDh5S6cEjsqgkKXXFgkLi/YMGILpZ+GkYFbrOA+hFNQ","privKey":"sE+WlUlrwB91NrOwqFgDXrw+VDzQCUp/wpsVRyncolo="},"lastRemoteEphemeralKey":"BfvOaKt5IQaMQyvrapugZJKoPSuF40fpAPQjHGLx+B80","previousCounter":0,"rootKey":"ZmWUN4HesoCVVMQ/zAi8b4g5rKlm5rISb3ufO5XWL34="},"indexInfo":{"baseKey":"BX3foz0bSU/AWWGrDkJyzl/uxUynTc3lyoWiAOumbDQT","baseKeyType":2,"closed":-1,"used":1686982292426,"created":1686982292426,"remoteIdentityKey":"BWOHuvfX7M1nlrItSyP8o4hIVYC6364hNyttY3miyrN0"},"_chains":{"BfvOaKt5IQaMQyvrapugZJKoPSuF40fpAPQjHGLx+B80":{"chainKey":{"counter":22,"key":"3OBBlaVIAIbeuV32vl+YRDqTkvbwOBgsjeWWyYWbMss="},"chainType":2,"messageKeys":{}},"BZDh5S6cEjsqgkKXXFgkLi/YMGILpZ+GkYFbrOA+hFNQ":{"chainKey":{"counter":-1,"key":"NHwsDsXDjtcmRLCQhf8wiKai/nV5OzVKbtNbeN6HuE4="},"chainType":1,"messageKeys":{}}}}},"version":"v1"}