{"_sessions":{"BUFAWwywD7J9cgYxlZC2thzgYlQQUofZPlClhpGWZ8ox":{"registrationId":2008591549,"currentRatchet":{"ephemeralKeyPair":{"pubKey":"BfVJDQcFINnNR6FqNIq0+oUoZzDNMCb4EpCRhlhr2shf","privKey":"CExigs0D+MEqsnsiJH26ZI2KMIcoQ8kxqhf0NStFZGU="},"lastRemoteEphemeralKey":"BX/cAHsirSJXH7EOORfHCe2GIeA8tLddgFt6e1kDmywq","previousCounter":0,"rootKey":"BofUGbuf5FYKIT3wDKsdXIpy7PNciyJEC4VZo7kST9Y="},"indexInfo":{"baseKey":"BUFAWwywD7J9cgYxlZC2thzgYlQQUofZPlClhpGWZ8ox","baseKeyType":2,"closed":-1,"used":1686869318135,"created":1686869318135,"remoteIdentityKey":"Ba2HQQPLv1R6SHQ3PH3QV2UidRoaEKeUYszaTCobIkxF"},"_chains":{"BX/cAHsirSJXH7EOORfHCe2GIeA8tLddgFt6e1kDmywq":{"chainKey":{"counter":0,"key":"RlZxjWFEwgAdxSXdOSgyhgd9OTVGvolcU39TJmBiWzE="},"chainType":2,"messageKeys":{}},"BfVJDQcFINnNR6FqNIq0+oUoZzDNMCb4EpCRhlhr2shf":{"chainKey":{"counter":-1,"key":"pC4DfE/akaiW3RZOrRIDqBaRd53hIbOBgiFnMTiXiUA="},"chainType":1,"messageKeys":{}}}}},"version":"v1"}