{"_sessions":{"BYqEsldtR6eQoXmbEfma4rLiY5jxaA6L+CTd4A9Ei5kh":{"registrationId":6202,"currentRatchet":{"ephemeralKeyPair":{"pubKey":"BZ+3VtiffccH/MhdyyppgHDUlh+G1oNySt2vhaeJm4Zg","privKey":"UG/eeq7iivhCMTlbDSD0Zo785FFny+k0qtWSQdYQ4WA="},"lastRemoteEphemeralKey":"BQ9SpwgnU7sDAlecdUhxXzaGd8tpNbm/7flLdUYk9fMm","previousCounter":0,"rootKey":"r3n0inDxpxtjX8lfAKfH8ddQOWlQFi3BFlZ8uJfFsYY="},"indexInfo":{"baseKey":"BYqEsldtR6eQoXmbEfma4rLiY5jxaA6L+CTd4A9Ei5kh","baseKeyType":2,"closed":-1,"used":1686873306645,"created":1686873306645,"remoteIdentityKey":"BYfuzilzBdbwOKxc3Z7Je5Ds5+ECCAEjkkt4dJjm/5ws"},"_chains":{"BQ9SpwgnU7sDAlecdUhxXzaGd8tpNbm/7flLdUYk9fMm":{"chainKey":{"counter":1,"key":"nqzrtnbwlUhHgUXFs4sGLgkvkNP41Lmdfz0N2nRp8VA="},"chainType":2,"messageKeys":{}},"BZ+3VtiffccH/MhdyyppgHDUlh+G1oNySt2vhaeJm4Zg":{"chainKey":{"counter":-1,"key":"s9BDZ+w4VPA/m0ObK5TyV+G9bKiz16XwLoKdIQNzO0M="},"chainType":1,"messageKeys":{}}}}},"version":"v1"}