{"_sessions":{"BTaBdAtCn1yH+Vw2x04Q6fWYHnULiWQepu0mve/+0zgc":{"registrationId":283456783,"currentRatchet":{"ephemeralKeyPair":{"pubKey":"BYBvd7uUorcMfHl6aQ+e2tJSO7t57uEWlAVA1AwbMoIj","privKey":"cEk6TFdfLymzGza1cyDQLJAo7jdLJkBZetgvRtRY3X4="},"lastRemoteEphemeralKey":"BRhzcAd8YpIw/PbeIpY6cHsMw2lcBRrhdQ2xd9MW/g1N","previousCounter":0,"rootKey":"IbeneKUSrBrbpaa5nmY0Pn0+epEsRq1avA/DTJINRTM="},"indexInfo":{"baseKey":"BTaBdAtCn1yH+Vw2x04Q6fWYHnULiWQepu0mve/+0zgc","baseKeyType":2,"closed":-1,"used":1686885940674,"created":1686885940674,"remoteIdentityKey":"BQOBk05arEBoi0l/rqW3/PLqTesC6A6Gy3GxCafHs+Rc"},"_chains":{"BRhzcAd8YpIw/PbeIpY6cHsMw2lcBRrhdQ2xd9MW/g1N":{"chainKey":{"counter":5,"key":"0SAjwWCQ/Rk70occyVDpSOoRCaVbX/hycSKP864AzJc="},"chainType":2,"messageKeys":{}},"BYBvd7uUorcMfHl6aQ+e2tJSO7t57uEWlAVA1AwbMoIj":{"chainKey":{"counter":-1,"key":"jzpNF8Ocn563Ya1zKvMScncPTfU5C+rbKSzH8x9BE78="},"chainType":1,"messageKeys":{}}}}},"version":"v1"}