{"_sessions":{"BWTm4XFIUTEwzQuqc5IL2UDuW2rWrZhvO21SajmqhhEC":{"registrationId":606185331,"currentRatchet":{"ephemeralKeyPair":{"pubKey":"BfF0csWczsKJx6/LIvaS2P5Nh27A06jE6xz/Ya6+GawN","privKey":"mDNGly/fMsJK1wAEMIguvQZHcE/dcDa56K5eCDYPGHI="},"lastRemoteEphemeralKey":"Bcq3OOSE77Unp/V2UdRlUbJAIT97N5p1ZSYT7SfudNwe","previousCounter":0,"rootKey":"vAJHXQr8Ii4cPnAfoXQgfa0lc41sUWptz3L/tb5FY8Q="},"indexInfo":{"baseKey":"BWTm4XFIUTEwzQuqc5IL2UDuW2rWrZhvO21SajmqhhEC","baseKeyType":2,"closed":-1,"used":1686837768451,"created":1686837768451,"remoteIdentityKey":"BVGvrxl1f6V9lvJUKHzsjoti0NnTQuUzkyCdwuhivKUw"},"_chains":{"Bcq3OOSE77Unp/V2UdRlUbJAIT97N5p1ZSYT7SfudNwe":{"chainKey":{"counter":3,"key":"GXNAhItZDhgLMTTtnCAOw4rt0Q7v6ZjIqL1GErRKOwk="},"chainType":2,"messageKeys":{"2":"+s+wdAYbzU4ELHF7j1Z7mo2Y5TzXRAlUpjjZjJXZ8Co="}},"BfF0csWczsKJx6/LIvaS2P5Nh27A06jE6xz/Ya6+GawN":{"chainKey":{"counter":-1,"key":"Lu6vo54EMV9lM4feETN3IgF/9GDbCLGbbOX09A9NAQQ="},"chainType":1,"messageKeys":{}}}}},"version":"v1"}