{"_sessions":{"BRydgb4t6PL0xs+vYlTWYaEW8UiYf7hwiAsCt1LqDrs6":{"registrationId":1097179738,"currentRatchet":{"ephemeralKeyPair":{"pubKey":"BQGk46PoNnarHTIV/locKypzZZFwYcW/EjHEtm+r5hU7","privKey":"eDIFk1Sa+jSyxYPmXaMenPpeJVkBuC++4PCR1cVpY3A="},"lastRemoteEphemeralKey":"BVE9SghIrdX9CM7Qam3VPWcpBlFLJkxK60DZh+06FOVb","previousCounter":0,"rootKey":"CqoX7RzY2nF5NsHNoB1VwZYsEiqc9TbG+dfubW584ps="},"indexInfo":{"baseKey":"BRydgb4t6PL0xs+vYlTWYaEW8UiYf7hwiAsCt1LqDrs6","baseKeyType":2,"closed":-1,"used":1686839742955,"created":1686839742955,"remoteIdentityKey":"BSJF3JO94wibJLnsaiACBW8V2z0LGtMV45JrUHEhRokb"},"_chains":{"BVE9SghIrdX9CM7Qam3VPWcpBlFLJkxK60DZh+06FOVb":{"chainKey":{"counter":12,"key":"UO6TgyucAVlUiM02oDvP91bmc0/CqnNeiiSlwhRmoTs="},"chainType":2,"messageKeys":{}},"BQGk46PoNnarHTIV/locKypzZZFwYcW/EjHEtm+r5hU7":{"chainKey":{"counter":-1,"key":"5jQed8xJ1xrTAdVCOQxxVvBmf4zGRIpuur7Wnx3C8hs="},"chainType":1,"messageKeys":{}}}}},"version":"v1"}