{"_sessions":{"BQ5rXtHeXTJ8fhf8qmVL8db+5Eng1ns/3f4bimkl8oxH":{"registrationId":635801770,"currentRatchet":{"ephemeralKeyPair":{"pubKey":"BWGyajMeLW0nZjLREym8S+35IyFTehxuguTdjCAzsZYC","privKey":"eDBLpBjZpgHLB0DaFGuxnTKYioKdtfk3VVqiT6J8zGc="},"lastRemoteEphemeralKey":"Bb0VIkJWnn6N1c6KRuJeok5RkQiyoSeih5WLPB7wu3Rm","previousCounter":0,"rootKey":"1CXIsbZAAjI6vx0It8QNjFb6rEoutzdQ1/X0fp/xCPc="},"indexInfo":{"baseKey":"BQ5rXtHeXTJ8fhf8qmVL8db+5Eng1ns/3f4bimkl8oxH","baseKeyType":2,"closed":-1,"used":1686916746293,"created":1686916746293,"remoteIdentityKey":"BYpQX32/FtTgQ/rrLte/8B83aonmdLBoaPS2jPFeANJp"},"_chains":{"Bb0VIkJWnn6N1c6KRuJeok5RkQiyoSeih5WLPB7wu3Rm":{"chainKey":{"counter":8,"key":"kI95LGS0mNIkSqIDuwXENQFoIcT82Y5R4JWlC/0VE6w="},"chainType":2,"messageKeys":{"6":"VGy6F+VHO1lbkFkqo6CHorvTnkJ3tiiTJxTTd7zqQT0=","7":"ptVKJvpEGUga7B7VyNIsZkyBy4qMPWNaIHPa/zdfl6A="}},"BWGyajMeLW0nZjLREym8S+35IyFTehxuguTdjCAzsZYC":{"chainKey":{"counter":-1,"key":"EQG//Z6Rqo1SOQD0o/+Ff102XAS2ONrOZf7Si7qNFj4="},"chainType":1,"messageKeys":{}}}}},"version":"v1"}