{"_sessions":{"BdObzTZV2A/TkzP//Blg3xNgBZQ9bByJpYBcZbsJHVl3":{"registrationId":1825075586,"currentRatchet":{"ephemeralKeyPair":{"pubKey":"Beh5Qwfft5KfrDLL1s6OZAt5yF6vqDi8kPAGmaIMhEI2","privKey":"8Ed0UjwBixIInA9JT4S25it1YO1zXW/PQP45E0s4vkQ="},"lastRemoteEphemeralKey":"BcFqf5TtFyuWpeP1MmyVnk8wVKBbMb1J5AXnVh4rceQ2","previousCounter":0,"rootKey":"e2cr1EGkEm+zlKFi+1s9L3IMUUSqEIyFLFoIreDQoSQ="},"indexInfo":{"baseKey":"BdObzTZV2A/TkzP//Blg3xNgBZQ9bByJpYBcZbsJHVl3","baseKeyType":2,"closed":-1,"used":1687057085573,"created":1687057085573,"remoteIdentityKey":"BYz+/eyHSPHcjelldOtsNBcJmmEvAelFLo05/aXQLBhI"},"_chains":{"BcFqf5TtFyuWpeP1MmyVnk8wVKBbMb1J5AXnVh4rceQ2":{"chainKey":{"counter":0,"key":"6L7D8ItFS6ohO/MlfW6DIrEwMrnYk9oam+rgiqkwBu8="},"chainType":2,"messageKeys":{}},"Beh5Qwfft5KfrDLL1s6OZAt5yF6vqDi8kPAGmaIMhEI2":{"chainKey":{"counter":-1,"key":"uXefTgA4rVFfs8BJRYob8aA18zPrD4le/MGBxneYs44="},"chainType":1,"messageKeys":{}}}}},"version":"v1"}