{"_sessions":{"BbmKoq9u1YzBoYnvaXTGL1jqRiWFhZZEcqiW6vU8AndX":{"registrationId":286354893,"currentRatchet":{"ephemeralKeyPair":{"pubKey":"BfSuCjfiNDrFcGLdIZO+iz8znP+BlZ1moUOGk2qfpttu","privKey":"iJ+fEZlZ4J/tLDiqbq1IMwuFCy4QCFlekbM8Ocre+F0="},"lastRemoteEphemeralKey":"BQVsA9nJjmwcwg7UlfbLzMT4Jk1xSjkBB6L2GE9YjF9W","previousCounter":0,"rootKey":"dK/bj+1CIS4dzMAeltTshPAeiJx34mDIEHHppxVMYFQ="},"indexInfo":{"baseKey":"BbmKoq9u1YzBoYnvaXTGL1jqRiWFhZZEcqiW6vU8AndX","baseKeyType":2,"closed":-1,"used":1686916114951,"created":1686916114951,"remoteIdentityKey":"BaMqEKqRMfOVj7ONQDFbBnXxy6jH0hulx0OeSLiYfY54"},"_chains":{"BQVsA9nJjmwcwg7UlfbLzMT4Jk1xSjkBB6L2GE9YjF9W":{"chainKey":{"counter":4,"key":"Q5lv+7mSrPHT1yce40AUTRq3aCbaDMOqGIT+EBuzDrk="},"chainType":2,"messageKeys":{"0":"Ph4HV9zoMra7o3EeLoi8wDvYDPKGzK5toy1raivMQbo=","1":"QFwR9RgbYE4Og0t9UuYXq5MfNc10ndNTewnTEfaoF3g="}},"BfSuCjfiNDrFcGLdIZO+iz8znP+BlZ1moUOGk2qfpttu":{"chainKey":{"counter":-1,"key":"6fiMMMpDx6SW6DHbduOzBmmo4xfHyKGS8Jl5o1ba6Vo="},"chainType":1,"messageKeys":{}}}}},"version":"v1"}