{"_sessions":{"BUfvnoI1pt5EeBolBBM/wzgjFu35E8f856xbee8DE7B0":{"registrationId":2120,"currentRatchet":{"ephemeralKeyPair":{"pubKey":"BbxsV3LJSCm5APHQ74xoZhE1vofh4i8A6ZixKuyg3S0J","privKey":"YEwaofY5XYFCbg46iqrbWbxlVD8yZoGn7SFXggktHX0="},"lastRemoteEphemeralKey":"BV9q3crjs6W2WMq9DAVuSxPLaLmox2XPFQJTxkZwvu8E","previousCounter":0,"rootKey":"BI+ivQZPKxEHRw4m04m2K6+O5qWDdrFzLo52YjVMAu0="},"indexInfo":{"baseKey":"BUfvnoI1pt5EeBolBBM/wzgjFu35E8f856xbee8DE7B0","baseKeyType":2,"closed":-1,"used":1686963391943,"created":1686963391943,"remoteIdentityKey":"BabiNFScJDgZLODADDVjSeyaeFGWKKTCgqdeLd8Gd9kx"},"_chains":{"BV9q3crjs6W2WMq9DAVuSxPLaLmox2XPFQJTxkZwvu8E":{"chainKey":{"counter":1,"key":"2v48Nexx0WjMvTlIcohDeFav4Ibd/psL5DU4XxNDe3o="},"chainType":2,"messageKeys":{}},"BbxsV3LJSCm5APHQ74xoZhE1vofh4i8A6ZixKuyg3S0J":{"chainKey":{"counter":-1,"key":"ggJKLjMg7ZBggLHvCYn7vyU/pfH+YOqA+1DfBriOtOU="},"chainType":1,"messageKeys":{}}}}},"version":"v1"}