{"_sessions":{"BVRAz0dCDzi8GniPzvIXEBMo7bPD4++PCykpmKwUD39A":{"registrationId":236,"currentRatchet":{"ephemeralKeyPair":{"pubKey":"BXIWXG1LIJMXLXqvO0DC/TQ90WeFo4FOBlTWE2dYgV5H","privKey":"WHeFTxN8mXcdC+O4SGYwUAhj3Zzh9DelfXx2hIQrR0c="},"lastRemoteEphemeralKey":"BcyTNxnhUfRyMg9WY+H8KEr8s5TUO2EoTEwY5ea3I+I9","previousCounter":0,"rootKey":"CI2BYL0uJuQYVdghyUCun73iuQ4bTexbKqfGnmYaJ5k="},"indexInfo":{"baseKey":"BVRAz0dCDzi8GniPzvIXEBMo7bPD4++PCykpmKwUD39A","baseKeyType":2,"closed":-1,"used":1686995045116,"created":1686995045116,"remoteIdentityKey":"Bf9wuGKj+wf5xknEpOd1uJWW/V7zFJEeRHmiN2SF1BwB"},"_chains":{"BcyTNxnhUfRyMg9WY+H8KEr8s5TUO2EoTEwY5ea3I+I9":{"chainKey":{"counter":3,"key":"4L2HLssEBLnIB+3HD+19A5Y64ndonDpW4IkmYz6pEMg="},"chainType":2,"messageKeys":{}},"BXIWXG1LIJMXLXqvO0DC/TQ90WeFo4FOBlTWE2dYgV5H":{"chainKey":{"counter":-1,"key":"PRJrRr1Wqg04tHP/RftB29elK/adManUT0ffMFIfBFQ="},"chainType":1,"messageKeys":{}}}}},"version":"v1"}