{"_sessions":{"BXIpFeQ8gyN4Dmz8O/tYeZKRG9Pnvz14BPdHuS9Mztkb":{"registrationId":246,"currentRatchet":{"ephemeralKeyPair":{"pubKey":"BagGBMCB5O6X7rV++a9IzXwWy6nvldIO1ts1w28Rrj8V","privKey":"kOoXz4Zv4xo06m+/6leWtIoCijKoVs9I7XL32Gv9Anc="},"lastRemoteEphemeralKey":"BWgyySzcYP+uZzepvoDE3Oq9WKx/tsmdDnHjBmz2+PMu","previousCounter":0,"rootKey":"9nqdfY110UMqWhYvd2dQrcTlCl4bg48FPSr+Shp6Njo="},"indexInfo":{"baseKey":"BXIpFeQ8gyN4Dmz8O/tYeZKRG9Pnvz14BPdHuS9Mztkb","baseKeyType":2,"closed":1686839088505,"used":1686838783571,"created":1686838783571,"remoteIdentityKey":"BWnyNYTOKNE4Tk+yIJkolxTOJjYl5jWxVZy8c3OXsfND"},"_chains":{"BWgyySzcYP+uZzepvoDE3Oq9WKx/tsmdDnHjBmz2+PMu":{"chainKey":{"counter":2,"key":"cMgl46M4bcs/C3XFJIt2un2neh6ucUy9aOGJJoo49Ys="},"chainType":2,"messageKeys":{}},"BagGBMCB5O6X7rV++a9IzXwWy6nvldIO1ts1w28Rrj8V":{"chainKey":{"counter":-1,"key":"e6z3bqTcX57VFwlxWK1SvmfezFXVCE1Dmlc+kePRUd8="},"chainType":1,"messageKeys":{}}}},"BREanGcS+Y0xnoAFwhOllL0Rom8dfJnHtxQWks+vZ1Fr":{"registrationId":246,"currentRatchet":{"ephemeralKeyPair":{"pubKey":"BUDmkdKRTnjgqt3lAFzubTkpzfXdiazpNf5VsIny0JJp","privKey":"uJzUhNC3L0rqeutbfUnM9PTanH4gScnBIaCPPsy5d3Q="},"lastRemoteEphemeralKey":"Bf6Jot0CJV+7AXZNYSwiAeRAMkYbA0UBCLE0SOjB5uti","previousCounter":0,"rootKey":"PzEbKlpIGAqSHmfB5MkwHVMw5FO1qCxD6Rhy7BEZg+8="},"indexInfo":{"baseKey":"BREanGcS+Y0xnoAFwhOllL0Rom8dfJnHtxQWks+vZ1Fr","baseKeyType":2,"closed":1686879663016,"used":1686839088520,"created":1686839088520,"remoteIdentityKey":"BWnyNYTOKNE4Tk+yIJkolxTOJjYl5jWxVZy8c3OXsfND"},"_chains":{"Bf6Jot0CJV+7AXZNYSwiAeRAMkYbA0UBCLE0SOjB5uti":{"chainKey":{"counter":9,"key":"34RHIu1/os9yj+/tDHYEdkU8j/WM9+bZBho1T8VQIVs="},"chainType":2,"messageKeys":{}},"BUDmkdKRTnjgqt3lAFzubTkpzfXdiazpNf5VsIny0JJp":{"chainKey":{"counter":-1,"key":"I+6RVEyNTdkPrxQDLOPtMYvbK93T5PJLLrua4e7HjWw="},"chainType":1,"messageKeys":{}}}},"BRo6fO8FsSYNXVA7D/ymCaqHflUnzbkEGZL77N51rfsh":{"registrationId":246,"currentRatchet":{"ephemeralKeyPair":{"pubKey":"BerbZqvEPfrRB/xxCRxptB8I/5+Do4QlUwL8upgIfOhf","privKey":"QMYed9rOC2mD/5CPZ3yNSzZGV5htmBvwJnC2/GFcWWw="},"lastRemoteEphemeralKey":"BX+xkBv6FuhwMhCLQziwUHLGuvdetuyyxRmZpgZV8LEj","previousCounter":0,"rootKey":"dBLXcu8nbxegxtN5lMKtyaVTeXZuL2ACzVc4jM/do44="},"indexInfo":{"baseKey":"BRo6fO8FsSYNXVA7D/ymCaqHflUnzbkEGZL77N51rfsh","baseKeyType":2,"closed":1686879699900,"used":1686879663016,"created":1686879663016,"remoteIdentityKey":"BWnyNYTOKNE4Tk+yIJkolxTOJjYl5jWxVZy8c3OXsfND"},"_chains":{"BX+xkBv6FuhwMhCLQziwUHLGuvdetuyyxRmZpgZV8LEj":{"chainKey":{"counter":0,"key":"nLKWieO0UykQ1/5VQitVH+h7cuAwe2SPFSX7KZ84LfQ="},"chainType":2,"messageKeys":{}},"BerbZqvEPfrRB/xxCRxptB8I/5+Do4QlUwL8upgIfOhf":{"chainKey":{"counter":-1,"key":"i6FObHQ/U7SjxwWw+ePBD1dinbed1VzWVWlHX0wD1z0="},"chainType":1,"messageKeys":{}}}},"BbvYLR8uKseutUikYFyo6Tdzkj6xAjHkWhadKgd8OdBM":{"registrationId":246,"currentRatchet":{"ephemeralKeyPair":{"pubKey":"BbByjfFMt6C5hOksI242LBRHytiTk6XYHyS8mNEDIgx4","privKey":"UKIVklnPU5a1TyCtXp7OGse9Rxl7UnNarIHDkLsatUY="},"lastRemoteEphemeralKey":"BaaLuKvpdF9s2wgezzN7n2j9X+dD1FweiaUZ03pn35p2","previousCounter":0,"rootKey":"zaBKtJTAkRYSOPSiLWOAw3JVTOT6/7uxzTnGaLbkd6g="},"indexInfo":{"baseKey":"BbvYLR8uKseutUikYFyo6Tdzkj6xAjHkWhadKgd8OdBM","baseKeyType":2,"closed":1686884282669,"used":1686879699900,"created":1686879699900,"remoteIdentityKey":"BWnyNYTOKNE4Tk+yIJkolxTOJjYl5jWxVZy8c3OXsfND"},"_chains":{"BaaLuKvpdF9s2wgezzN7n2j9X+dD1FweiaUZ03pn35p2":{"chainKey":{"counter":2,"key":"Vdx4HUkdyOqAJMR1o3Br8hHaCoN1W046lNc58L71IY0="},"chainType":2,"messageKeys":{}},"BbByjfFMt6C5hOksI242LBRHytiTk6XYHyS8mNEDIgx4":{"chainKey":{"counter":-1,"key":"i7QqaqaTaWWju12gotwLorQrsxKp4v+uiNUhSJQCK9I="},"chainType":1,"messageKeys":{}}}},"BZfRO31QV0uotYOrwC4CQrrJnpGMFqN5DubLlh4HoPcY":{"registrationId":246,"currentRatchet":{"ephemeralKeyPair":{"pubKey":"BdAF4H5MZV72uqARdro4aE8xB8q6ZnbSZzIAL/1AQ4Aw","privKey":"2Ej1snxyJKBhKoXhc8BL4Lf+1N3Djm4SQP9XYA/D9m4="},"lastRemoteEphemeralKey":"BXhg3CEPflFHx/0BKNitGbtDYVMitZh0+qnqKMovb6hQ","previousCounter":0,"rootKey":"Ah2aPtgOPkq9aK7DxtRYZUBIZPcN1WlGFlscb3abO48="},"indexInfo":{"baseKey":"BZfRO31QV0uotYOrwC4CQrrJnpGMFqN5DubLlh4HoPcY","baseKeyType":2,"closed":1686885419866,"used":1686884282669,"created":1686884282669,"remoteIdentityKey":"BWnyNYTOKNE4Tk+yIJkolxTOJjYl5jWxVZy8c3OXsfND"},"_chains":{"BXhg3CEPflFHx/0BKNitGbtDYVMitZh0+qnqKMovb6hQ":{"chainKey":{"counter":1,"key":"zI+N1q+s0i+W7Fd4HiRsu1DdMvV13RmkKas3jf1GMfE="},"chainType":2,"messageKeys":{}},"BdAF4H5MZV72uqARdro4aE8xB8q6ZnbSZzIAL/1AQ4Aw":{"chainKey":{"counter":-1,"key":"t/8B05n5aNluYcoFqCWMTp84oTTQ/hcdIz+7Ny6fqLc="},"chainType":1,"messageKeys":{}}}},"BUX8CXr7vswf1LkpHLLZ7RI7ZrS+5DdpoiLhtBzSb+Eo":{"registrationId":246,"currentRatchet":{"ephemeralKeyPair":{"pubKey":"BcE2rk61nOT4/qeik2rBErctEkUgHue6S2QUQ0CXnNRh","privKey":"8CrvX/yFIYS4kzFqzmCWDzQsyKFNJtUK2+nsrXouyUQ="},"lastRemoteEphemeralKey":"BUX14n7/o29F/xdXtlV7TUSRq/YRhkVzd3cepBE7tMQZ","previousCounter":0,"rootKey":"8QY9e/sEXzheY5YkdlmXPg06xQLHmqLuf06JYCOM4VQ="},"indexInfo":{"baseKey":"BUX8CXr7vswf1LkpHLLZ7RI7ZrS+5DdpoiLhtBzSb+Eo","baseKeyType":2,"closed":1686887743085,"used":1686885419866,"created":1686885419866,"remoteIdentityKey":"BWnyNYTOKNE4Tk+yIJkolxTOJjYl5jWxVZy8c3OXsfND"},"_chains":{"BUX14n7/o29F/xdXtlV7TUSRq/YRhkVzd3cepBE7tMQZ":{"chainKey":{"counter":3,"key":"fiefPSpaoRq3r5nYph+6yVdQYDHNCxN8Wo1tpiEV+WQ="},"chainType":2,"messageKeys":{}},"BcE2rk61nOT4/qeik2rBErctEkUgHue6S2QUQ0CXnNRh":{"chainKey":{"counter":-1,"key":"X7lnZEN3604B6ppq7l3N4Es3i57WuG6Hp/0mz0lxHqA="},"chainType":1,"messageKeys":{}}}},"BVibNWMSEl8k+WBz5zrwxwICOro6GM4It/GkVGXORrUW":{"registrationId":246,"currentRatchet":{"ephemeralKeyPair":{"pubKey":"BSIDjyAsN+JnmO3KZ1WJnhRW9XmjCLOtPO08RXTHZjId","privKey":"OCY1dcm8xUNpiszIzY/yu543lRYoRkzD7vNNGY73yX0="},"lastRemoteEphemeralKey":"BWBATbOch2JR3hCylX/QEX0G5c52WnQr5M+SWfWVpndo","previousCounter":0,"rootKey":"keZwEf/TXqLY2zBYFnMnGBesSEcOHzZIO4IzhrYFelA="},"indexInfo":{"baseKey":"BVibNWMSEl8k+WBz5zrwxwICOro6GM4It/GkVGXORrUW","baseKeyType":2,"closed":1686893961444,"used":1686887743086,"created":1686887743086,"remoteIdentityKey":"BWnyNYTOKNE4Tk+yIJkolxTOJjYl5jWxVZy8c3OXsfND"},"_chains":{"BWBATbOch2JR3hCylX/QEX0G5c52WnQr5M+SWfWVpndo":{"chainKey":{"counter":2,"key":"B1PS6YoQ/5PvbCTgpRvIEBaFkG4vtapP/PR9JfmH7Cw="},"chainType":2,"messageKeys":{}},"BSIDjyAsN+JnmO3KZ1WJnhRW9XmjCLOtPO08RXTHZjId":{"chainKey":{"counter":-1,"key":"JhENxVOftsRWSyY9VU2FZtbEbXaEJtGQQpt9nKy7Lpo="},"chainType":1,"messageKeys":{}}}},"BaDVJRFJs3tO30UPgd1/XGBWuUrj/XlCfaL8hfXb5lEv":{"registrationId":246,"currentRatchet":{"ephemeralKeyPair":{"pubKey":"Bcy0tfAEFfhTRGed9+jTMeya6+Z7fZ0Zedze9rHb7xN6","privKey":"4OdAwAwvgRpUfBmgwWwBuEn3eXp6WYGw7dETPCANK34="},"lastRemoteEphemeralKey":"BbC3+xAwHUrwEI4ig6HfPzx6AjDaqogS7SzsF6cOliVF","previousCounter":0,"rootKey":"2HpkKBgfY8RE3OcqF6nNZ0dmLhgn9rGygbanfoHaEUg="},"indexInfo":{"baseKey":"BaDVJRFJs3tO30UPgd1/XGBWuUrj/XlCfaL8hfXb5lEv","baseKeyType":2,"closed":1686901121254,"used":1686893961448,"created":1686893961448,"remoteIdentityKey":"BWnyNYTOKNE4Tk+yIJkolxTOJjYl5jWxVZy8c3OXsfND"},"_chains":{"BbC3+xAwHUrwEI4ig6HfPzx6AjDaqogS7SzsF6cOliVF":{"chainKey":{"counter":6,"key":"xvwFOvB6OfGAWYtuOybp3X2ygPl6F/By7aeUDKOkWVI="},"chainType":2,"messageKeys":{}},"Bcy0tfAEFfhTRGed9+jTMeya6+Z7fZ0Zedze9rHb7xN6":{"chainKey":{"counter":-1,"key":"xK5Ue44BqDDd7kIVB2iGEjPZDPcF8SmGNqObHsxB5ns="},"chainType":1,"messageKeys":{}}}},"BRHz6wjYfO4pJKiee64gb5c4+MT+CsNMqhBrvq+a4vpf":{"registrationId":246,"currentRatchet":{"ephemeralKeyPair":{"pubKey":"BVe57k1s+W454ATAG5iBu9uM4ZXNK4PyJhHGjAu3hhdV","privKey":"kD5558go37D+RKf8FpN/vmFiCVZB0kVcK1p30Lda7nM="},"lastRemoteEphemeralKey":"BfNbEzOZvFMkoE9lxO0kKa1RNNZI9rFTPZMPEZhIdqNv","previousCounter":0,"rootKey":"A37B7+nmeGbJiX+NiEILiOCDQ2iH3f7Um6DoDQowQD4="},"indexInfo":{"baseKey":"BRHz6wjYfO4pJKiee64gb5c4+MT+CsNMqhBrvq+a4vpf","baseKeyType":2,"closed":1686914270846,"used":1686901121258,"created":1686901121258,"remoteIdentityKey":"BWnyNYTOKNE4Tk+yIJkolxTOJjYl5jWxVZy8c3OXsfND"},"_chains":{"BfNbEzOZvFMkoE9lxO0kKa1RNNZI9rFTPZMPEZhIdqNv":{"chainKey":{"counter":18,"key":"Xu5EqfRFo0m7vZlU0a55KUKhMs6Qk6jdWXOVue7JVbw="},"chainType":2,"messageKeys":{"11":"hprwy4hLdzNhmJX92qD865m+HqI0q4eLxXaEH+FBLXo="}},"BVe57k1s+W454ATAG5iBu9uM4ZXNK4PyJhHGjAu3hhdV":{"chainKey":{"counter":-1,"key":"DjOlg4Se75hDvZUqLVN1njH12uN436Qw56e0mlpqg+4="},"chainType":1,"messageKeys":{}}}},"Bdi9jAGX72ks9HTBO1exgfgPCNhWM2Ao0tXB42LQJ6gy":{"registrationId":246,"currentRatchet":{"ephemeralKeyPair":{"pubKey":"BYqyruKYxSM8CPVLRJaARuTnO5bxXLi/RMYaE7Yri9kU","privKey":"qLa272RwTBEBA9TOMcNRqtNKQC2popRZzWtKHSixL1g="},"lastRemoteEphemeralKey":"BZvxYO8pwQW/WdBGQNPs0LSi35mn5LiOLbjd0Q9qa8Jk","previousCounter":0,"rootKey":"4aSJjQut7VBC0z1ZW/ePFz/5NPnpVn1MPi851mOlQp8="},"indexInfo":{"baseKey":"Bdi9jAGX72ks9HTBO1exgfgPCNhWM2Ao0tXB42LQJ6gy","baseKeyType":2,"closed":1686914631946,"used":1686914270850,"created":1686914270850,"remoteIdentityKey":"BWnyNYTOKNE4Tk+yIJkolxTOJjYl5jWxVZy8c3OXsfND"},"_chains":{"BZvxYO8pwQW/WdBGQNPs0LSi35mn5LiOLbjd0Q9qa8Jk":{"chainKey":{"counter":6,"key":"sesEERim+YJKyIOfZqPalCX9Ysutw3GCPLK+ssS/1wQ="},"chainType":2,"messageKeys":{}},"BYqyruKYxSM8CPVLRJaARuTnO5bxXLi/RMYaE7Yri9kU":{"chainKey":{"counter":-1,"key":"w1DgdekttUT+/G0z+vDfzj+U27gvzo6gjbSDIKFnidI="},"chainType":1,"messageKeys":{}}}},"BRFaqx5VQwnJs19Ix0LKJhMyQIEjuFysDvYRMsHUAUIi":{"registrationId":246,"currentRatchet":{"ephemeralKeyPair":{"pubKey":"Bfr6pqHuw2otTuf1Jf2K3QxJd00UilBrfprB6p4cuSQj","privKey":"8LcpCryu5657EZWep3dCcSRntsqhdnevWu5drgLJ/X8="},"lastRemoteEphemeralKey":"BfD1gXg03zAesNvi1aC4/MGrZbYpOoJ2GFpt1HcK7Bp5","previousCounter":0,"rootKey":"q+JiFJHlPiS5Rluj/rvnsw9iZAE8TujmxfH98JEAEGI="},"indexInfo":{"baseKey":"BRFaqx5VQwnJs19Ix0LKJhMyQIEjuFysDvYRMsHUAUIi","baseKeyType":2,"closed":1686918058899,"used":1686914631950,"created":1686914631950,"remoteIdentityKey":"BWnyNYTOKNE4Tk+yIJkolxTOJjYl5jWxVZy8c3OXsfND"},"_chains":{"BfD1gXg03zAesNvi1aC4/MGrZbYpOoJ2GFpt1HcK7Bp5":{"chainKey":{"counter":25,"key":"zqfSLcN23LLqJyvrFRBLBdyvQqF06MRDdx4aefLEzFY="},"chainType":2,"messageKeys":{}},"Bfr6pqHuw2otTuf1Jf2K3QxJd00UilBrfprB6p4cuSQj":{"chainKey":{"counter":-1,"key":"aPPWIh8s/lKvPfdeCaOnlEpM+hxiMqezluAA51Jzqcs="},"chainType":1,"messageKeys":{}}}},"BWsBsONbnH25G4BuA0zG7296I1YwxdytRfAtPqvTkyxr":{"registrationId":246,"currentRatchet":{"ephemeralKeyPair":{"pubKey":"BWbSW+QPN7QW3sYNlFmgD9AkkWJClkxQ9mPLVzU1uMwU","privKey":"KEtEv6Px3oqdBBbsQ8pVvxTK1rrLhD+/4gxFTi4WDXo="},"lastRemoteEphemeralKey":"BYQZ1ZzX8KnvF9cARJbeYBJCXpc2+4FbpMvirwl8hiJ5","previousCounter":0,"rootKey":"N4AaBfKnpcRWirzscS/YXl2LqbiRNFhkPDz7dSeaEW4="},"indexInfo":{"baseKey":"BWsBsONbnH25G4BuA0zG7296I1YwxdytRfAtPqvTkyxr","baseKeyType":2,"closed":1686931977230,"used":1686918058903,"created":1686918058903,"remoteIdentityKey":"BWnyNYTOKNE4Tk+yIJkolxTOJjYl5jWxVZy8c3OXsfND"},"_chains":{"BYQZ1ZzX8KnvF9cARJbeYBJCXpc2+4FbpMvirwl8hiJ5":{"chainKey":{"counter":11,"key":"DlMQrjQXLZMw+V/0E38E7WQaxGsNP31BRgMbkuAXXuo="},"chainType":2,"messageKeys":{"1":"Z6yWZC1jPH7SmfLcvLHj3Xul41N59N4F1HxEY50qeb4=","7":"ngmV7RBEDCMlbb7vOuK4Taq2SDLGMI0Yspzc4QbPfQY="}},"BWbSW+QPN7QW3sYNlFmgD9AkkWJClkxQ9mPLVzU1uMwU":{"chainKey":{"counter":-1,"key":"pYogCiuBYN6uhHT75PpGZDwje6l1wU6x+yfdzrFmUdo="},"chainType":1,"messageKeys":{}}}},"BX+iCBhTabe6joxFczT4SPXlpBC0TSBLZ7r1X2GsSvoF":{"registrationId":246,"currentRatchet":{"ephemeralKeyPair":{"pubKey":"BYlncmMntLxFDKof7bkNo2lsvRQwOukaPN8Z/ZRX+qEX","privKey":"qAq06xy0C5wtWyCv9l13B9JbcY+jcE/l6rOPUV3+IUo="},"lastRemoteEphemeralKey":"Bdvf48Y2GA6xiKDw5r6X8tzXQi1OyfG9vTjY4LmoIVgs","previousCounter":0,"rootKey":"66d3ksIPcZZvt/tYOAFVueF82YNhpjAc9+0y46NuERg="},"indexInfo":{"baseKey":"BX+iCBhTabe6joxFczT4SPXlpBC0TSBLZ7r1X2GsSvoF","baseKeyType":2,"closed":1686933549454,"used":1686931977234,"created":1686931977234,"remoteIdentityKey":"BWnyNYTOKNE4Tk+yIJkolxTOJjYl5jWxVZy8c3OXsfND"},"_chains":{"Bdvf48Y2GA6xiKDw5r6X8tzXQi1OyfG9vTjY4LmoIVgs":{"chainKey":{"counter":0,"key":"a/Ce3MOeJC8khK0IPz06glt92lUg4TNABj6deBWdFP4="},"chainType":2,"messageKeys":{}},"BYlncmMntLxFDKof7bkNo2lsvRQwOukaPN8Z/ZRX+qEX":{"chainKey":{"counter":-1,"key":"fBzNdDiFVPdU522rWr3laOgubeSmUCGAygFVgxqyYvQ="},"chainType":1,"messageKeys":{}}}},"BXFOaqvw4yfVx7TeVYTUhhaL5qWnLBgFu1yvE4fLG/49":{"registrationId":246,"currentRatchet":{"ephemeralKeyPair":{"pubKey":"BVnj5ig+i0ijp/4T05jJeAInbAkkKxDpWQn6jAN68vBH","privKey":"iEHSPIachM0GM6t31nzd5vo7d1oZEPBYtcDMUE3cPUA="},"lastRemoteEphemeralKey":"BeAG5zeQWGxQvAqUqwsaZDaCIDia12twt4jorce7CZo7","previousCounter":0,"rootKey":"meAkNwBaoal46PSW2IjtNtiUbwC4Q9FDyHNHy7mHZbc="},"indexInfo":{"baseKey":"BXFOaqvw4yfVx7TeVYTUhhaL5qWnLBgFu1yvE4fLG/49","baseKeyType":2,"closed":1686933566476,"used":1686933549459,"created":1686933549459,"remoteIdentityKey":"BWnyNYTOKNE4Tk+yIJkolxTOJjYl5jWxVZy8c3OXsfND"},"_chains":{"BeAG5zeQWGxQvAqUqwsaZDaCIDia12twt4jorce7CZo7":{"chainKey":{"counter":0,"key":"hC2CHj0c+XLbMi37BoTxxVn5PD3OFf0a/5lPCZvzg90="},"chainType":2,"messageKeys":{}},"BVnj5ig+i0ijp/4T05jJeAInbAkkKxDpWQn6jAN68vBH":{"chainKey":{"counter":-1,"key":"7jKYUwcTpeCCA4S+ULpfvATSgK8s7JKFMS5VufeSesc="},"chainType":1,"messageKeys":{}}}},"BSfDDWaHJml0W+1AYcUSxHel9Wkt0F8RQE+zzqX35W4L":{"registrationId":246,"currentRatchet":{"ephemeralKeyPair":{"pubKey":"BTavNcQGjY24ZCzpL+7uX43c6XQWp6AVLYhSjwYvxThs","privKey":"sPE/uGhmZ008xbDzDtZSOBsQMe2szPIdrE19QykYFkY="},"lastRemoteEphemeralKey":"BV9nsFYu6gSup4KSDW7jHHoABpG6opm31WVsvLYohjJi","previousCounter":0,"rootKey":"NXANrJc98ylcBmdhkRDEASWjQpXsZLHUIfs7Ob3u6zE="},"indexInfo":{"baseKey":"BSfDDWaHJml0W+1AYcUSxHel9Wkt0F8RQE+zzqX35W4L","baseKeyType":2,"closed":1686934595494,"used":1686933566480,"created":1686933566480,"remoteIdentityKey":"BWnyNYTOKNE4Tk+yIJkolxTOJjYl5jWxVZy8c3OXsfND"},"_chains":{"BV9nsFYu6gSup4KSDW7jHHoABpG6opm31WVsvLYohjJi":{"chainKey":{"counter":1,"key":"b0eTUjSkrjAMsYam9yUoRf/gikW7FP+oGj3UABId54I="},"chainType":2,"messageKeys":{}},"BTavNcQGjY24ZCzpL+7uX43c6XQWp6AVLYhSjwYvxThs":{"chainKey":{"counter":-1,"key":"JsImZExtcP4wUOGgxjY/eZsADuZbMGUqlxDJvS4wl5M="},"chainType":1,"messageKeys":{}}}},"BReqrez9DgcDCa9RuZlE4YUcM6AYfborGDxRTjllhbt7":{"registrationId":246,"currentRatchet":{"ephemeralKeyPair":{"pubKey":"BXkdxvQcUm74jaI9Yengbj2KncYV+wSH1asqFIr5sJYy","privKey":"aKDccJk5vlcEOz1ns4J+liSSHnq7PH/5g9ha8X9p13A="},"lastRemoteEphemeralKey":"BT1D5U5JZu89FCQ5Y8h/UGwfkg7L0vZ7nxe4WEsaKkNF","previousCounter":0,"rootKey":"pSqHzmblKQp/X7vJLkf9gdCgzsjGIzxOQFhrt2+03Ds="},"indexInfo":{"baseKey":"BReqrez9DgcDCa9RuZlE4YUcM6AYfborGDxRTjllhbt7","baseKeyType":2,"closed":-1,"used":1686934595500,"created":1686934595500,"remoteIdentityKey":"BWnyNYTOKNE4Tk+yIJkolxTOJjYl5jWxVZy8c3OXsfND"},"_chains":{"BT1D5U5JZu89FCQ5Y8h/UGwfkg7L0vZ7nxe4WEsaKkNF":{"chainKey":{"counter":16,"key":"Wzek1sjf1CaRRlCfMFJpniVqcKbzD1S85OW2qp3aMbU="},"chainType":2,"messageKeys":{}},"BXkdxvQcUm74jaI9Yengbj2KncYV+wSH1asqFIr5sJYy":{"chainKey":{"counter":-1,"key":"RRtRg5UGtUIoND22ykyssnpWIz1cQj3filqr9zaKSvc="},"chainType":1,"messageKeys":{}}}}},"version":"v1"}