{"_sessions":{"BQIV1X16DFYoou+6tyUiLpgdegMnbp06VrcU7wfOcOB2":{"registrationId":1104480945,"currentRatchet":{"ephemeralKeyPair":{"pubKey":"BYBLGdns0/rtfDZogk8bUG/qVJpT1oKF3JT+RfdDtA8G","privKey":"IADtYibMIYpd9/TBPO6rbKShEoq8KltKsWa0ZgcdYno="},"lastRemoteEphemeralKey":"BQorSGHp/5ed6nUEhUmCOiHMyRjQGMADdsPzyCczGm1Y","previousCounter":0,"rootKey":"d1dy8DpsgUbuzE3soeIv7i207BvCNp5u3Lt1szC45XY="},"indexInfo":{"baseKey":"BQIV1X16DFYoou+6tyUiLpgdegMnbp06VrcU7wfOcOB2","baseKeyType":2,"closed":-1,"used":1687009149689,"created":1687009149689,"remoteIdentityKey":"BbsTXOze2MPIbhp+PvTLlZyrzH+sQLa8kDGt2BKpyZEs"},"_chains":{"BQorSGHp/5ed6nUEhUmCOiHMyRjQGMADdsPzyCczGm1Y":{"chainKey":{"counter":0,"key":"tMtNIKxc2Vy5fIxpINLX+L0x6a8W1P/+s1Idppq4Sg4="},"chainType":2,"messageKeys":{}},"BYBLGdns0/rtfDZogk8bUG/qVJpT1oKF3JT+RfdDtA8G":{"chainKey":{"counter":-1,"key":"BHg5yod8870gS0Xcf7olhJaD22swDJUbZOPMUPhMzdg="},"chainType":1,"messageKeys":{}}}}},"version":"v1"}