{"_sessions":{"Bf0IOolpGt4SmAMCaKob4VUENNWrAGKOv/F4Sblf66sW":{"registrationId":547013842,"currentRatchet":{"ephemeralKeyPair":{"pubKey":"BVqpgqTYcHulFYbNWwGoRkkYGctpB3r4yzYj1voPXCw7","privKey":"qHFduIizIiMwj/sGXyi94nc+wVlgqzfCU+ASDvKWNmQ="},"lastRemoteEphemeralKey":"BS7BO6eJsPyTgzjwO+w4bqiSYS9Nvbmn+9ko0Asedos+","previousCounter":0,"rootKey":"geLSmRwLZdFLamzWJ5B3BrE2Tt7kxQrYjvp4Gq5Otw8="},"indexInfo":{"baseKey":"Bf0IOolpGt4SmAMCaKob4VUENNWrAGKOv/F4Sblf66sW","baseKeyType":2,"closed":-1,"used":1686889916031,"created":1686889916031,"remoteIdentityKey":"BflpsvNeIjQ42u2Cp209E20WZVzMVM5MngH7Kx27RzsD"},"_chains":{"BS7BO6eJsPyTgzjwO+w4bqiSYS9Nvbmn+9ko0Asedos+":{"chainKey":{"counter":1,"key":"U4qIq6BJ/WN97wdpSQ+9LD4Ni1RPt2BSVVqsf7Q7vQM="},"chainType":2,"messageKeys":{}},"BVqpgqTYcHulFYbNWwGoRkkYGctpB3r4yzYj1voPXCw7":{"chainKey":{"counter":-1,"key":"Iiz2SwBmc0zuGut54ZLrEA2/mgtZOV3wckUVB/A9POI="},"chainType":1,"messageKeys":{}}}}},"version":"v1"}