{"_sessions":{"BQliaSIFncKVarWGfdX2ufxdLLwhbsNyofr8I4JB59s0":{"registrationId":163262489,"currentRatchet":{"ephemeralKeyPair":{"pubKey":"BVoIC0lmoGvmis4Ah7BH0ZKl5kliNceGjHecLtUiKxQc","privKey":"aAfBQOm9NcFqUvBNjnC6eWYCaoR78Sq9J/zjKCCqznc="},"lastRemoteEphemeralKey":"BdauyZvVj+r2tVtMtwg6tECSJZsZNEwfXMjhzhIUhCNH","previousCounter":0,"rootKey":"cM6ftHMEf8tV6UFww83+6+gtxlnpCYr4tVY9wQNxXrs="},"indexInfo":{"baseKey":"BQliaSIFncKVarWGfdX2ufxdLLwhbsNyofr8I4JB59s0","baseKeyType":2,"closed":-1,"used":1686844047881,"created":1686844047881,"remoteIdentityKey":"BSP8TXfVZssLWZBcVZOsvYW3Y9lRKQD5FxTibtZ4J1E8"},"_chains":{"BdauyZvVj+r2tVtMtwg6tECSJZsZNEwfXMjhzhIUhCNH":{"chainKey":{"counter":6,"key":"Hn3Sy9ooRfReGhSwLmVXz695BeRcCu89S5ZAunQ3/Dc="},"chainType":2,"messageKeys":{"0":"rE9TL0OoWeCqX/4L/r1qInKYgkf+cM8pggifIaqAB0Q=","1":"uyLMMmCxbd66oW2DRDNpzBcO051slJ2s7g4bl86/BxQ="}},"BVoIC0lmoGvmis4Ah7BH0ZKl5kliNceGjHecLtUiKxQc":{"chainKey":{"counter":-1,"key":"bmvqabXqPgdRoKrSRSdQF4f+IAR447C5vzEZrGEZC+w="},"chainType":1,"messageKeys":{}}}}},"version":"v1"}