{"_sessions":{"BUvVR2y9zWGemrX0+EOWSZfh3sQmj7LZu3Kpx5Sd9XVJ":{"registrationId":646468494,"currentRatchet":{"ephemeralKeyPair":{"pubKey":"BYVIwmvpOF0AZ6kZcB9/4FJz1DgXPr6SZ++Y2irZPIxY","privKey":"AOphc819+1CLKhTPocPcY45v1h1wU7BkqnW9Vq6MKEM="},"lastRemoteEphemeralKey":"BalYpikWq2KKrd+AOupzBMBPlAxUgzFB4w3avkXLY2hx","previousCounter":0,"rootKey":"fYDT5bovf5GHUE3qYSn6KVNyTnO4Y8PVHVcj22ClMy4="},"indexInfo":{"baseKey":"BUvVR2y9zWGemrX0+EOWSZfh3sQmj7LZu3Kpx5Sd9XVJ","baseKeyType":2,"closed":-1,"used":1686916076308,"created":1686916076308,"remoteIdentityKey":"BXnxys822LNpTu+8kwW6iyBSZVApabp3Im9E7GGj9JU6"},"_chains":{"BalYpikWq2KKrd+AOupzBMBPlAxUgzFB4w3avkXLY2hx":{"chainKey":{"counter":0,"key":"bf7EyjHXcoEEBxTra2uStZVARA4rlQeqHxzVYFtBVZ4="},"chainType":2,"messageKeys":{}},"BYVIwmvpOF0AZ6kZcB9/4FJz1DgXPr6SZ++Y2irZPIxY":{"chainKey":{"counter":-1,"key":"WIexI96m8f98BtdmhHZgBdOFwJ9alebZ1JaJFoQc1/4="},"chainType":1,"messageKeys":{}}}}},"version":"v1"}