{"_sessions":{"Bbdtuf3U90hIQZl8kycom0sJP5v0I5vqjlTm7VIxpBIE":{"registrationId":1343566192,"currentRatchet":{"ephemeralKeyPair":{"pubKey":"BcY5CvIsV+goshBMsULpT2kCTZayh7o3PP3IUp6sQUUC","privKey":"AMvu+ZDoKMZpZG5F/BKJKMyQiNcBuLhr7ZmxorckWVU="},"lastRemoteEphemeralKey":"BVb1TrtYZ3X6G9Lh8UHJ6RyMM1VRMmwo+zHyz7LHtGpt","previousCounter":0,"rootKey":"qR3xAOPYjUpuF6Ro0MJDyQA3doN5oCO3cJF46WYMXJE="},"indexInfo":{"baseKey":"Bbdtuf3U90hIQZl8kycom0sJP5v0I5vqjlTm7VIxpBIE","baseKeyType":2,"closed":-1,"used":1686871402777,"created":1686871402777,"remoteIdentityKey":"BfQaSoKBx3LcnVGAHJfXe00f48+h1Jf7Id6Bh5B6ZUEE"},"_chains":{"BVb1TrtYZ3X6G9Lh8UHJ6RyMM1VRMmwo+zHyz7LHtGpt":{"chainKey":{"counter":0,"key":"nFR4fDQVDuuBF5ms4D3RGlxuafL6FuTkpG5HbclNL+w="},"chainType":2,"messageKeys":{}},"BcY5CvIsV+goshBMsULpT2kCTZayh7o3PP3IUp6sQUUC":{"chainKey":{"counter":-1,"key":"xSSd46921FQmVf/gPe/YwINhNgZ5u+sBDa4dN7efylM="},"chainType":1,"messageKeys":{}}}}},"version":"v1"}