{"_sessions":{"BU9kW/2EnwRL8kzWv5poEKfpD4PbRloB3rN+fJMPLxZ3":{"registrationId":288525843,"currentRatchet":{"ephemeralKeyPair":{"pubKey":"BcSW8DASI7f99mrEtoc69RE8OTr9kW608wTLPm6GYR4p","privKey":"kLlKpfFICTojR7aSvpXGqBcwfJo7XNBEyhGajEQWOXk="},"lastRemoteEphemeralKey":"Bc8Llj2mDeiPjiikWeN/uSZxNAih+Hybb8M/8tWkeMpM","previousCounter":0,"rootKey":"PyR7yVC+R5KdJpfPe/LFBj9mjfNtJb1AgngBZNSlElI="},"indexInfo":{"baseKey":"BU9kW/2EnwRL8kzWv5poEKfpD4PbRloB3rN+fJMPLxZ3","baseKeyType":2,"closed":-1,"used":1686837624005,"created":1686837624005,"remoteIdentityKey":"BX0Aw8uR2/GQaPqP2n+PZhyLb45hFodr8XjqrixsIJ8W"},"_chains":{"Bc8Llj2mDeiPjiikWeN/uSZxNAih+Hybb8M/8tWkeMpM":{"chainKey":{"counter":5,"key":"sejUNT4t5hj5AVH6sYh0A0WGH8bX201ODKu450SWzLc="},"chainType":2,"messageKeys":{"2":"zCKCALxyDAf2ltrQ9C2VeAXl7wggiPdeFA4WFKQTt40=","3":"hpsMWNDX6nyiECAECl4/Pb31Ft4ewVPgUFbBpPW1/ZU=","4":"xHGKhqe2FS7gmTfAtO1VZe0JAbQho5swdrgFs6qLmos="}},"BcSW8DASI7f99mrEtoc69RE8OTr9kW608wTLPm6GYR4p":{"chainKey":{"counter":-1,"key":"txMXjBBB3NebXQsiQshqGH/+gsKuOJUgD8rFLlRJD/c="},"chainType":1,"messageKeys":{}}}}},"version":"v1"}