{"_sessions":{"BWm58RLd8jX9gbjq91ob4FkmBt4g/MeI1+7AsGcSxNQ7":{"registrationId":1038936662,"currentRatchet":{"ephemeralKeyPair":{"pubKey":"BVwVR9g1F3BbzKAL1bSdRd3SPnFofvkfqrBq4jb4DVcK","privKey":"oPCIwdgOcpUC+r11chL/8AB/Pf56RPvAftS4tluskHU="},"lastRemoteEphemeralKey":"BWCV7I3R3zruQXZsWqknnL6o/gFKyqRwLx1fHC0YWQ8+","previousCounter":0,"rootKey":"rpnRR52ObbBiN0SZwm9jBUr6NeH+DFhVEAJLdX2HtTw="},"indexInfo":{"baseKey":"BWm58RLd8jX9gbjq91ob4FkmBt4g/MeI1+7AsGcSxNQ7","baseKeyType":2,"closed":-1,"used":1686919211628,"created":1686919211628,"remoteIdentityKey":"BZWrb0aYj2glOCfIlVAg6i+sO1XvZYoTMcVpWt3bN6Qg"},"_chains":{"BWCV7I3R3zruQXZsWqknnL6o/gFKyqRwLx1fHC0YWQ8+":{"chainKey":{"counter":0,"key":"rLxHRwoA9FQX1hiAhgqyZdzPRG1U/xmX9EJjQ1B8Uo8="},"chainType":2,"messageKeys":{}},"BVwVR9g1F3BbzKAL1bSdRd3SPnFofvkfqrBq4jb4DVcK":{"chainKey":{"counter":-1,"key":"INWT4I5pVYCCEymT5prVbw5eA9HNvWFUgrd6kAxax5g="},"chainType":1,"messageKeys":{}}}}},"version":"v1"}