{"_sessions":{"BYjtxTvRrNagMYsdWCQbCiQIRg+x5jqgOp/h6xy9iLI5":{"registrationId":1782098176,"currentRatchet":{"ephemeralKeyPair":{"pubKey":"BZLwH5qcnta821uSQX8NlGWvUtFlUpvtRCBqlIV4IMYr","privKey":"8FxRmKGBKam2Z2kII5xOYjvL35DE6jM6ZN7wfsdzP3E="},"lastRemoteEphemeralKey":"Bc63xU2rbdPLK/ah+XZPWFAEBwe1j/1c9a9UjRb5NLR4","previousCounter":0,"rootKey":"AVoLwJQOuEsfKfNGKxmPhCg2JsLb3ctncaXQwKkfr3I="},"indexInfo":{"baseKey":"BYjtxTvRrNagMYsdWCQbCiQIRg+x5jqgOp/h6xy9iLI5","baseKeyType":2,"closed":-1,"used":1686898171658,"created":1686898171658,"remoteIdentityKey":"Be3DN2NW9XzLAOu5Qsi0juijzYUoV09haspKPl8U8pYz"},"_chains":{"Bc63xU2rbdPLK/ah+XZPWFAEBwe1j/1c9a9UjRb5NLR4":{"chainKey":{"counter":2,"key":"DIO4QFvTLk2Jzftl0J5CdDeIBg4ZwmMbIE+JLzc0wQQ="},"chainType":2,"messageKeys":{}},"BZLwH5qcnta821uSQX8NlGWvUtFlUpvtRCBqlIV4IMYr":{"chainKey":{"counter":-1,"key":"e0P1ng5Eh0kyRKz98C0CbsQdTxBUQauy3RsQokz33BI="},"chainType":1,"messageKeys":{}}}}},"version":"v1"}