{"_sessions":{"BavlF6VaKhj9pZqdB5c+hPnBEeifdL38K2N7E3CyKCwT":{"registrationId":896879297,"currentRatchet":{"ephemeralKeyPair":{"pubKey":"Bat5qHg7knc4Nwu0jh3DSdm+cA6h1RKPc5uqyfcuttoN","privKey":"KCYSECo23sr3XXui7wLopQzaigaYnGBOfjIMqKYs/lg="},"lastRemoteEphemeralKey":"BbKNV+w1nRpGS8sZ80H4bOJVkcnjAnOtTEGoLZ0MFRBV","previousCounter":0,"rootKey":"7q5AKwav+WLkjOL6g8EAUVELJ8KmgrzHaKZRnC8K4Ew="},"indexInfo":{"baseKey":"BavlF6VaKhj9pZqdB5c+hPnBEeifdL38K2N7E3CyKCwT","baseKeyType":2,"closed":-1,"used":1686995662203,"created":1686995662203,"remoteIdentityKey":"BcfS8QQVEWNtNVx/FWuGZRlpr7twLxD1nYzcpGorKb5O"},"_chains":{"BbKNV+w1nRpGS8sZ80H4bOJVkcnjAnOtTEGoLZ0MFRBV":{"chainKey":{"counter":1,"key":"2ZI3RNqyVU0YNBmwrJ72CoDCkDO4bRW/qmysAAWhMNo="},"chainType":2,"messageKeys":{"0":"ayfoJlcR4T5CeFmJoJ4NnJFWh36J4+LT7lOJH7gU4zU="}},"Bat5qHg7knc4Nwu0jh3DSdm+cA6h1RKPc5uqyfcuttoN":{"chainKey":{"counter":-1,"key":"7ILArvPJ96Qj/RGa94l7Cbom4s2Nndhy1RAoQexCrKE="},"chainType":1,"messageKeys":{}}}}},"version":"v1"}