{"_sessions":{"BeQhic1Au+ojnsnGKXVctcdPEN+/FPctSsFiKLFZA94E":{"registrationId":1251513280,"currentRatchet":{"ephemeralKeyPair":{"pubKey":"BbkNCiFz3o2dBSnVQv+YxuY3mYt90xdvCaUTjtC8L50I","privKey":"qB/dR6kBM8frgBpe4vd25kT/cxARG0Qrq2qFLUY1M1s="},"lastRemoteEphemeralKey":"BUY5ie41rvdTXiYbONEYV+s8myLP5jGy0yMYclV4ResR","previousCounter":0,"rootKey":"Y+qWWCpCV3vX57ZakWRaYnJCw5dQyOr8KCk25JHxkzA="},"indexInfo":{"baseKey":"BeQhic1Au+ojnsnGKXVctcdPEN+/FPctSsFiKLFZA94E","baseKeyType":2,"closed":-1,"used":1686917791582,"created":1686917791582,"remoteIdentityKey":"BYkctBx6xtkwYUvGhAaPnjdhomg4XE2F55rT0A6YnC9J"},"_chains":{"BUY5ie41rvdTXiYbONEYV+s8myLP5jGy0yMYclV4ResR":{"chainKey":{"counter":2,"key":"pNgC5Kbjfh/vw9UkvqGBQL9JpudUNerd01Pv+6ScdwQ="},"chainType":2,"messageKeys":{}},"BbkNCiFz3o2dBSnVQv+YxuY3mYt90xdvCaUTjtC8L50I":{"chainKey":{"counter":-1,"key":"/DSb7BUDKlekkcob+9e7bxUPt49Hry4VEMEKkuJAxbA="},"chainType":1,"messageKeys":{}}}}},"version":"v1"}