{"_sessions":{"BTZC8Ucucf42bGwYmIK8d5AbWDHj2Fma+dtawD8N6RgP":{"registrationId":143465946,"currentRatchet":{"ephemeralKeyPair":{"pubKey":"BU4SByTBIalnM3T39HIWdie2c0ZHoaDtFEd2BHM66Kxf","privKey":"6O1cuUN2VG+jTOxPyiXexuNPtru3X8S0R8SEtOrpTUI="},"lastRemoteEphemeralKey":"BY+bOb+bpnEFxNYfZRKjBVzctaEkfHkRvxnwSBvBD74c","previousCounter":0,"rootKey":"aeM33bgEocZdzWLem+6/jPxsUGY/rVHAfeUbXMpgKmk="},"indexInfo":{"baseKey":"BTZC8Ucucf42bGwYmIK8d5AbWDHj2Fma+dtawD8N6RgP","baseKeyType":2,"closed":-1,"used":1686839321773,"created":1686839321773,"remoteIdentityKey":"BbSghRtgIWV5rpbRJh4G7Z5PZddBpim+7weW2rspLl5H"},"_chains":{"BY+bOb+bpnEFxNYfZRKjBVzctaEkfHkRvxnwSBvBD74c":{"chainKey":{"counter":6,"key":"ZfM0n9DuxP/8DpCiGZmFHjiXdIVLxWaSO6E97xEre10="},"chainType":2,"messageKeys":{}},"BU4SByTBIalnM3T39HIWdie2c0ZHoaDtFEd2BHM66Kxf":{"chainKey":{"counter":-1,"key":"LjpHLsjfWv90+MCEb70FAtuo/ee5lVn7d+YgADUO7Jw="},"chainType":1,"messageKeys":{}}}}},"version":"v1"}