{"_sessions":{"Bewrmt07WRBFAa+cwAMyt7MI/djIBruXKGMgYnxdDONw":{"registrationId":63,"currentRatchet":{"ephemeralKeyPair":{"pubKey":"BUoEm3sgKsM3db1ztwCuGwblCEdUcK79U6Bcent50kx8","privKey":"yJZVa67CHlH3oDlrh65KkJWD130/a9MfaggpL0xYGk8="},"lastRemoteEphemeralKey":"BflHCKoeie51bCwFV7uUFtHZ38I6tzzgn3uN62TVcysd","previousCounter":0,"rootKey":"Z32rI5StWM5xgJnRucZ6O8MmUJuGD2Y9Cwv87df7uqQ="},"indexInfo":{"baseKey":"Bewrmt07WRBFAa+cwAMyt7MI/djIBruXKGMgYnxdDONw","baseKeyType":2,"closed":-1,"used":1686885476892,"created":1686885476892,"remoteIdentityKey":"BUPSMtzhtRhjcO80gSMi4wYm2N1GEKjetAZpFg1jQqcA"},"_chains":{"BflHCKoeie51bCwFV7uUFtHZ38I6tzzgn3uN62TVcysd":{"chainKey":{"counter":2,"key":"md+HnHI+x0w9ejByEtRORuixDW8eJLznCePjY+AGgQo="},"chainType":2,"messageKeys":{}},"BUoEm3sgKsM3db1ztwCuGwblCEdUcK79U6Bcent50kx8":{"chainKey":{"counter":-1,"key":"d/L1TScgVIwGR+CdYEhhEZq51nKcmsi7PvqgT3sJIo8="},"chainType":1,"messageKeys":{}}}}},"version":"v1"}