{"_sessions":{"BadhNNttnni0a7GWR9pq9+TCl8giwro4So0cm2VRo2VT":{"registrationId":1113716275,"currentRatchet":{"ephemeralKeyPair":{"pubKey":"BYMecrbSdW43HeUf+tzoodnXexxkfG4Bg6Myw2aN2A0r","privKey":"eJp7FWVGqTk/SqmyvZuJdRm2lU9d6vjWm0G9KDL2Vks="},"lastRemoteEphemeralKey":"BYRdXXXdtoK/NeYpP75nlVaaCzcuFF99jB0SPq4CjEcO","previousCounter":0,"rootKey":"ILLHFfaRnpzONqp5Ni0wcR5PlWObdLt3naOLf5+a71Y="},"indexInfo":{"baseKey":"BadhNNttnni0a7GWR9pq9+TCl8giwro4So0cm2VRo2VT","baseKeyType":2,"closed":-1,"used":1686911514718,"created":1686911514718,"remoteIdentityKey":"BcEJ5sIrn146rc53E3Ah1t/DV0jycm/6vkw2tRaifmt5"},"_chains":{"BYRdXXXdtoK/NeYpP75nlVaaCzcuFF99jB0SPq4CjEcO":{"chainKey":{"counter":5,"key":"0LRKAiXglRE1NZgdoW/USXMaqdLcFMnIFKjLvyL9wN0="},"chainType":2,"messageKeys":{"2":"MuQNBFEarN4sV8ReTuEIW7LCrs+2RIa/GIUqvexboSo="}},"BYMecrbSdW43HeUf+tzoodnXexxkfG4Bg6Myw2aN2A0r":{"chainKey":{"counter":-1,"key":"/iKUiSYYjDBfwoQoIAe0K6ch8Se9yJgNw9kjOUwdiEg="},"chainType":1,"messageKeys":{}}}}},"version":"v1"}