{"_sessions":{"BUyynoAdEcX67FqkKNreOmaBUlYmifcPzxoIPkHjJWFl":{"registrationId":2596996162,"currentRatchet":{"ephemeralKeyPair":{"pubKey":"BXk8mgQTfMB9Vzm7mbb4RFXW5JxDr2uNMtxVBOnuEPsu","privKey":"QKQrBCH7ofW/Nc/AW09N6dmObLmmtOr1Z/QJ16d253k="},"lastRemoteEphemeralKey":"BSf00QF1psTllUfUjpmYnr17Y9bXGc9Pc25gILXapbs2","previousCounter":0,"rootKey":"k6EqrUV5UKakTJ2nUok2QDsLIbksd9L5+Z4B+kx30zM="},"indexInfo":{"baseKey":"BUyynoAdEcX67FqkKNreOmaBUlYmifcPzxoIPkHjJWFl","baseKeyType":2,"closed":-1,"used":1686891134836,"created":1686891134836,"remoteIdentityKey":"BWWQZUO6Jgc1xyBIWI7itRe8S5So5otnhtu9CnossApO"},"_chains":{"BSf00QF1psTllUfUjpmYnr17Y9bXGc9Pc25gILXapbs2":{"chainKey":{"counter":164,"key":"zcoIjMxqYU8P3tfizES3OwlwnpkhDhrgNGFpbp1hZKo="},"chainType":2,"messageKeys":{"128":"NnUR2YGY6tW7m3D/Ln3QWx+O6qU2stCilSlOzzK/G9Y=","129":"514C0yMo+1L+XzCJ6/PglWcKps6/OAUvjzUgcH39SZ4=","130":"1qkI001fWHCGEwpe9woZ+8AtW32EnsibS9W5uKIZvpg=","158":"rNM9nTTcxCnVfiQzwL0jEe5EC1e0Ij9DZz7OvOmAjWM="}},"BXk8mgQTfMB9Vzm7mbb4RFXW5JxDr2uNMtxVBOnuEPsu":{"chainKey":{"counter":-1,"key":"T79aw1dlp4FL6Y/JxfJprmyGETF70IXgAFU4+cc4VSQ="},"chainType":1,"messageKeys":{}}}}},"version":"v1"}