{"_sessions":{"BQ+yklKmJfb14DJuEEQu6b0Wf6Nrh7Jz7e5CYsJ9bHxO":{"registrationId":1648562318,"currentRatchet":{"ephemeralKeyPair":{"pubKey":"BROtz0PyQVE/Cise8xNcM/zy7pZcDLgn7qs0FSjPJvhB","privKey":"UFGMN9QlTU/imyaEBwEQrgjQcH6eJOKAd/CbyHbn9nM="},"lastRemoteEphemeralKey":"BRnn33sDR3MGD6rMxe7NK68NHPGs7xV/CzSW742DkOkA","previousCounter":0,"rootKey":"vuJ1nSbyuWArIG5meEPoZcGXt2K7302nu2r/ksj+/vw="},"indexInfo":{"baseKey":"BQ+yklKmJfb14DJuEEQu6b0Wf6Nrh7Jz7e5CYsJ9bHxO","baseKeyType":2,"closed":-1,"used":1686888685865,"created":1686888685865,"remoteIdentityKey":"BUIyjtpbDjcfEyNSYHkUEoK13Cb6Un0k2wUTZ0I3gisi"},"_chains":{"BRnn33sDR3MGD6rMxe7NK68NHPGs7xV/CzSW742DkOkA":{"chainKey":{"counter":3,"key":"sH4uQGZWOjUx6i6fm5Fu2CWPFEsWBtTOiY6R3GQg6s0="},"chainType":2,"messageKeys":{}},"BROtz0PyQVE/Cise8xNcM/zy7pZcDLgn7qs0FSjPJvhB":{"chainKey":{"counter":-1,"key":"TFylGhenlXDhHmzQ1ZA9SZsTSTXaL2JJErUCh8t+OzU="},"chainType":1,"messageKeys":{}}}}},"version":"v1"}