{"_sessions":{"BYhf2x4AsH3hyjHvv5zyte+EWh7MKbRIR+T5fEMHJpVz":{"registrationId":53,"currentRatchet":{"ephemeralKeyPair":{"pubKey":"BcPXNsoadl9f/0I3SbbYjhyHGw8NE7wCcAgYity5JwBl","privKey":"oAEFxO+HIe7yNGtVPzz1dpNGAWB3EXELUIoSwboQ734="},"lastRemoteEphemeralKey":"BcHQ2WR2wQ9RVpbVB0+au4XOnmXHGaR9lkBZ998frj4z","previousCounter":0,"rootKey":"wnlR1QstdCKjmeEkyoCdhEcNlyHMswikw8HOXAbOGZU="},"indexInfo":{"baseKey":"BYhf2x4AsH3hyjHvv5zyte+EWh7MKbRIR+T5fEMHJpVz","baseKeyType":2,"closed":1687057079646,"used":1687056972317,"created":1687056972317,"remoteIdentityKey":"Bc5IYbUJx0G/z5vpwqt0F+ydOmvmkVJjGNMtwiMGzykW"},"_chains":{"BcHQ2WR2wQ9RVpbVB0+au4XOnmXHGaR9lkBZ998frj4z":{"chainKey":{"counter":12,"key":"VCoGS0nhk8Qe8xPEAfmfBck/ltwYchR2xdnOMYo0tSw="},"chainType":2,"messageKeys":{"0":"/k3uhobn6QFeWKL0Tu2KonICXbd7VW1yYDPLyD/Zg3Q="}},"BcPXNsoadl9f/0I3SbbYjhyHGw8NE7wCcAgYity5JwBl":{"chainKey":{"counter":-1,"key":"V/FydQZbvup3tgJBeHCqL6+XsSW46iBwBfhn600Iopg="},"chainType":1,"messageKeys":{}}}},"BchC8SgZwvsMhgmOjZceLt13BjGx7P/l0vIqPghhbbkA":{"registrationId":53,"currentRatchet":{"ephemeralKeyPair":{"pubKey":"BdYgMBvhWT+ZZo2yp6MNXE1YNIorqiNE8fkWtxFCWthH","privKey":"8NElAklgwZKZn7B1VoguLvoqa+rMhAyqs5CVaiBx7GI="},"lastRemoteEphemeralKey":"BWdFPUIBHQAshgbTSBHJZHlWgw26n9aclZsXLh7fPVVz","previousCounter":0,"rootKey":"f5QugJtnqbrtdh51Aknns7VB7/4ZHEUy87DMX3BGkXU="},"indexInfo":{"baseKey":"BchC8SgZwvsMhgmOjZceLt13BjGx7P/l0vIqPghhbbkA","baseKeyType":2,"closed":-1,"used":1687057079647,"created":1687057079647,"remoteIdentityKey":"Bc5IYbUJx0G/z5vpwqt0F+ydOmvmkVJjGNMtwiMGzykW"},"_chains":{"BWdFPUIBHQAshgbTSBHJZHlWgw26n9aclZsXLh7fPVVz":{"chainKey":{"counter":4,"key":"hq9Il1mkE7nOGgeTniG5j8ci20X0+ohQ3TfQ2u8pEtA="},"chainType":2,"messageKeys":{}},"BdYgMBvhWT+ZZo2yp6MNXE1YNIorqiNE8fkWtxFCWthH":{"chainKey":{"counter":-1,"key":"4EaBk1tNIDhJZmJyWpq7mHTHWwRntz+Pt/jaqRGUgfs="},"chainType":1,"messageKeys":{}}}}},"version":"v1"}