{"_sessions":{"Bb2Z9ISHZn24f79Rh8x0RJEsh7jYP+an0v6KQBt8EPxS":{"registrationId":1306431152,"currentRatchet":{"ephemeralKeyPair":{"pubKey":"BQ1Cw4W6RnHtU4XTUI+MAqpEfekrJ+Xoq458+C4NRIlz","privKey":"eNPGG1y8IlaiEbG1EQqIWUD8WQphlIzpC6o1+O4N0VY="},"lastRemoteEphemeralKey":"BWnWMwvau9/B15WJweNYgj/najdH410bgj7xbA71l1NB","previousCounter":0,"rootKey":"CgKGPo+pJ1548XWkhkBsaqkZVv/IhOkQ537q5Az/qeE="},"indexInfo":{"baseKey":"Bb2Z9ISHZn24f79Rh8x0RJEsh7jYP+an0v6KQBt8EPxS","baseKeyType":2,"closed":-1,"used":1686903510256,"created":1686903510256,"remoteIdentityKey":"BToOg0OkwW+xAyRiHbrAUBUDoTH8bynE9/GRbvpInA10"},"_chains":{"BWnWMwvau9/B15WJweNYgj/najdH410bgj7xbA71l1NB":{"chainKey":{"counter":0,"key":"4+dTTaSwAVJfoF9qNLT4aP4BGEJK4BVA4k8j+In/7So="},"chainType":2,"messageKeys":{}},"BQ1Cw4W6RnHtU4XTUI+MAqpEfekrJ+Xoq458+C4NRIlz":{"chainKey":{"counter":-1,"key":"H8HnqCVz9S2eLXOD7fgEMrUgqtv5uTQOK1VlSQ1nBqk="},"chainType":1,"messageKeys":{}}}}},"version":"v1"}