{"_sessions":{"BZvmOO1RTmsFB2GXVD3boy5znN2YNy90aFo4stPP4wBj":{"registrationId":1388401957,"currentRatchet":{"ephemeralKeyPair":{"pubKey":"BVumxz1GbVLRF6o8rw35XPPKNwHHOKN4MMidICikg4JT","privKey":"mHO+1zF0ai1QE5v574fcWC+XLYVHx902kxyWhhf2l08="},"lastRemoteEphemeralKey":"BeVfyFsPvQjRd8jPgVasB2oZNUwvVdZdYzWhz0fMaBZ3","previousCounter":0,"rootKey":"rUSKHMcQCStKlUVLrt+Pp/E8ibYoriTPZD+7h3TstfI="},"indexInfo":{"baseKey":"BZvmOO1RTmsFB2GXVD3boy5znN2YNy90aFo4stPP4wBj","baseKeyType":2,"closed":-1,"used":1686874661909,"created":1686874661909,"remoteIdentityKey":"BbPJvqlFdNsYLmJXZd778SlKn/HrYJokfEZXBHqE5Qde"},"_chains":{"BeVfyFsPvQjRd8jPgVasB2oZNUwvVdZdYzWhz0fMaBZ3":{"chainKey":{"counter":0,"key":"b2TcmRMFKcpxSG7Fx4Hw4ApQX8rabR5RN8M6yPg80+A="},"chainType":2,"messageKeys":{}},"BVumxz1GbVLRF6o8rw35XPPKNwHHOKN4MMidICikg4JT":{"chainKey":{"counter":-1,"key":"Ph1JGGoe02KodTIrguojjHjf93/E0LUnOigvRQJNVQg="},"chainType":1,"messageKeys":{}}}}},"version":"v1"}