{"_sessions":{"BY2cqMA01IeaTEAz2zKjAODjqqhEduwy3qhnvbj7aCMg":{"registrationId":91473342,"currentRatchet":{"ephemeralKeyPair":{"pubKey":"BXyzjGdroxczx5c8hWrsh9AOTnVgNV0jGV1GABTja1hI","privKey":"uMcicb9P3xysPWq2rMmkaDfS/OOzEDRwY46I9ZSS920="},"lastRemoteEphemeralKey":"BT6kpgIagAz0v1Xl5yYearNlwehMEsQBf0HGpvNV2ygC","previousCounter":0,"rootKey":"WxkfP66yanOMy5TqPJdWOsaQLpGA2aUl+xds6/+xdgI="},"indexInfo":{"baseKey":"BY2cqMA01IeaTEAz2zKjAODjqqhEduwy3qhnvbj7aCMg","baseKeyType":2,"closed":-1,"used":1686957127423,"created":1686957127423,"remoteIdentityKey":"Be/ygVndWL5qDOPoXj4PlyE9n320z+aVe5+Rs7ZcR9tE"},"_chains":{"BT6kpgIagAz0v1Xl5yYearNlwehMEsQBf0HGpvNV2ygC":{"chainKey":{"counter":0,"key":"eZtZ7QFFCmQ1qgZkUEj6zb+sV2kk5ajKaHKVGUtqBeM="},"chainType":2,"messageKeys":{}},"BXyzjGdroxczx5c8hWrsh9AOTnVgNV0jGV1GABTja1hI":{"chainKey":{"counter":-1,"key":"oUcc4NJcKNqeAHeWFSK+kxvNwHodSSBkHLHvj0EKjsE="},"chainType":1,"messageKeys":{}}}}},"version":"v1"}