{"_sessions":{"BWzsSjzijlHKefiS2xyJHGQ0zJqwXwNeW9l7SXu0bdQz":{"registrationId":1133060492,"currentRatchet":{"ephemeralKeyPair":{"pubKey":"BXE8607V+pCu1COycmvh/LXqbTKv542PDpQMd4gjSHgT","privKey":"eMggUokL9MLxfd5xvPgPB0NZw9Li2abepsECnwnBpGU="},"lastRemoteEphemeralKey":"BcXVep+V3PEYPHtz/Eh2NSxZsqvuASxezVe2V85OL/wj","previousCounter":0,"rootKey":"HxzyLDHyN1A1G/coJVvqO8S366LqGcLQfgivXHKv2w0="},"indexInfo":{"baseKey":"BWzsSjzijlHKefiS2xyJHGQ0zJqwXwNeW9l7SXu0bdQz","baseKeyType":2,"closed":-1,"used":1686903846968,"created":1686903846968,"remoteIdentityKey":"BcZeGgaWdH703zQhLjHHY/+Xss5HPXHnDIWk6U0OhMk1"},"_chains":{"BcXVep+V3PEYPHtz/Eh2NSxZsqvuASxezVe2V85OL/wj":{"chainKey":{"counter":3,"key":"oftjY2S4gjltZzMN9oiU0SrXoPsHO6s0geTrB+qb6KQ="},"chainType":2,"messageKeys":{}},"BXE8607V+pCu1COycmvh/LXqbTKv542PDpQMd4gjSHgT":{"chainKey":{"counter":-1,"key":"TUbHSEqkZcWaQRA015lx6nqMvh5q7HCu94c47f3MDQY="},"chainType":1,"messageKeys":{}}}}},"version":"v1"}