{"_sessions":{"BQWp9wFtyrhJDZ7BnbJKxloKzuawKi0PAhtb8z9DHMBi":{"registrationId":1689258720,"currentRatchet":{"ephemeralKeyPair":{"pubKey":"BQ4p0m4sBTGqVJl+WWFtSTYBEvsLbK1esWUTxaJeBPdv","privKey":"0MUKYe+rZ6WFK4NcSXHNzv8HahHN3YtZQZmZ5VtxxEg="},"lastRemoteEphemeralKey":"BVIVjfVbYXB2sNa3RuEUFpC+CzwTf5igZD0QXgcfa58V","previousCounter":0,"rootKey":"x2EqmVov1qIznWOitZdhezP0WJSqCmb7nqTx1XoCoV4="},"indexInfo":{"baseKey":"BQWp9wFtyrhJDZ7BnbJKxloKzuawKi0PAhtb8z9DHMBi","baseKeyType":2,"closed":-1,"used":1686881200926,"created":1686881200926,"remoteIdentityKey":"BZSJoM+JCXERWua1vX7n3UoTssgeONVOmpOsZuzPYb1t"},"_chains":{"BVIVjfVbYXB2sNa3RuEUFpC+CzwTf5igZD0QXgcfa58V":{"chainKey":{"counter":1,"key":"eArriyIf1UaIyazjIlLRrtulxs053R6AL0LUK6aajos="},"chainType":2,"messageKeys":{}},"BQ4p0m4sBTGqVJl+WWFtSTYBEvsLbK1esWUTxaJeBPdv":{"chainKey":{"counter":-1,"key":"B/RIj8jPgZSFVOL08T2Gs9RLieo+SZNUMeLHhYcp1G0="},"chainType":1,"messageKeys":{}}}}},"version":"v1"}