{"_sessions":{"BYRH1tQZfasRsIMl/NlDP6YystsyfyPKKSzYThuTc74t":{"registrationId":1152406199,"currentRatchet":{"ephemeralKeyPair":{"pubKey":"BXbqOeuR+5mcBldIHhdPpUsKjVvPmNKBGvu7I+mfESZ5","privKey":"0N126kBd1PxmOEygeDb1g+RBaDaZfMW9eF3bmUSEIFA="},"lastRemoteEphemeralKey":"BQKo6vEirprGEfjQCD75sAndp1hL3qAIz7Z1m/J66M1H","previousCounter":0,"rootKey":"kvfg1uRmjEtJD0/FhsMUMRcUnpyka4Vm4RVvep3kF8Q="},"indexInfo":{"baseKey":"BYRH1tQZfasRsIMl/NlDP6YystsyfyPKKSzYThuTc74t","baseKeyType":2,"closed":-1,"used":1686837716746,"created":1686837716746,"remoteIdentityKey":"BZQ9O6JSyuJU/Bnfd43jUkJJX22ro/LYM2Yey3CZ85Uw"},"_chains":{"BQKo6vEirprGEfjQCD75sAndp1hL3qAIz7Z1m/J66M1H":{"chainKey":{"counter":0,"key":"T7MwI3aFVJT/80ZMQX7Mm5w7iez228xwZpQK8/lX9/k="},"chainType":2,"messageKeys":{}},"BXbqOeuR+5mcBldIHhdPpUsKjVvPmNKBGvu7I+mfESZ5":{"chainKey":{"counter":-1,"key":"Jxe6nWWiMOsBfIakDqZWszHYlqm0Seb+7esi5VEureg="},"chainType":1,"messageKeys":{}}}}},"version":"v1"}