{"_sessions":{"Bbk8fnPfk5yhua4GrcYauIA5oiH1MLCXdUGh1tWOfyQA":{"registrationId":1802085446,"currentRatchet":{"ephemeralKeyPair":{"pubKey":"BVXrJGZESlyUtMRoV9/f3g9wJp1jbtlhS/YsYAQXmfE4","privKey":"OM01NkHz/PGHCKio7ClxGNop3M2S2A/YwwLixxz8vWE="},"lastRemoteEphemeralKey":"BcjeNtgJxKCQOKkiozxwQlJU9c1YdTZvfLX/GVAcW4ku","previousCounter":0,"rootKey":"9br+ywUmW7Kcj1nzmdwnhgYCKDsz3aXghkaMpxceoZw="},"indexInfo":{"baseKey":"Bbk8fnPfk5yhua4GrcYauIA5oiH1MLCXdUGh1tWOfyQA","baseKeyType":2,"closed":-1,"used":1687005585117,"created":1687005585117,"remoteIdentityKey":"BdDkCSSNGzzgOw0DFql2N9MdUgU9z8Em0/JCbccwE1B/"},"_chains":{"BcjeNtgJxKCQOKkiozxwQlJU9c1YdTZvfLX/GVAcW4ku":{"chainKey":{"counter":2,"key":"RuGni94gLb98Vpw9S0j2bNmHD8FyrOaFfPBLo/AWGbM="},"chainType":2,"messageKeys":{}},"BVXrJGZESlyUtMRoV9/f3g9wJp1jbtlhS/YsYAQXmfE4":{"chainKey":{"counter":-1,"key":"lqrTOy0MRT13iFkKsz3yG1pnGVNly/eUDkutfbnO4BY="},"chainType":1,"messageKeys":{}}}}},"version":"v1"}