{"_sessions":{"Bf7qeSAHjMG+XY2X75e9yZ5N7fmZl7v/NMddBAWVy6pJ":{"registrationId":1820399946,"currentRatchet":{"ephemeralKeyPair":{"pubKey":"BVFH/f//dB3AUg00sDp5gpdHMl6dWiZNaVxsOId2FsUP","privKey":"iO4oNJafQ5ot370f74ACA2motJp9W7lDxIiZPA8UqG8="},"lastRemoteEphemeralKey":"BZL/i1KN8Hzhj6aj1kiPMkqbs6TaD7IssccdJtAUgbwv","previousCounter":0,"rootKey":"5xbyBwWezXU0QZUsd+w9tz63oTZZxJOc7zD06svaERI="},"indexInfo":{"baseKey":"Bf7qeSAHjMG+XY2X75e9yZ5N7fmZl7v/NMddBAWVy6pJ","baseKeyType":2,"closed":-1,"used":1686887540300,"created":1686887540300,"remoteIdentityKey":"BUJJojEIYv+tMBuPLznyvc7mXlNhSdMHZPNNE6ua3LJB"},"_chains":{"BZL/i1KN8Hzhj6aj1kiPMkqbs6TaD7IssccdJtAUgbwv":{"chainKey":{"counter":1,"key":"pAAlxZENEHZYtUC5Z44Zv6fncBgiFihQUTDS1BNBv/o="},"chainType":2,"messageKeys":{}},"BVFH/f//dB3AUg00sDp5gpdHMl6dWiZNaVxsOId2FsUP":{"chainKey":{"counter":-1,"key":"tvsw+gc8ntUUFD/Hsa8kA/XmADtqwVuRxdLZ6zVTBQ8="},"chainType":1,"messageKeys":{}}}}},"version":"v1"}