{"_sessions":{"BQBOC9g7YXoaRsd6erka4E8WqlOauW1nb0E6oTZN5gon":{"registrationId":1571410591,"currentRatchet":{"ephemeralKeyPair":{"pubKey":"BQCvWREbBWrI71xgrklIGiYt8SGQe9WMUBXPMp8XagVA","privKey":"QCOTaGuCBWJKff/YFCqysg8bD2yBcy4ukvEi/iDpsXU="},"lastRemoteEphemeralKey":"BZueK6gEsquXGjnI1fStB9kq/ngb6f2VhLFGiMbWwtlb","previousCounter":0,"rootKey":"KCJfXxzX8BRXza0yhmZbbx5YaeOtis8uMW7iWIUueic="},"indexInfo":{"baseKey":"BQBOC9g7YXoaRsd6erka4E8WqlOauW1nb0E6oTZN5gon","baseKeyType":2,"closed":-1,"used":1686909973296,"created":1686909973296,"remoteIdentityKey":"BSFPhk67po+uirZ22VpgDNwHQk/GR/WpzsMKzmtRHud8"},"_chains":{"BZueK6gEsquXGjnI1fStB9kq/ngb6f2VhLFGiMbWwtlb":{"chainKey":{"counter":0,"key":"NbaTuZVi5DE8Yo0O9jCA9QuHATFp3zvUxjNbbQtqAKo="},"chainType":2,"messageKeys":{}},"BQCvWREbBWrI71xgrklIGiYt8SGQe9WMUBXPMp8XagVA":{"chainKey":{"counter":-1,"key":"8i7roadz4s9ttKYkdWp6t1GQQ/Dj3kRkEfyuuqvBKbM="},"chainType":1,"messageKeys":{}}}}},"version":"v1"}