{"_sessions":{"BRPIx7b2hx2DR75pSa2Xpe9VNUgmQqRX9zVhf7/mAjMm":{"registrationId":2094571315,"currentRatchet":{"ephemeralKeyPair":{"pubKey":"BbuzsPu+DTBE+dBTj1b0W2eSKyh9iQqU7MwHmE8yJtV4","privKey":"cBApajODio9TM6cxHRvMuFWsJM/PQEU6KXWJLwHVQ3M="},"lastRemoteEphemeralKey":"BQVlQ0V7Ud6t73hqeJK0YPwmB95AZq+NOrCDlLQHqg11","previousCounter":0,"rootKey":"er8Lt+uOSufUoxN1BHyYntwP9gNe4ysgjDYzSZPhocc="},"indexInfo":{"baseKey":"BRPIx7b2hx2DR75pSa2Xpe9VNUgmQqRX9zVhf7/mAjMm","baseKeyType":2,"closed":-1,"used":1686837647190,"created":1686837647190,"remoteIdentityKey":"BU8oKvJ5/PMCCvfF6RlSSmHlocMycSeBU1xt8cX7c+Ii"},"_chains":{"BQVlQ0V7Ud6t73hqeJK0YPwmB95AZq+NOrCDlLQHqg11":{"chainKey":{"counter":0,"key":"KQr6f+KPpecM90fCey0HhO+55Bdagc3gfSgn/fU4Rxg="},"chainType":2,"messageKeys":{}},"BbuzsPu+DTBE+dBTj1b0W2eSKyh9iQqU7MwHmE8yJtV4":{"chainKey":{"counter":-1,"key":"fARL49ZdbMBWI273L+CuQ/n9RVlHBwaG7baNSThS2aY="},"chainType":1,"messageKeys":{}}}}},"version":"v1"}