{"_sessions":{"BTw7EC560WEIjjHK3Vp2qky9m7qSx5aO95enSl3XwGAb":{"registrationId":1364239813,"currentRatchet":{"ephemeralKeyPair":{"pubKey":"BSnOzamc47dru3x0uZDnYIccEGLYiGL6dERXYKk3PWEC","privKey":"kIm10RzGCrJylLN0HFuaaOps8pqIFidddsroa/s00H4="},"lastRemoteEphemeralKey":"Be5KjGtfLL/5ITPKUU3sUFWT8NsNOHjGQs1XwOMNxrFA","previousCounter":0,"rootKey":"OhHfsNaZpJOJGoWysMc1MDf9MceVJvNjl8o/FlFbFMU="},"indexInfo":{"baseKey":"BTw7EC560WEIjjHK3Vp2qky9m7qSx5aO95enSl3XwGAb","baseKeyType":2,"closed":-1,"used":1686837517844,"created":1686837517844,"remoteIdentityKey":"BQUzn3v3ASeakRqhfHKym4bEjaWZxI7sCXvZqpe3FiE1"},"_chains":{"Be5KjGtfLL/5ITPKUU3sUFWT8NsNOHjGQs1XwOMNxrFA":{"chainKey":{"counter":6,"key":"r5mD5iNCXS/zeHSPKVnL6zJ1O1CM/s4pZtfB9XlUtxE="},"chainType":2,"messageKeys":{}},"BSnOzamc47dru3x0uZDnYIccEGLYiGL6dERXYKk3PWEC":{"chainKey":{"counter":-1,"key":"O9hwHmkeT2awxuBu13KXt3gQHIfQEQJwoFWr0UleUFU="},"chainType":1,"messageKeys":{}}}}},"version":"v1"}