{"_sessions":{"BXL+MbfsFY+4dazfCCJwmIgNv631pg97dAcRmjlW/nd8":{"registrationId":1282317920,"currentRatchet":{"ephemeralKeyPair":{"pubKey":"Be3eJzV/GMCaOUis0sqw2w510XPaykMjvxcYKS3hWupR","privKey":"oMKjFnT1XRrfamrgkFLr93KMY80i6CYaDA31u6XPYF8="},"lastRemoteEphemeralKey":"BfYlaF0I7csyH5lFTXUxcFTJBURbrtj7TQCizVT4jrQu","previousCounter":0,"rootKey":"GqNk4RJ1zbfFkm4Tas4XcGvPpndPeLcDs3qJKe9o7Kw="},"indexInfo":{"baseKey":"BXL+MbfsFY+4dazfCCJwmIgNv631pg97dAcRmjlW/nd8","baseKeyType":2,"closed":-1,"used":1686837463271,"created":1686837463271,"remoteIdentityKey":"BdfIwzIe16MSXWBAzY+WIPGbwv3GHlB965zm6yl0y70+"},"_chains":{"BfYlaF0I7csyH5lFTXUxcFTJBURbrtj7TQCizVT4jrQu":{"chainKey":{"counter":219,"key":"zcqqKGxwlyQ9HZAxKqjQ924CmVMlfyawu5VakfNE5Yc="},"chainType":2,"messageKeys":{"209":"xl+CfghIl4KRiUZH77YYXxgLFfnvuhJ+CgmXO4QXOlM="}},"Be3eJzV/GMCaOUis0sqw2w510XPaykMjvxcYKS3hWupR":{"chainKey":{"counter":-1,"key":"IyAmmsq2uGxyHq96kQFYK5MKiNTEKZ0CtCtK8d2r5Co="},"chainType":1,"messageKeys":{}}}}},"version":"v1"}