{"_sessions":{"Bcwawhxcw6p/DJQMjEj2mrHNdwMY1/KDBY0CLXJ/ymM0":{"registrationId":1061963691,"currentRatchet":{"ephemeralKeyPair":{"pubKey":"BZjtM/DSNfA0iSWWCa7EMmBw+2yXlGNSzZAAA+lnBKFr","privKey":"2NbrSYPAh0Lkr05GLA/f75+kNVQNLPe4/rExba2B+lo="},"lastRemoteEphemeralKey":"BToXfWjFGOiVCoN0RwJliwZACTUYti0ixmgaE9/QLRF6","previousCounter":0,"rootKey":"x7PIo2KRznZ+lhLAlHF/kmfUuG7B0aZWId80RXs9s30="},"indexInfo":{"baseKey":"Bcwawhxcw6p/DJQMjEj2mrHNdwMY1/KDBY0CLXJ/ymM0","baseKeyType":2,"closed":-1,"used":1686915893448,"created":1686915893448,"remoteIdentityKey":"BUlmdjnL4kqgxE9ry5ZO0e1FTkJZS/KyOmlTaI5GdD00"},"_chains":{"BToXfWjFGOiVCoN0RwJliwZACTUYti0ixmgaE9/QLRF6":{"chainKey":{"counter":7,"key":"cjNngAqvI69zArS3TBgISgZ2MZIfgf5VyqnTvwznO9c="},"chainType":2,"messageKeys":{}},"BZjtM/DSNfA0iSWWCa7EMmBw+2yXlGNSzZAAA+lnBKFr":{"chainKey":{"counter":-1,"key":"dRJPHTUBH9jRD03intWZ1mexPRpDGH5r+fDxKVXI6RI="},"chainType":1,"messageKeys":{}}}}},"version":"v1"}