{"_sessions":{"BbR6OZS8i1r8lq1tu/jIhEG+lYiaimhw8/+RvYukdxZ9":{"registrationId":751856465,"currentRatchet":{"ephemeralKeyPair":{"pubKey":"BecfBanMXcGBhbsYbtg5yeFvgX9TbrxcJ2DVVss44rUk","privKey":"aKeJ7q543Yrqd3/0DzMOEAk9QO25tIMom1dWRHLHg34="},"lastRemoteEphemeralKey":"BchvOYd/U9ChIr8ZcXEIE3QRmj4GPhg2lubMg9gDLyZw","previousCounter":0,"rootKey":"vtFB0C2RPuTSvfrfy56lsEdTfo/GWKrF6+mwAW6109U="},"indexInfo":{"baseKey":"BbR6OZS8i1r8lq1tu/jIhEG+lYiaimhw8/+RvYukdxZ9","baseKeyType":2,"closed":-1,"used":1686998556199,"created":1686998556199,"remoteIdentityKey":"Bb0RJcIyL0cY/sVkcpwvlm+v6dNW3SWuxX7f+QI2w0k0"},"_chains":{"BchvOYd/U9ChIr8ZcXEIE3QRmj4GPhg2lubMg9gDLyZw":{"chainKey":{"counter":28,"key":"LNMz3kNzxbQ0ozro+Cer0XHj7dA5Nq39fhp1BUK0pGo="},"chainType":2,"messageKeys":{"0":"E5YVAaodkTd+Cjr80SGL0FGa/6Y21idCcMgM9CK5Onc=","1":"VICn224z55UfUUWXI5aTvPVgUQsSNTdxFnurzRcJJL8=","2":"J3UkeFZ8tBohAvrh3rSgNOq72smXkihJk3AGQ8w+6Iw=","3":"WiFhdPAPDsO/FJwpRv8W7+JiHbvsURaYU54OrWTzx60=","4":"jjQOQJBuWlOv9MtNEchUw6jgRdVwUmlKR8KwEjFfmzU=","5":"bHCtraw00boRfSAuLyXTqDVqoDLYhQKXW/dUV/O5dmo=","6":"Gv2sh+fNDFGMDBuru1RyAUY6fJ7ahsiywEo07+hWcKw=","7":"MxCVqMLrXiTnNlKdxt6Bwb88NHbTsJxnf8bFWceMafY=","8":"t78+Rdt5avPKWubM8DhTGsNeTXVt9vKdxzqqLgV5ysE=","9":"4QB9kQJzoQYdVfI1F3XkyzBGWVzoHph74A8Dy9eHt1w=","10":"Gp/Z9UwFkLIgakf6I3GNtK+Yp76EDjjEk974rHsb+rI=","11":"dbGgXo6cgXNQbSdOsVFfA+RnxT/Z620FqKazHGk7L38=","12":"OWUrxZ/ozaKa1+bKcCnweMKaviscU1pm3d3c3X7I0Zk=","13":"Iu6l3dpqJxzqGp0geRAIOUEsQKbb5Q2U5nr/p5MyD+Q=","14":"FQz4Zs80dmD1zcgqWzyucPTmKSAgHxGHxy/gybBbO2Q=","15":"AP3Gsyal1WVWhXJ4GWZcfT9EvenscGzLiKR6rRIZAPg=","16":"BFfkH2goGeYyS3uEFeYArAeFI7yPiJkbuwbH+Xvj6y4=","17":"rLBvSq6bJZ8JKRLi/s/zaG4ydxZJsvwmtHkRZxhA5PI=","18":"WVlAMLfyn4s2p8act3UP6XHXxjno1z7cVUkz3Wc6xCQ=","19":"dUrpCX8Cnkxs7Ie760ABGVC9vIMrhTLDXmklS/T6UxI=","20":"Ktru/fEBQVZUzkoak1TlBzIaNJc7sdPl1lMci7GaoKo=","21":"wt4nBsUde5bH4oEWYyeJDLk6GDFkHzkC4WwEAShW2vE=","22":"laCOth03pZv+a2dVMyAIKGd4OA2voTwyiWb1Y2+lr6o=","23":"2FlHFSvMlD0LlQ9UsBGN8lKJYLR1G/v+FC08KlR8CHI=","24":"1d4VI2tiB/xj3j1nMWBEhnFlmD9mTyA8jGmaMSnLIvE=","25":"mV8JR6tJkCx/rbf9zSy4mkdnPVOefsEYd4mVkyC3RFI="}},"BecfBanMXcGBhbsYbtg5yeFvgX9TbrxcJ2DVVss44rUk":{"chainKey":{"counter":-1,"key":"2ZsGSaZDwgoTwUqkxfdzIpBC5s8jqwFAqQko3ql2Vzw="},"chainType":1,"messageKeys":{}}}}},"version":"v1"}