{"_sessions":{"BdjBHjTDNtYL9zirEHYlx1D4eIn8PQcF+YncegVCICN1":{"registrationId":671607491,"currentRatchet":{"ephemeralKeyPair":{"pubKey":"BWKc4Tudaaf0MMIY9Z93VAFZl97ufK9T/shCMNGUE3AO","privKey":"mJEEmt/gX9oT3JWhRrMQ1Hy20K9f7ihNjIOTW7OarGI="},"lastRemoteEphemeralKey":"BQX3fTeSjLpSH/Ic7Fy/yKFWyn2Xbgy2eJY5hOufOMQJ","previousCounter":0,"rootKey":"03UT1TcL0/OGaGfiGvkp7KIo3rRuUnrRvJPRjoj1xWQ="},"indexInfo":{"baseKey":"BdjBHjTDNtYL9zirEHYlx1D4eIn8PQcF+YncegVCICN1","baseKeyType":2,"closed":-1,"used":1686920190169,"created":1686920190169,"remoteIdentityKey":"BRATH6Ni0aneLL7Cx2Salcfvl/YzwfZWKIvJJvxj/gc6"},"_chains":{"BQX3fTeSjLpSH/Ic7Fy/yKFWyn2Xbgy2eJY5hOufOMQJ":{"chainKey":{"counter":0,"key":"PpMIlnASszodGptUwUrcUGRDm7P23l9vVZZ4hrV7YdU="},"chainType":2,"messageKeys":{}},"BWKc4Tudaaf0MMIY9Z93VAFZl97ufK9T/shCMNGUE3AO":{"chainKey":{"counter":-1,"key":"0DJehZy9bL5TN0olkHiY/ZB//0BrcKFYoRcLLdiimjI="},"chainType":1,"messageKeys":{}}}}},"version":"v1"}