{"_sessions":{"BQ72Af2ZAuKbByYaUfA/s6in91kP1ostLo6E7/tBliYE":{"registrationId":704604809,"currentRatchet":{"ephemeralKeyPair":{"pubKey":"BRUODa9RKVK4DdghHG74tQetrjZjPRHWQjGoIwwwb6gS","privKey":"oOcGDnIxYVli47aJcAmOk3JtxfeRJ1ZWdu40McLew2g="},"lastRemoteEphemeralKey":"BUk9d0+dlbOIygxbnAzanL3QbJ1FHXf8uOLwUB2FvkE8","previousCounter":0,"rootKey":"w6pfXwyneOHIRwzF8Xh4axsFyT707JgCjOS2f6UP+0o="},"indexInfo":{"baseKey":"BQ72Af2ZAuKbByYaUfA/s6in91kP1ostLo6E7/tBliYE","baseKeyType":2,"closed":-1,"used":1686962066285,"created":1686962066285,"remoteIdentityKey":"BbeJubPPEUIh//fXbj3krGsShptiw25Pe8DK+qXLEdts"},"_chains":{"BUk9d0+dlbOIygxbnAzanL3QbJ1FHXf8uOLwUB2FvkE8":{"chainKey":{"counter":1,"key":"3/XUWn5mNttESt1p/3wK47LjG4/E+ldiuydkHO54/Mo="},"chainType":2,"messageKeys":{}},"BRUODa9RKVK4DdghHG74tQetrjZjPRHWQjGoIwwwb6gS":{"chainKey":{"counter":-1,"key":"bvcmg+g+BfFFtVRxnQKmNYMpgB0WQKVyiehO5e0Iyec="},"chainType":1,"messageKeys":{}}}}},"version":"v1"}