{"_sessions":{"BUb2KGuz4e7TxhwcMKk/ze55QAHWxrMw5G5/6CsnxQAv":{"registrationId":899435307,"currentRatchet":{"ephemeralKeyPair":{"pubKey":"Ba6OKvUPvTgmd5qH8cMtaXiQmOY3LLwIzIwn8/xVI1xa","privKey":"uNl156yazSmrjFLzaBt8zXn76VZKNzg221HnrL1Eh28="},"lastRemoteEphemeralKey":"BdKkF3MqF7bB5Jxg3C4Ral7yviOdc2pkmq4yNKtJUphv","previousCounter":0,"rootKey":"1Nmd8bli3SV9l97TUOWhbYztQji5ARPy6ikJMih3P28="},"indexInfo":{"baseKey":"BUb2KGuz4e7TxhwcMKk/ze55QAHWxrMw5G5/6CsnxQAv","baseKeyType":2,"closed":-1,"used":1686911382514,"created":1686911382514,"remoteIdentityKey":"Bf/E3zT1bbVMiWuTJYlJoXWpMv/M8Qn70l4zSf4/RaQF"},"_chains":{"BdKkF3MqF7bB5Jxg3C4Ral7yviOdc2pkmq4yNKtJUphv":{"chainKey":{"counter":2,"key":"/7/HD6J0x7V7bSuRzNIgecTUhu0BNB7ihPo3qwITgPQ="},"chainType":2,"messageKeys":{}},"Ba6OKvUPvTgmd5qH8cMtaXiQmOY3LLwIzIwn8/xVI1xa":{"chainKey":{"counter":-1,"key":"Ym1PHrvI5huoZhzvaeslkg9zozk9JJVg7dZsGlXSBpA="},"chainType":1,"messageKeys":{}}}}},"version":"v1"}