{"_sessions":{"BcdpsDg2f9cT/q7T1AqRKHBqQBHhDqzs8VmDBriM8pFW":{"registrationId":246314320,"currentRatchet":{"ephemeralKeyPair":{"pubKey":"BbtqlQcWl9Fwas/43zLa6rbZUEe3dW96EGubVrmfCsBE","privKey":"CETEpuKWRW4SNJ/iQKQxst892UOis3Zues2HAEIbIEc="},"lastRemoteEphemeralKey":"BcVJ3sXARYmPcfCIBkecjlSw7UW5r+GqqN0PB7i3Xwh4","previousCounter":0,"rootKey":"KR4YXXMZFcrWByPOOuw7r9cSDDFxtHFgCWgfa3blSI4="},"indexInfo":{"baseKey":"BcdpsDg2f9cT/q7T1AqRKHBqQBHhDqzs8VmDBriM8pFW","baseKeyType":2,"closed":-1,"used":1686887730039,"created":1686887730039,"remoteIdentityKey":"BaBrIVDfHqK2IhCiftlspgYWAEQrbRI3XN12fV9IxkoA"},"_chains":{"BcVJ3sXARYmPcfCIBkecjlSw7UW5r+GqqN0PB7i3Xwh4":{"chainKey":{"counter":4,"key":"zDFOVNLbM8AdMjiITdyIxyvKDQB42ue9faHHmzDSNZc="},"chainType":2,"messageKeys":{}},"BbtqlQcWl9Fwas/43zLa6rbZUEe3dW96EGubVrmfCsBE":{"chainKey":{"counter":-1,"key":"XqOU/lMqJ0V3gcJWQbQZe9YH/SsPJM3Czi/Z3b+5R4Q="},"chainType":1,"messageKeys":{}}}}},"version":"v1"}