{"_sessions":{"BRJIvLpVX6EqO2zvuWL2yORNSNA3NmA6X4qCOk85l28N":{"registrationId":1649766902,"currentRatchet":{"ephemeralKeyPair":{"pubKey":"Bct/r+sWL/n5SXzUcEM8sjKCW6TaVivK12nipMdOYH4I","privKey":"CHL82KLubpcy78oLVFU2l68xYz3Eo+TXuxerLF6GOmY="},"lastRemoteEphemeralKey":"BeW1K69Gt+qKuLqrQu9U+72CGNVplUTDNO1SUbfBduxi","previousCounter":0,"rootKey":"j9MD3BcK25TyfeWTdboe09QP3NREVe7j3yoTz622FW0="},"indexInfo":{"baseKey":"BRJIvLpVX6EqO2zvuWL2yORNSNA3NmA6X4qCOk85l28N","baseKeyType":2,"closed":-1,"used":1686900650114,"created":1686900650114,"remoteIdentityKey":"BY2vTovzveJqwsehqxU0+vwcg9Rz9LBIblpFZVK824YO"},"_chains":{"BeW1K69Gt+qKuLqrQu9U+72CGNVplUTDNO1SUbfBduxi":{"chainKey":{"counter":4,"key":"Z3eRN36ZYR0HXB5PtF6MsyBbUt+gmWHoJdT3Ci3QhDU="},"chainType":2,"messageKeys":{"0":"Bsi/9E6saCtBCToXHI5EYOwLFq85H7Fo7q6g7ZK+DTw=","1":"mf3vRnuIf7mjhu5O9LKkPYOcayRuloXAG2iVfh19710="}},"Bct/r+sWL/n5SXzUcEM8sjKCW6TaVivK12nipMdOYH4I":{"chainKey":{"counter":-1,"key":"npuQl1kmGg0ClHcMo1NSjI8NSTDKV/0ts1TCzT1zK78="},"chainType":1,"messageKeys":{}}}}},"version":"v1"}