{"_sessions":{"BZd+eIB6SxxpfhKGUuhJeX/WuhkvbJxpiFMZNLDKWeVA":{"registrationId":165547405,"currentRatchet":{"ephemeralKeyPair":{"pubKey":"BdTCIjgWNgMZDGBFulhBnIqUrqV7ApiWfDKAa7g80WIm","privKey":"SN/ujLA9I2Kt5alfxqka2Il9j6zNyYoZKXzJ0+ISSnY="},"lastRemoteEphemeralKey":"BYbLrGjKSgfLE7yPga6e0YVb/hon8pU0K8+wOp68CVwj","previousCounter":0,"rootKey":"Ap+nFmbtfdgmmmAVSPmolopdS6Ns1fHXHFhS5UTrbc0="},"indexInfo":{"baseKey":"BZd+eIB6SxxpfhKGUuhJeX/WuhkvbJxpiFMZNLDKWeVA","baseKeyType":2,"closed":1686995123104,"used":1686846773161,"created":1686846773161,"remoteIdentityKey":"BZxoYi0nLM8AXrEaWvmWgYSR07ayPW6wpA0P06HySzta"},"_chains":{"BYbLrGjKSgfLE7yPga6e0YVb/hon8pU0K8+wOp68CVwj":{"chainKey":{"counter":6,"key":"l2v0O12LZK203N0UVciHFwgaqYvRzrD1WvZWgMZUCks="},"chainType":2,"messageKeys":{}},"BdTCIjgWNgMZDGBFulhBnIqUrqV7ApiWfDKAa7g80WIm":{"chainKey":{"counter":-1,"key":"KlcfOMdfObAYoKhSyBW84nPNnxoB5CzrnOiiLH45jYU="},"chainType":1,"messageKeys":{}}}},"BSXdrntvG2g8tEj9lUhdmtrr91Tk4WopTpz6Vqhr2kVt":{"registrationId":1706654236,"currentRatchet":{"ephemeralKeyPair":{"pubKey":"BcwmounXCHJlTMMKpTOVaAAxeHnP3AK7hpYcwrNXmQ5w","privKey":"KGiHSltFYiLUFWzQrXHFF5xRFUiQ89nerFmxD0i3GFs="},"lastRemoteEphemeralKey":"Bc/gH7AOjvzEWrp8r24X+dBd6ja+Xv72GS5IjXmerEQK","previousCounter":0,"rootKey":"HyWXeRwQxqhK7CcqZMvnc+e/UcRUwDeY9uO3AgLrob4="},"indexInfo":{"baseKey":"BSXdrntvG2g8tEj9lUhdmtrr91Tk4WopTpz6Vqhr2kVt","baseKeyType":2,"closed":-1,"used":1686995123108,"created":1686995123108,"remoteIdentityKey":"BWPe0iaGAtOAW6YaT3S4anoMOyeD7KNpNfWfEiaL6Wli"},"_chains":{"Bc/gH7AOjvzEWrp8r24X+dBd6ja+Xv72GS5IjXmerEQK":{"chainKey":{"counter":4,"key":"dsZBcJWK1TTS8Ugil5qUvKlL11Z+xpD/dkuLUeTDHAQ="},"chainType":2,"messageKeys":{}},"BcwmounXCHJlTMMKpTOVaAAxeHnP3AK7hpYcwrNXmQ5w":{"chainKey":{"counter":-1,"key":"D5guO8yp3JA4TecmnTk+kswwu/41BQTr711PhO+0Q3A="},"chainType":1,"messageKeys":{}}}}},"version":"v1"}