{"_sessions":{"BbxwkPlU7R4lmuNRDVAC8HM1eLY41ces98/lIIj/OSVT":{"registrationId":407152105,"currentRatchet":{"ephemeralKeyPair":{"pubKey":"BZEMZEbaoQg6C8gFODcSRr4aIcydtoTzC31jTk0S5Hh1","privKey":"YF+cEWu42MnZkqakTRQ55YQkCMtmZfBXroIkKsJJ4kk="},"lastRemoteEphemeralKey":"BWbRpu52rlUqlNeQW65bq3lgAl0WC1PfJMUwfmqh+N17","previousCounter":0,"rootKey":"PX0G6mZT/qikclXkeUy3bxabnrDRD5/aHjIAmps5ZKI="},"indexInfo":{"baseKey":"BbxwkPlU7R4lmuNRDVAC8HM1eLY41ces98/lIIj/OSVT","baseKeyType":2,"closed":-1,"used":1686878148856,"created":1686878148856,"remoteIdentityKey":"BYdFAc1Pz1qYJa1ONAfIOe7Rvs9nJb+GOYZW4/V3uwY1"},"_chains":{"BWbRpu52rlUqlNeQW65bq3lgAl0WC1PfJMUwfmqh+N17":{"chainKey":{"counter":1,"key":"c6V/NPpRwgTDfpwj4p8I4s2f/lDYJ2RHjdYfIqKFdRk="},"chainType":2,"messageKeys":{}},"BZEMZEbaoQg6C8gFODcSRr4aIcydtoTzC31jTk0S5Hh1":{"chainKey":{"counter":-1,"key":"kxOOYq7GJfbFVKbz2vWhOlyMuQp2hUthboob64AJ1oQ="},"chainType":1,"messageKeys":{}}}}},"version":"v1"}