{"_sessions":{"BT9b265E9SH3p6VjKKcKxjU7kVyWsJ7wt6o33Uw3zYJc":{"registrationId":1941158536,"currentRatchet":{"ephemeralKeyPair":{"pubKey":"BX4Vhu6p/7lUbWL/xj8pXxyma3fMaiqUhlZ72CjlYcYM","privKey":"yMBfuzQ3Dkm4gqZJDFykZjosU4E2rfDzIS0fHt/ve1s="},"lastRemoteEphemeralKey":"BSEw7t6DG1DPjOE1LLyg1anSLFDdhmMN/VmsXz9QOG5Y","previousCounter":0,"rootKey":"iznoXIF5ad0csIfTzovLfuaBG9FePupEVXiA6GGWdD8="},"indexInfo":{"baseKey":"BT9b265E9SH3p6VjKKcKxjU7kVyWsJ7wt6o33Uw3zYJc","baseKeyType":2,"closed":-1,"used":1686891132468,"created":1686891132468,"remoteIdentityKey":"BWKZKb9S0R3P3u9xBS5wbRj5+UXTqHaISnwnJvbXWF0g"},"_chains":{"BSEw7t6DG1DPjOE1LLyg1anSLFDdhmMN/VmsXz9QOG5Y":{"chainKey":{"counter":0,"key":"s0jMlXliKqp8GzUTxACI0igrmoi8z365CC+lW/iTDI0="},"chainType":2,"messageKeys":{}},"BX4Vhu6p/7lUbWL/xj8pXxyma3fMaiqUhlZ72CjlYcYM":{"chainKey":{"counter":-1,"key":"wCuXS8RL1YrexKbV5EVuhQDwaBqktkv23mPIoaLnEak="},"chainType":1,"messageKeys":{}}}}},"version":"v1"}