{"_sessions":{"BXa0pGxHpovx2CfXjUu4zBIN5EMpistZ9W3OvfnJJuFQ":{"registrationId":1597522425,"currentRatchet":{"ephemeralKeyPair":{"pubKey":"Bey7XbHQ0tSVfZUgy5wErJWZOEo9uVU3B/RvnhKoSAQG","privKey":"iOEi+NL+E833MTGvRh2oS71Mt21fzIUupVosKLTniFg="},"lastRemoteEphemeralKey":"BX+L/wAmrjaNrsWQx6+vaTQwXKjl2RCh8ZjQgeEHLqg2","previousCounter":0,"rootKey":"d+hj10oWzFWpe4Nckups3nbhk7iZ2nqaQFsN0j+ixWg="},"indexInfo":{"baseKey":"BXa0pGxHpovx2CfXjUu4zBIN5EMpistZ9W3OvfnJJuFQ","baseKeyType":2,"closed":-1,"used":1686981113653,"created":1686981113653,"remoteIdentityKey":"BeUS5F/BgVD1hDiqTb4p8xC0hYrcU1nOqMyPhMQqvu13"},"_chains":{"BX+L/wAmrjaNrsWQx6+vaTQwXKjl2RCh8ZjQgeEHLqg2":{"chainKey":{"counter":0,"key":"L6Qi/0NUBO1KhgFbWrHgdNVWC1kXK8gyO6nIGMewp6E="},"chainType":2,"messageKeys":{}},"Bey7XbHQ0tSVfZUgy5wErJWZOEo9uVU3B/RvnhKoSAQG":{"chainKey":{"counter":-1,"key":"cowpZ9JIpwKgQcJa+2RyCCjQbttq/Fge2ZMW0UkMMlc="},"chainType":1,"messageKeys":{}}}}},"version":"v1"}