{"_sessions":{"BfrJXFMZo1sA8wpodRmAX8CPHlhXc5ZQ400vSFiqCeNR":{"registrationId":325912943,"currentRatchet":{"ephemeralKeyPair":{"pubKey":"BfOG6SQ8CjrzrrSxur+hL9RXaB3URBl9AOsBJTTarCw8","privKey":"eB9FRneRpf57hCF5dPKuLks5tgygSVxo97JJrqdXjF4="},"lastRemoteEphemeralKey":"BbCJbGL/w1N//71e1GnhK3PTQQHY0yxFhTjz8jA2RMNL","previousCounter":0,"rootKey":"TW8mXTwNn+3PNBJTAVBgVcwFOP4wPT87MXL6JLZPmJ4="},"indexInfo":{"baseKey":"BfrJXFMZo1sA8wpodRmAX8CPHlhXc5ZQ400vSFiqCeNR","baseKeyType":2,"closed":-1,"used":1686953066020,"created":1686953066020,"remoteIdentityKey":"Bcemc/+rVygw7Z9H+vCAPYCLvC3eFR1rSfoV9euO9soy"},"_chains":{"BbCJbGL/w1N//71e1GnhK3PTQQHY0yxFhTjz8jA2RMNL":{"chainKey":{"counter":2,"key":"gf16pE7rr5SwBa1GGJEPJNY69pIickFlyBhRuAAlSPs="},"chainType":2,"messageKeys":{}},"BfOG6SQ8CjrzrrSxur+hL9RXaB3URBl9AOsBJTTarCw8":{"chainKey":{"counter":-1,"key":"6FsHj3mQh6xpRs6/oF3FkL/xjAKQmcRrQl+A7T/3InM="},"chainType":1,"messageKeys":{}}}}},"version":"v1"}