{"_sessions":{"BSa+LS89lRV9B3R9437+s+pbWpEKqKkKYzsgOEbFUVo1":{"registrationId":2113406485,"currentRatchet":{"ephemeralKeyPair":{"pubKey":"BZt80HWjLMer16wJWW4To/c1ZVRhdmA8zUvZCpHGCSoA","privKey":"qGTAufj9UsrbcsQgRio+7Dh2mbkJJ9QnUKchvK2501M="},"lastRemoteEphemeralKey":"BVq4yeOUwQHRZtpu4FzswXRV3pu98TTrjwUQ8+eveEhT","previousCounter":0,"rootKey":"MHIlTEM63XiqagGj5esz5fpI3rhKlczYntO25TMBYpo="},"indexInfo":{"baseKey":"BSa+LS89lRV9B3R9437+s+pbWpEKqKkKYzsgOEbFUVo1","baseKeyType":2,"closed":-1,"used":1686905792584,"created":1686905792584,"remoteIdentityKey":"BSchSq5CNmUDnojmm1s0EYD1GC/w8TtD8lpSyN7EsGBZ"},"_chains":{"BVq4yeOUwQHRZtpu4FzswXRV3pu98TTrjwUQ8+eveEhT":{"chainKey":{"counter":6,"key":"2P1DhdySvsHBNS47NS7D4aQ8ECQrAhxocdEZg1LFNuM="},"chainType":2,"messageKeys":{}},"BZt80HWjLMer16wJWW4To/c1ZVRhdmA8zUvZCpHGCSoA":{"chainKey":{"counter":-1,"key":"UnmsmYHvdAJkjWxWOY89cvL+cpRwBPNFHzZPGolpVWE="},"chainType":1,"messageKeys":{}}}}},"version":"v1"}