{"_sessions":{"BUpPlzXNB1iTuz/SqyXtUOkCZE9sqSmtzhN2oyogoHE2":{"registrationId":118,"currentRatchet":{"ephemeralKeyPair":{"pubKey":"Be75p9EpS3faOJZ//UiHfOho04u0+a1Km8LcbaPciUFg","privKey":"qIN17Hy4BY5EJxdWBTMaavrqLg2FQ+6xZ/4lSzNrCHM="},"lastRemoteEphemeralKey":"BTbjB1PcYiA199ctCBVtLd6WNJRqhYAwM85RpXCrmAYH","previousCounter":0,"rootKey":"zrEFdz3Uo8LrOmJI4xEVp/6iT8czFfyqsB/Dgr73fhc="},"indexInfo":{"baseKey":"BUpPlzXNB1iTuz/SqyXtUOkCZE9sqSmtzhN2oyogoHE2","baseKeyType":2,"closed":1687004605801,"used":1687004564713,"created":1687004564713,"remoteIdentityKey":"BW7emMbrX+9DF6+u23Az1GfxW7KPfc9b82J94v5QaqAa"},"_chains":{"BTbjB1PcYiA199ctCBVtLd6WNJRqhYAwM85RpXCrmAYH":{"chainKey":{"counter":0,"key":"fMZn59E+ratHlIGKr4HA6wEaWtX3ucHW6ybAwqdcRdw="},"chainType":2,"messageKeys":{}},"Be75p9EpS3faOJZ//UiHfOho04u0+a1Km8LcbaPciUFg":{"chainKey":{"counter":-1,"key":"NTOAzUD/BP3yE3N4XhuqHffL/mir2LG06R09namafy4="},"chainType":1,"messageKeys":{}}}},"BdPGUwv6J8vA3f3LuA7VfxURaoMukGMclFcHee9XAd4c":{"registrationId":118,"currentRatchet":{"ephemeralKeyPair":{"pubKey":"Bbnzf3fISLqnNgKy4oxCTxas0lpLvgJKKzqRoX5eFFp/","privKey":"mEItqPDdc3LaOrw8S6GTY9Oo+jP2+/255saLPxLueUk="},"lastRemoteEphemeralKey":"BfHEF/ED99M8GiAl6hp5EsN4IbHDJyxvK2MaiRkJs+kL","previousCounter":0,"rootKey":"xOlVvhMJQN345wcYQenLH6ItItVtAzu7A6F8TtE7LFA="},"indexInfo":{"baseKey":"BdPGUwv6J8vA3f3LuA7VfxURaoMukGMclFcHee9XAd4c","baseKeyType":2,"closed":1687004639321,"used":1687004605805,"created":1687004605805,"remoteIdentityKey":"BW7emMbrX+9DF6+u23Az1GfxW7KPfc9b82J94v5QaqAa"},"_chains":{"BfHEF/ED99M8GiAl6hp5EsN4IbHDJyxvK2MaiRkJs+kL":{"chainKey":{"counter":2,"key":"XghUye2eJBi6WRfYVXeqT5wOeXhqfZSQizlAYcn+/dE="},"chainType":2,"messageKeys":{}},"Bbnzf3fISLqnNgKy4oxCTxas0lpLvgJKKzqRoX5eFFp/":{"chainKey":{"counter":-1,"key":"kKRFbvLBvlxp5iEtM/rq9NPly17aMt7yVhz+wI9vMtg="},"chainType":1,"messageKeys":{}}}},"BZAntBlsBAoq5zPNB/vocAPGakuFy+DdqFNWZTOsKahp":{"registrationId":118,"currentRatchet":{"ephemeralKeyPair":{"pubKey":"BQqIy0RyJbBXtVgbxPSAiv5MXdp2ZD+AJCckGZkJu6V7","privKey":"SNyQ3cCC1fRz0Bw/a17kEwbPvl4+8Hk4rXYHgXshH1w="},"lastRemoteEphemeralKey":"BWFuMrTzzHPZ32q9HsdYD+3NDqq77iVBM/33CrY6o/oW","previousCounter":0,"rootKey":"u/VfMVwwJXta27bG3QFhvc/4eewQR6YF7PTUrWnHnA4="},"indexInfo":{"baseKey":"BZAntBlsBAoq5zPNB/vocAPGakuFy+DdqFNWZTOsKahp","baseKeyType":2,"closed":1687004666427,"used":1687004639324,"created":1687004639324,"remoteIdentityKey":"BW7emMbrX+9DF6+u23Az1GfxW7KPfc9b82J94v5QaqAa"},"_chains":{"BWFuMrTzzHPZ32q9HsdYD+3NDqq77iVBM/33CrY6o/oW":{"chainKey":{"counter":2,"key":"XYADXM/1jOcJUzx48motHW9WsrzmCsMoXpAzTVr1mTs="},"chainType":2,"messageKeys":{}},"BQqIy0RyJbBXtVgbxPSAiv5MXdp2ZD+AJCckGZkJu6V7":{"chainKey":{"counter":-1,"key":"lJ7R8Ma1TPhOX/1ijRhwzFcgwxQpT/g6fshkd2kVCvM="},"chainType":1,"messageKeys":{}}}},"Bc0vNhwGc8e03K56GZi7G9EjEUYGAzIy5Pt+oDjMtthI":{"registrationId":118,"currentRatchet":{"ephemeralKeyPair":{"pubKey":"BXo0nR2dM3sId8Zrva2PBtk7C0X+AKzVHmbNMKB5VmEN","privKey":"AFOthSIKjG8qq62OPIK9+dyJ4wcnoHNzFzWyXaUFikE="},"lastRemoteEphemeralKey":"BYelshmLtQI6AF5jwlSzF97vha77qr0Poh5jw4sibUEa","previousCounter":0,"rootKey":"H6DkVM0ukmYoHS7IQ77xBIOY/PN+Fhqqtx0/sA32uzA="},"indexInfo":{"baseKey":"Bc0vNhwGc8e03K56GZi7G9EjEUYGAzIy5Pt+oDjMtthI","baseKeyType":2,"closed":1687004742150,"used":1687004666430,"created":1687004666430,"remoteIdentityKey":"BW7emMbrX+9DF6+u23Az1GfxW7KPfc9b82J94v5QaqAa"},"_chains":{"BYelshmLtQI6AF5jwlSzF97vha77qr0Poh5jw4sibUEa":{"chainKey":{"counter":0,"key":"di10WnxdXUlO6Itjr6lWHEqQb7+UnMnckyvwfRnjexM="},"chainType":2,"messageKeys":{}},"BXo0nR2dM3sId8Zrva2PBtk7C0X+AKzVHmbNMKB5VmEN":{"chainKey":{"counter":-1,"key":"kt6FaSInoeB/lXSDRssRwAmfvvzsj240A4+stLCTlU4="},"chainType":1,"messageKeys":{}}}},"Bc5F/cr1MTAdfS0BYiMzQZXn46I4GwrO7vD7yL0Yedt7":{"registrationId":118,"currentRatchet":{"ephemeralKeyPair":{"pubKey":"BVOZEbPKgzSaMvwA/5P+qQzMKuGqe4khOBizLH9HWSZZ","privKey":"ACVssEK9zNxM1czXTB4tx+GrdtGfexBbLKh6dv2Ui30="},"lastRemoteEphemeralKey":"BYar5R3eOTHpkf9KTE4qawULBZ+6XoYYyKiLexJN3jt5","previousCounter":0,"rootKey":"dgmyxGRJPj2wiQ10ueMrOZO5k9usTWx9U+65C8UCrsg="},"indexInfo":{"baseKey":"Bc5F/cr1MTAdfS0BYiMzQZXn46I4GwrO7vD7yL0Yedt7","baseKeyType":2,"closed":1687005111971,"used":1687004742159,"created":1687004742159,"remoteIdentityKey":"BW7emMbrX+9DF6+u23Az1GfxW7KPfc9b82J94v5QaqAa"},"_chains":{"BYar5R3eOTHpkf9KTE4qawULBZ+6XoYYyKiLexJN3jt5":{"chainKey":{"counter":0,"key":"WPkAmKJr66OKxXDuz1ABkwdilVhPRG65Fz4EorMb7yU="},"chainType":2,"messageKeys":{}},"BVOZEbPKgzSaMvwA/5P+qQzMKuGqe4khOBizLH9HWSZZ":{"chainKey":{"counter":-1,"key":"5S3Yo3rN5zFZAN9i15JfLo4wPQ2nw/2X/InWXLEtE+0="},"chainType":1,"messageKeys":{}}}},"BadH8huZOVmuyE2oppHalq7VP8fdC/Ha0Hmf0RXQ4INM":{"registrationId":118,"currentRatchet":{"ephemeralKeyPair":{"pubKey":"BWZ3boMM4jG6TLdbfAc6JZFy/SXzfN5kN/bfo585Arhq","privKey":"cCydmhqB8uUgAiaCivTzlUs+F1kFkodxjrldVvntwkA="},"lastRemoteEphemeralKey":"BVXGyxKmGAw+rh9TaG46NOTLGhDpnymZLwqsnjHCOxcG","previousCounter":0,"rootKey":"jwhK9RFkYIHnsx2Mi1YuyLhwnFNfirjKc4pPwo0qjos="},"indexInfo":{"baseKey":"BadH8huZOVmuyE2oppHalq7VP8fdC/Ha0Hmf0RXQ4INM","baseKeyType":2,"closed":1687005226327,"used":1687005111980,"created":1687005111980,"remoteIdentityKey":"BW7emMbrX+9DF6+u23Az1GfxW7KPfc9b82J94v5QaqAa"},"_chains":{"BVXGyxKmGAw+rh9TaG46NOTLGhDpnymZLwqsnjHCOxcG":{"chainKey":{"counter":0,"key":"IyQOn0MoZqrFr8VH5A3J0TCL1P5LGEROcHeFVTxEFVg="},"chainType":2,"messageKeys":{}},"BWZ3boMM4jG6TLdbfAc6JZFy/SXzfN5kN/bfo585Arhq":{"chainKey":{"counter":-1,"key":"2UV+z3ySjKGfzV5kM5/v5izUnplGZ82WudYQ1QbHODw="},"chainType":1,"messageKeys":{}}}},"BXWGL19RjEsgKJe4n+3HfZVg4Vaz3aa4hr44IvJgM0dG":{"registrationId":118,"currentRatchet":{"ephemeralKeyPair":{"pubKey":"BaOWZNUOEsRFgoTB+dMu/BzIMAZUC+paakpCvzublm84","privKey":"iGHmNVMnDIrm8tBZDttR5vkbldv4p6lSBm3CEm4PQ0g="},"lastRemoteEphemeralKey":"Baf8eWvvxy1PHc0tSmjP55ei/7PzUxepDe0+rqUEBLV8","previousCounter":0,"rootKey":"A2tnXWWD5/80CWCg7OnOCSoZy3Mf3PBNOcd0uqVHs1M="},"indexInfo":{"baseKey":"BXWGL19RjEsgKJe4n+3HfZVg4Vaz3aa4hr44IvJgM0dG","baseKeyType":2,"closed":1687005616227,"used":1687005226334,"created":1687005226334,"remoteIdentityKey":"BW7emMbrX+9DF6+u23Az1GfxW7KPfc9b82J94v5QaqAa"},"_chains":{"Baf8eWvvxy1PHc0tSmjP55ei/7PzUxepDe0+rqUEBLV8":{"chainKey":{"counter":0,"key":"CZoz82MevnPMdicdnrHkwdCN7fJXlXgOpInFqSQ4b70="},"chainType":2,"messageKeys":{}},"BaOWZNUOEsRFgoTB+dMu/BzIMAZUC+paakpCvzublm84":{"chainKey":{"counter":-1,"key":"BaLqoEAsx2uMS4G6Z6y8QQJjUVvhWP5JrFvCqMv/n6o="},"chainType":1,"messageKeys":{}}}},"BSiCLYpf/dPcDMOJcG6KW9Yl+QzPo9U41knt3Hw+MNgk":{"registrationId":118,"currentRatchet":{"ephemeralKeyPair":{"pubKey":"BZGpqFR6Q9ynDuGE2AzGK6K9RI3ITKiOOONYxk/gRslF","privKey":"mFE9eRF9LWffNNWEP5dmhVEchtyj7Xh6mtSclM1eTEQ="},"lastRemoteEphemeralKey":"BasqCl+TM8+YBypcmaLLBxZcyBGn7dwdPPLHq7tb8i4W","previousCounter":0,"rootKey":"WAv4GMoJfxCrPccXcnIVBTA4cdOwJPwBtFufEEXdJ18="},"indexInfo":{"baseKey":"BSiCLYpf/dPcDMOJcG6KW9Yl+QzPo9U41knt3Hw+MNgk","baseKeyType":2,"closed":1687005620707,"used":1687005616235,"created":1687005616235,"remoteIdentityKey":"BW7emMbrX+9DF6+u23Az1GfxW7KPfc9b82J94v5QaqAa"},"_chains":{"BasqCl+TM8+YBypcmaLLBxZcyBGn7dwdPPLHq7tb8i4W":{"chainKey":{"counter":0,"key":"nr4fPbuEWH43tMOPkHuVlM3q9xgOxnXIZgFhsgOmWYA="},"chainType":2,"messageKeys":{}},"BZGpqFR6Q9ynDuGE2AzGK6K9RI3ITKiOOONYxk/gRslF":{"chainKey":{"counter":-1,"key":"tGyZa40f+PLF5Tt+rO7+gga9eFDZJ2Br8zZeLif15kE="},"chainType":1,"messageKeys":{}}}},"BZJwEATrCW6yljJSff/utCFHLVQfQOXnhf1AK4lKu6pP":{"registrationId":118,"currentRatchet":{"ephemeralKeyPair":{"pubKey":"BRznQoxLcbCp2BkcP2S6rO2VO5XDIaHWJfyp2S6nlWdA","privKey":"sP+dGC2IIv9o479bbvJGllhWkpj4ldf5T01CEsm1Xmo="},"lastRemoteEphemeralKey":"Bau6H2UU/JellDeVSYIRrkYEN3KN/Onn8GK60ry7DLkt","previousCounter":0,"rootKey":"Yvmeaf4DaPaA+P+cXxLe2k4UMBhiPwo6CzQtoeclxWA="},"indexInfo":{"baseKey":"BZJwEATrCW6yljJSff/utCFHLVQfQOXnhf1AK4lKu6pP","baseKeyType":2,"closed":1687005623836,"used":1687005620711,"created":1687005620711,"remoteIdentityKey":"BW7emMbrX+9DF6+u23Az1GfxW7KPfc9b82J94v5QaqAa"},"_chains":{"Bau6H2UU/JellDeVSYIRrkYEN3KN/Onn8GK60ry7DLkt":{"chainKey":{"counter":0,"key":"Vh8bXCN87fYjihtJVj/Thh86mVhnqnv0hT9xTPTdJyE="},"chainType":2,"messageKeys":{}},"BRznQoxLcbCp2BkcP2S6rO2VO5XDIaHWJfyp2S6nlWdA":{"chainKey":{"counter":-1,"key":"eyLzrQEtPLsAVyHC2HQYvtmXkYqat5u8FC1Wd8ocgWk="},"chainType":1,"messageKeys":{}}}},"BXp4cSdR6JW6y0Kx9rr+VWN1+KnUaw+I3AWESc4o74R7":{"registrationId":118,"currentRatchet":{"ephemeralKeyPair":{"pubKey":"BQq88PRESCggDOF9SWF8aUxFj6YVKOzKuEjf6o2DFYcT","privKey":"qNyDaaNJ2g22t2Olqv88sVeefmywW9F33bQa06fW0VU="},"lastRemoteEphemeralKey":"BdiIWQRlBlzw3VhLYOY0NNqV/oP9Hvqo+D/cxTtvmZga","previousCounter":0,"rootKey":"Mt4SJ05vwnx/wy5c3Mxkz7+l4se9YmflAPJX4M0qSJY="},"indexInfo":{"baseKey":"BXp4cSdR6JW6y0Kx9rr+VWN1+KnUaw+I3AWESc4o74R7","baseKeyType":2,"closed":1687005743809,"used":1687005623843,"created":1687005623843,"remoteIdentityKey":"BW7emMbrX+9DF6+u23Az1GfxW7KPfc9b82J94v5QaqAa"},"_chains":{"BdiIWQRlBlzw3VhLYOY0NNqV/oP9Hvqo+D/cxTtvmZga":{"chainKey":{"counter":0,"key":"QXD7iuL+RQP/VJlZ/usxb0zObjfQOvistv3mDTKl0/I="},"chainType":2,"messageKeys":{}},"BQq88PRESCggDOF9SWF8aUxFj6YVKOzKuEjf6o2DFYcT":{"chainKey":{"counter":-1,"key":"ulHg3PkmhhuFoOYTrv5Q8jFZ4w+EyktnCWkzeCyF+Ek="},"chainType":1,"messageKeys":{}}}},"BaJYa4V3deir8t8XQlHJsnVgTR/NmTfMHN4TeIdhJ1Ms":{"registrationId":118,"currentRatchet":{"ephemeralKeyPair":{"pubKey":"BfZDx466mr+FyY+MYNyns9ydRZsADZ28x4QN4fyKXgND","privKey":"UKuQu4ZcVNcJOhrl8Jw1B996zbRKYGnHqHlVVeIQSFY="},"lastRemoteEphemeralKey":"BSUXPBbJR+r+8t59hcyOMNTfMGaLOOx8zJiB6fTYln5k","previousCounter":0,"rootKey":"4GWUDMTkpzhKOIGub0ofjxbvjyXXXsq9ph8GxqWWWYM="},"indexInfo":{"baseKey":"BaJYa4V3deir8t8XQlHJsnVgTR/NmTfMHN4TeIdhJ1Ms","baseKeyType":2,"closed":1687005746437,"used":1687005743818,"created":1687005743818,"remoteIdentityKey":"BW7emMbrX+9DF6+u23Az1GfxW7KPfc9b82J94v5QaqAa"},"_chains":{"BSUXPBbJR+r+8t59hcyOMNTfMGaLOOx8zJiB6fTYln5k":{"chainKey":{"counter":0,"key":"CLVovO55UolSRgu9CLp06z8MRbTRSTHH1R0iwld41dQ="},"chainType":2,"messageKeys":{}},"BfZDx466mr+FyY+MYNyns9ydRZsADZ28x4QN4fyKXgND":{"chainKey":{"counter":-1,"key":"FaVwH3QsbxfY/0KqMkeWgL8SOcRk1Hz+eMtL3ETHoPs="},"chainType":1,"messageKeys":{}}}},"BVz0BU8Thhx+ui+P/MxYj6A/OOxBvN93q6UDGW4ZpFh8":{"registrationId":118,"currentRatchet":{"ephemeralKeyPair":{"pubKey":"Bf9tzuNlaoRjSccFcyyVggXoowDx/86KE9Lcj5ZUDk4s","privKey":"sFWS7IZzIsr+CcqsJB9oHI6Cp60dB3uyvqMI8WyiaEU="},"lastRemoteEphemeralKey":"BTwN/s/lOnr9f+cmg/Z2v6AOqTouljuC2Q4S1mbf80AV","previousCounter":0,"rootKey":"6H8q+JC7XyWA/ZjqOuuybxf+nZytWs4pfhosSCBRw8w="},"indexInfo":{"baseKey":"BVz0BU8Thhx+ui+P/MxYj6A/OOxBvN93q6UDGW4ZpFh8","baseKeyType":2,"closed":1687005757781,"used":1687005746445,"created":1687005746445,"remoteIdentityKey":"BW7emMbrX+9DF6+u23Az1GfxW7KPfc9b82J94v5QaqAa"},"_chains":{"BTwN/s/lOnr9f+cmg/Z2v6AOqTouljuC2Q4S1mbf80AV":{"chainKey":{"counter":0,"key":"16gOmcIOKRKNadKPj0Xn2RPRnVVljHiukCuwegwYhp0="},"chainType":2,"messageKeys":{}},"Bf9tzuNlaoRjSccFcyyVggXoowDx/86KE9Lcj5ZUDk4s":{"chainKey":{"counter":-1,"key":"7XXZWXhpQEpPaNCs9YwUzeDk5LBe+w5CitwZTxg0IsI="},"chainType":1,"messageKeys":{}}}},"BVpZ+gdUUw3mNMZldHYpGWI6Eqp7e4ed9F5DG0pnMvcA":{"registrationId":118,"currentRatchet":{"ephemeralKeyPair":{"pubKey":"Be0oLiudIm00vkzg5fb9XQvvRO9UV533Fh77Xr7YKB9O","privKey":"AGCqREejyTls4pt1mmQhFJHsEaGbOtT5k5EuD0WzcGQ="},"lastRemoteEphemeralKey":"BZaAKn4jTwHzuuRu7mvcS+y+kBnGWAxhfaZN/+RLNpx9","previousCounter":0,"rootKey":"809SgYnmPqEDk/sLloBdWkksiwg3K4RvoJpzUKDdqBQ="},"indexInfo":{"baseKey":"BVpZ+gdUUw3mNMZldHYpGWI6Eqp7e4ed9F5DG0pnMvcA","baseKeyType":2,"closed":1687006372977,"used":1687005757786,"created":1687005757786,"remoteIdentityKey":"BW7emMbrX+9DF6+u23Az1GfxW7KPfc9b82J94v5QaqAa"},"_chains":{"BZaAKn4jTwHzuuRu7mvcS+y+kBnGWAxhfaZN/+RLNpx9":{"chainKey":{"counter":0,"key":"azVq6X/IFGtcVr00mPj2QLxHkFJ9qVrCNmfozR/9vuE="},"chainType":2,"messageKeys":{}},"Be0oLiudIm00vkzg5fb9XQvvRO9UV533Fh77Xr7YKB9O":{"chainKey":{"counter":-1,"key":"eRvyNpuaC9cHruae1uDpgK09DzzKJ7dTwtPkULHPWuU="},"chainType":1,"messageKeys":{}}}},"BdI43drfYJXsHgtyTV3g4rFhpMx34lgUlev03yph4FpF":{"registrationId":118,"currentRatchet":{"ephemeralKeyPair":{"pubKey":"BUgBppPO68bHwFGe4D+vb73mcj6PiZpBKnFgbpscEWoW","privKey":"4DAKzt7Od2cdvh0XH78inBZEGUKpFhGV9I23JM+yz1U="},"lastRemoteEphemeralKey":"BcgODXiQ0UjvHsd7vuIkgFFhywxRe2KKiQmSpd5WfwUS","previousCounter":0,"rootKey":"Y6cTMcvpkonzrzivu91D7HDz1jlzvoQGS6fZp/TEjew="},"indexInfo":{"baseKey":"BdI43drfYJXsHgtyTV3g4rFhpMx34lgUlev03yph4FpF","baseKeyType":2,"closed":1687007146924,"used":1687006372983,"created":1687006372983,"remoteIdentityKey":"BW7emMbrX+9DF6+u23Az1GfxW7KPfc9b82J94v5QaqAa"},"_chains":{"BcgODXiQ0UjvHsd7vuIkgFFhywxRe2KKiQmSpd5WfwUS":{"chainKey":{"counter":0,"key":"zyMqG6i+3bdzdVyKOyO0nSXoYDy3+noocJQbzvQZ9vA="},"chainType":2,"messageKeys":{}},"BUgBppPO68bHwFGe4D+vb73mcj6PiZpBKnFgbpscEWoW":{"chainKey":{"counter":-1,"key":"Nriw5qLRJgrAcTyVlFejLVemFQvmcOGbBlWDE+B2+pw="},"chainType":1,"messageKeys":{}}}},"Bb2fz7Hp6CT9LT08Q/mqNeKR2gCzfqmRAYk9qT2HBBA/":{"registrationId":118,"currentRatchet":{"ephemeralKeyPair":{"pubKey":"BSZkDKtKsholXZi+4HWnHSI+aiMRUprg3hEiU3wlxScd","privKey":"2LkFqYhGy1LCcYsxvCamEgY+lUO/aasL95LwGExshGA="},"lastRemoteEphemeralKey":"BTifYL5Rv3q/ypdzqs36UKn7l9TJwHtyXVPFhGqgBIh9","previousCounter":0,"rootKey":"7LtCU+Z2VI0zCBpSYmaJIx+3ATGHKSdC6ovLZQ6wcL4="},"indexInfo":{"baseKey":"Bb2fz7Hp6CT9LT08Q/mqNeKR2gCzfqmRAYk9qT2HBBA/","baseKeyType":2,"closed":1687008304183,"used":1687007146932,"created":1687007146932,"remoteIdentityKey":"BW7emMbrX+9DF6+u23Az1GfxW7KPfc9b82J94v5QaqAa"},"_chains":{"BTifYL5Rv3q/ypdzqs36UKn7l9TJwHtyXVPFhGqgBIh9":{"chainKey":{"counter":0,"key":"ZR1y0F+tMqUeioHbOw94nBCiM6sT65pNN+xA9fxI/J4="},"chainType":2,"messageKeys":{}},"BSZkDKtKsholXZi+4HWnHSI+aiMRUprg3hEiU3wlxScd":{"chainKey":{"counter":-1,"key":"PT88D6ZQJ6LgOlD7EuZmFErKVR7VJMTg4MkY1t3lKx0="},"chainType":1,"messageKeys":{}}}},"BbDRgi3QiorcAbOpu66qRQbmwc7vlLeL6yBh6Gmmo95N":{"registrationId":118,"currentRatchet":{"ephemeralKeyPair":{"pubKey":"BSGCnHzwmJ0L7xDM8AYKShdAMnjw8pG66PHLQyYlauZJ","privKey":"MA8cEgat6E3ecmLGR52fF/Is95FUVloJDJ4HDVCfe0c="},"lastRemoteEphemeralKey":"Bc8W/hVJRGX9IujdFBVWEL5sAZw9D7b88KcFnfc8a78a","previousCounter":0,"rootKey":"QRWKRUqYm2dO2xskpH6yFg2zzbsEASk9UKZwy59Qr0M="},"indexInfo":{"baseKey":"BbDRgi3QiorcAbOpu66qRQbmwc7vlLeL6yBh6Gmmo95N","baseKeyType":2,"closed":1687008522794,"used":1687008304187,"created":1687008304187,"remoteIdentityKey":"BW7emMbrX+9DF6+u23Az1GfxW7KPfc9b82J94v5QaqAa"},"_chains":{"Bc8W/hVJRGX9IujdFBVWEL5sAZw9D7b88KcFnfc8a78a":{"chainKey":{"counter":1,"key":"JRP0jmNJzDG6LhHdY4zI253qjo9D7qojwRWsBghxNsc="},"chainType":2,"messageKeys":{}},"BSGCnHzwmJ0L7xDM8AYKShdAMnjw8pG66PHLQyYlauZJ":{"chainKey":{"counter":-1,"key":"XZHD2CqbEoc4X15fHu/+QRUtrQKAI+oAKvHOuELyJiY="},"chainType":1,"messageKeys":{}}}},"Bfmq2OR2oqbFwJYH2r5js2GntNssi+czb7ta7Ge2XdwN":{"registrationId":118,"currentRatchet":{"ephemeralKeyPair":{"pubKey":"BXZmVZCRRz5j84PNg1vR2lFPAE2figVT3+t/9wtyEyda","privKey":"uJ6rXXZQ58GMMk8TAcdx4uhFRrDBLCvxStZNTxRUVmc="},"lastRemoteEphemeralKey":"BbFSJfpC+6MprfrX+cVp6CwZCSgs+yt7IVeDDVUMFTU2","previousCounter":0,"rootKey":"Lzfgy65/NSs1jb5CtZu+8DHiEVRcfQrb4d9Id0+2sAo="},"indexInfo":{"baseKey":"Bfmq2OR2oqbFwJYH2r5js2GntNssi+czb7ta7Ge2XdwN","baseKeyType":2,"closed":1687008597591,"used":1687008522801,"created":1687008522801,"remoteIdentityKey":"BW7emMbrX+9DF6+u23Az1GfxW7KPfc9b82J94v5QaqAa"},"_chains":{"BbFSJfpC+6MprfrX+cVp6CwZCSgs+yt7IVeDDVUMFTU2":{"chainKey":{"counter":0,"key":"UnBy3DOVrZrIXRmdZNwiUKFwLqSGZhMGE0Wrr7uMFq8="},"chainType":2,"messageKeys":{}},"BXZmVZCRRz5j84PNg1vR2lFPAE2figVT3+t/9wtyEyda":{"chainKey":{"counter":-1,"key":"XxzLsx7g9iBAo+mbU0ZtVk5VZwgk43G7FHcw7EGvodQ="},"chainType":1,"messageKeys":{}}}},"BUvVW3AMpTe2yoSxH3ztVPThCztLabqeN7y+CqDesrdM":{"registrationId":118,"currentRatchet":{"ephemeralKeyPair":{"pubKey":"Bde3NXodgv72jw5uJQG2vP8zFlxTkzkUZSdS6+yIQVxA","privKey":"oCmRODKZDXINYO7q8lnJJFIvXgWo36r86xsYmNdKSlU="},"lastRemoteEphemeralKey":"BcwmKdnAuutF9TrdBBGqeW9+HS4qj33g37EWcjthZwly","previousCounter":0,"rootKey":"M1TZCzjDn2LTPfqBq1dasoJRhDHxmNbQhaC5JvqWSGk="},"indexInfo":{"baseKey":"BUvVW3AMpTe2yoSxH3ztVPThCztLabqeN7y+CqDesrdM","baseKeyType":2,"closed":1687008607463,"used":1687008597598,"created":1687008597598,"remoteIdentityKey":"BW7emMbrX+9DF6+u23Az1GfxW7KPfc9b82J94v5QaqAa"},"_chains":{"BcwmKdnAuutF9TrdBBGqeW9+HS4qj33g37EWcjthZwly":{"chainKey":{"counter":0,"key":"P7ZEUWinyb0VzEHaTW3NgZOPQNSmPhQExrrl/8d2ruU="},"chainType":2,"messageKeys":{}},"Bde3NXodgv72jw5uJQG2vP8zFlxTkzkUZSdS6+yIQVxA":{"chainKey":{"counter":-1,"key":"OKgWkMyWgpjbgy2/QtP+P/rE5qqdj9ri18V6dLGHS2Q="},"chainType":1,"messageKeys":{}}}},"BSZVsq+N2LmBfuxKPlynBxiG1pZdIW/lw56bHmPMm0FM":{"registrationId":118,"currentRatchet":{"ephemeralKeyPair":{"pubKey":"BbZIHa9DoZF25vD0Io9Owu9c8tSQZ4smOhGuluSyvZ1V","privKey":"CAtC8lB6jVcCSiLxX/uLKnUJPq6pSD6qC+ryfaUbPkU="},"lastRemoteEphemeralKey":"BULA2Ld4/Hs+sH9UdHHxvLGue+KTNjk5lFIf7Pj0w2pC","previousCounter":0,"rootKey":"CpHzQVNv20Wu3LTNQDT0Go7Nr4AZ4bjq36h0cOfmuMA="},"indexInfo":{"baseKey":"BSZVsq+N2LmBfuxKPlynBxiG1pZdIW/lw56bHmPMm0FM","baseKeyType":2,"closed":1687008610638,"used":1687008607471,"created":1687008607471,"remoteIdentityKey":"BW7emMbrX+9DF6+u23Az1GfxW7KPfc9b82J94v5QaqAa"},"_chains":{"BULA2Ld4/Hs+sH9UdHHxvLGue+KTNjk5lFIf7Pj0w2pC":{"chainKey":{"counter":0,"key":"bvRrGnpZ6yRV5cBUMUBzr/62xWYWe9ft7KfpeW2hwuY="},"chainType":2,"messageKeys":{}},"BbZIHa9DoZF25vD0Io9Owu9c8tSQZ4smOhGuluSyvZ1V":{"chainKey":{"counter":-1,"key":"zgj1K+o4Ean00i/DuzVMTpRE3G7+yzzSJlJUBoAm+9U="},"chainType":1,"messageKeys":{}}}},"BRbpYa1uKs5Ni8v5cq8rwbpf283ihE4XYknr7uU/pBxn":{"registrationId":118,"currentRatchet":{"ephemeralKeyPair":{"pubKey":"BUEmbJ5PwSoxU0j5/JBK1NLYyp2bVF1WtUreAH7tvPFE","privKey":"iBxQNlxsIzlpbm2p8kjYVL0yCE3WOLgfjc/lQsvRaF4="},"lastRemoteEphemeralKey":"BelO9dqn6qyma6N890SBw9hc3VeVAL89V4QBO+BZFGAL","previousCounter":0,"rootKey":"7pCzfUvy/S3iHF7mGEWTpbPO3b3VdG/i8Y0K5fS06gs="},"indexInfo":{"baseKey":"BRbpYa1uKs5Ni8v5cq8rwbpf283ihE4XYknr7uU/pBxn","baseKeyType":2,"closed":1687008611988,"used":1687008610642,"created":1687008610642,"remoteIdentityKey":"BW7emMbrX+9DF6+u23Az1GfxW7KPfc9b82J94v5QaqAa"},"_chains":{"BelO9dqn6qyma6N890SBw9hc3VeVAL89V4QBO+BZFGAL":{"chainKey":{"counter":0,"key":"RzpfeNqEt18FnfBLQwBl6U/ckl5N5QhutoZJaLvnkyA="},"chainType":2,"messageKeys":{}},"BUEmbJ5PwSoxU0j5/JBK1NLYyp2bVF1WtUreAH7tvPFE":{"chainKey":{"counter":-1,"key":"wIckvYquzK1rY4d7LO+NJ4BUrnbAwqDO8S4MSdhrP1M="},"chainType":1,"messageKeys":{}}}},"BRG49Xf9PzxbFW30re/f3+SgCHdBivhzJDRUpNkqCtVg":{"registrationId":118,"currentRatchet":{"ephemeralKeyPair":{"pubKey":"BSEewGYxWdR714KQ8BiAqw1A9G/6x5kkEODqDWIJElRq","privKey":"4PblNEwbzfIbktQnj3/U2tKvyscLTxhEkAOHeEiY80c="},"lastRemoteEphemeralKey":"BdTOc/Cc/gwGmrDYW+nyA56s+FzCILZOcFnTKYG5BP1D","previousCounter":0,"rootKey":"igYNcg5IRrdwiz3kGFMRzgEACn0zeljAAkF/oP/BSPY="},"indexInfo":{"baseKey":"BRG49Xf9PzxbFW30re/f3+SgCHdBivhzJDRUpNkqCtVg","baseKeyType":2,"closed":1687008645561,"used":1687008611995,"created":1687008611995,"remoteIdentityKey":"BW7emMbrX+9DF6+u23Az1GfxW7KPfc9b82J94v5QaqAa"},"_chains":{"BdTOc/Cc/gwGmrDYW+nyA56s+FzCILZOcFnTKYG5BP1D":{"chainKey":{"counter":0,"key":"DUGXUldDThMC80nPMN7UJFcIDBq01s4J+xvn1Q7ja1E="},"chainType":2,"messageKeys":{}},"BSEewGYxWdR714KQ8BiAqw1A9G/6x5kkEODqDWIJElRq":{"chainKey":{"counter":-1,"key":"DAFw6BzoubfCSPzm/s9Gcu5W9Yybq1AH9Oc4mZvv3Wg="},"chainType":1,"messageKeys":{}}}},"Ba30PlkrEpk7Aza9uH0HVsKSmPF0IbHAr73/nLfv6Rck":{"registrationId":118,"currentRatchet":{"ephemeralKeyPair":{"pubKey":"BWZZhxIdlYX4cr7c+5oOQGfngw+E59ls7LUVoxFE8ARZ","privKey":"iEtvYW+3j3jjHougtZTmOqB2khNmT7vP6r+Mfb19gHI="},"lastRemoteEphemeralKey":"BewB7h2TUNI+DqvGvyvlWjSYlcXoigakjcSyaJULJDBm","previousCounter":0,"rootKey":"h/ofL5rgyI7801Q2trHxru873itac/xLgIZ4gRsxVTI="},"indexInfo":{"baseKey":"Ba30PlkrEpk7Aza9uH0HVsKSmPF0IbHAr73/nLfv6Rck","baseKeyType":2,"closed":1687011742936,"used":1687008645567,"created":1687008645567,"remoteIdentityKey":"BW7emMbrX+9DF6+u23Az1GfxW7KPfc9b82J94v5QaqAa"},"_chains":{"BewB7h2TUNI+DqvGvyvlWjSYlcXoigakjcSyaJULJDBm":{"chainKey":{"counter":1,"key":"VIyPBOjCKA/2AQ77iVBsKEu+PNdvQCMRHf3NA1givFk="},"chainType":2,"messageKeys":{}},"BWZZhxIdlYX4cr7c+5oOQGfngw+E59ls7LUVoxFE8ARZ":{"chainKey":{"counter":-1,"key":"jVhPEBR3E2j7GUEVsOdYHYcnjjIimeI98Mp3/bygh7k="},"chainType":1,"messageKeys":{}}}},"BQHW41peIWSq8UONepbt8USQwoKoeue2Xu9+L+Ipc48i":{"registrationId":118,"currentRatchet":{"ephemeralKeyPair":{"pubKey":"BbD8mIyvzwhYOLuO3LZ1acclu8jIBDQ2ZdpeukCj3888","privKey":"eJmxdhcdYTjEWsxb3MyE/ik371Je2zTWUMKG4CbIY0c="},"lastRemoteEphemeralKey":"Bdwqyf2C5+J7JSbzgmeeuj3B/SgpNMXE3trOW7Zvb2oy","previousCounter":0,"rootKey":"CQEUSiIR9Ci7U/b+iIzcYt/95y03swrB9XTJe7fP600="},"indexInfo":{"baseKey":"BQHW41peIWSq8UONepbt8USQwoKoeue2Xu9+L+Ipc48i","baseKeyType":2,"closed":1687012031999,"used":1687011742939,"created":1687011742939,"remoteIdentityKey":"BW7emMbrX+9DF6+u23Az1GfxW7KPfc9b82J94v5QaqAa"},"_chains":{"Bdwqyf2C5+J7JSbzgmeeuj3B/SgpNMXE3trOW7Zvb2oy":{"chainKey":{"counter":5,"key":"kgCN5H1PtXbvtDbkDXBBZO8evQAfIxeijF8bf+lenak="},"chainType":2,"messageKeys":{}},"BbD8mIyvzwhYOLuO3LZ1acclu8jIBDQ2ZdpeukCj3888":{"chainKey":{"counter":-1,"key":"k2losS3Z/75m+H2i9+WR/HSxY+Tcjw5hDyfXISQPTIg="},"chainType":1,"messageKeys":{}}}},"BcgBHVtlyils6Q7KGHImODdRXG2qVE1jqjir216g56Io":{"registrationId":118,"currentRatchet":{"ephemeralKeyPair":{"pubKey":"BSEaOXwTl8kKncdmrsHgQT6QoLrPRkGa8k8gagWd8HBi","privKey":"uD5iOGf3eq2hw7cpFZoZd5WHxbMtqOVP/4ZX4F+QJ3o="},"lastRemoteEphemeralKey":"BZHo8s6Sd0uDSyXXSu0EorKen5fjCj7o2HTt7sYsHJtc","previousCounter":0,"rootKey":"nKyjeHj3/lg+LzsCX9B2E3JDLllPosXbYsf+K2KFO2g="},"indexInfo":{"baseKey":"BcgBHVtlyils6Q7KGHImODdRXG2qVE1jqjir216g56Io","baseKeyType":2,"closed":1687012041586,"used":1687012032004,"created":1687012032004,"remoteIdentityKey":"BW7emMbrX+9DF6+u23Az1GfxW7KPfc9b82J94v5QaqAa"},"_chains":{"BZHo8s6Sd0uDSyXXSu0EorKen5fjCj7o2HTt7sYsHJtc":{"chainKey":{"counter":0,"key":"C4tWQxGTQWeuEZbj7CnJAlGNQeKi/E09SQ9Qf6Jr6M4="},"chainType":2,"messageKeys":{}},"BSEaOXwTl8kKncdmrsHgQT6QoLrPRkGa8k8gagWd8HBi":{"chainKey":{"counter":-1,"key":"uC64pFS4Lx4Mm6etMewtAlhxkT+6tqPgfmUuZg9Akxc="},"chainType":1,"messageKeys":{}}}},"BQzlTc09SWWYyd+A9IE5KCXssz5SillHCIs2XqcdkbJT":{"registrationId":118,"currentRatchet":{"ephemeralKeyPair":{"pubKey":"BWfDrgra7K1fBDVNWoS/+rXGEavTEkYDTo7sPcDZjLtV","privKey":"8OpQzHO9+HuFUNt3YEJ+4ukhbFBHOi5VaO/K446440o="},"lastRemoteEphemeralKey":"BeoFc8nzj3IevJ+PIhs+RgOTFqa+jQ8fusJQz6qb6VN0","previousCounter":0,"rootKey":"0O6VwWtfVHjPWZlwPYW2B8CdNJNpP5Yw/bHbL2F9WSU="},"indexInfo":{"baseKey":"BQzlTc09SWWYyd+A9IE5KCXssz5SillHCIs2XqcdkbJT","baseKeyType":2,"closed":1687012200390,"used":1687012041592,"created":1687012041592,"remoteIdentityKey":"BW7emMbrX+9DF6+u23Az1GfxW7KPfc9b82J94v5QaqAa"},"_chains":{"BeoFc8nzj3IevJ+PIhs+RgOTFqa+jQ8fusJQz6qb6VN0":{"chainKey":{"counter":1,"key":"RDjGVEBgo+5LudWgRG553kITow9ActvDFrEV/RtY3Yk="},"chainType":2,"messageKeys":{}},"BWfDrgra7K1fBDVNWoS/+rXGEavTEkYDTo7sPcDZjLtV":{"chainKey":{"counter":-1,"key":"LCpCV6mLIkvvlnrcrAIDRegqj1bructzPH9DoURaY74="},"chainType":1,"messageKeys":{}}}},"BR75BM/hiUhKqno2E1/1uJ6uEevprQS09DrEnBP/bphb":{"registrationId":118,"currentRatchet":{"ephemeralKeyPair":{"pubKey":"BQV6XFqZQzRUrDYsvKmTvY1aP44ZiodPgnGKHXsL1BwO","privKey":"aMFyUzmVO4mr7s8Rm62I0KI/QquYlXbb59d4e45d8FU="},"lastRemoteEphemeralKey":"BcXQX/Tkn94Ov1sQHaM9Bbq8O42yc+R5zPfJtgVNXCI1","previousCounter":0,"rootKey":"kskq9nGxXge6olPzSzfldpRBoGRA4bBbYDSDx9a7+m8="},"indexInfo":{"baseKey":"BR75BM/hiUhKqno2E1/1uJ6uEevprQS09DrEnBP/bphb","baseKeyType":2,"closed":1687014320796,"used":1687012200399,"created":1687012200399,"remoteIdentityKey":"BW7emMbrX+9DF6+u23Az1GfxW7KPfc9b82J94v5QaqAa"},"_chains":{"BcXQX/Tkn94Ov1sQHaM9Bbq8O42yc+R5zPfJtgVNXCI1":{"chainKey":{"counter":1,"key":"BufBDvMoWbdJR/euxwnQtpg6DB2CLyHsz3GmT+rwJZA="},"chainType":2,"messageKeys":{}},"BQV6XFqZQzRUrDYsvKmTvY1aP44ZiodPgnGKHXsL1BwO":{"chainKey":{"counter":-1,"key":"svsHAaQOhLX1mXWkMhf/9L+rf54uq0HLV6beswVm3tM="},"chainType":1,"messageKeys":{}}}},"BX/SRWTmIcwvusCLsd69U3Xz7ztdTOpDQgMWhKTfu+Re":{"registrationId":118,"currentRatchet":{"ephemeralKeyPair":{"pubKey":"BRw+Eo9qOwVwPVTXoKIxkw3mAJT8HIFUGGo5a1ZQaRZs","privKey":"sMGKrBtj969u/+XCBjEEqR8o55UIQ2x80tLlrKOr12U="},"lastRemoteEphemeralKey":"BaXQHdcEp/VKuP9Sjd65L1GiFUsEQxldDrC0MNoMlzgI","previousCounter":0,"rootKey":"FJsfP22PcMDIFy8IlrXLQwnZU/E9/M4byfFeR84fhiQ="},"indexInfo":{"baseKey":"BX/SRWTmIcwvusCLsd69U3Xz7ztdTOpDQgMWhKTfu+Re","baseKeyType":2,"closed":1687014325551,"used":1687014320812,"created":1687014320812,"remoteIdentityKey":"BW7emMbrX+9DF6+u23Az1GfxW7KPfc9b82J94v5QaqAa"},"_chains":{"BaXQHdcEp/VKuP9Sjd65L1GiFUsEQxldDrC0MNoMlzgI":{"chainKey":{"counter":0,"key":"KIB6o4eWg3YQXGFyNvwTBbHRdIVesyDuybAClYhO/uY="},"chainType":2,"messageKeys":{}},"BRw+Eo9qOwVwPVTXoKIxkw3mAJT8HIFUGGo5a1ZQaRZs":{"chainKey":{"counter":-1,"key":"VoSdtttbFBeK/VVOAidf8b7MKXOwy1FkWI2AJwVgqII="},"chainType":1,"messageKeys":{}}}},"Bb8Aos/RjI2VdxauLCusOsI1yrKf+/Zc3kMNJy2WxRB5":{"registrationId":118,"currentRatchet":{"ephemeralKeyPair":{"pubKey":"BQeB/IlseQI2ltKK4D7ezfPOcaQHDXpzHo7f7zOBr79Y","privKey":"SHD9vV7dcHR6zxH/ekcJO+6b08mx6rZAynyLaNYCsnY="},"lastRemoteEphemeralKey":"BTLNgNwFYsPZ9xnL3w2g39z8f5ERRrx1EjYtIkISr/BM","previousCounter":0,"rootKey":"kqkJoxzSnFTHYHZWC+Nmd3EIKQw/rYoMmnpMBRF01DM="},"indexInfo":{"baseKey":"Bb8Aos/RjI2VdxauLCusOsI1yrKf+/Zc3kMNJy2WxRB5","baseKeyType":2,"closed":1687014422932,"used":1687014325559,"created":1687014325559,"remoteIdentityKey":"BW7emMbrX+9DF6+u23Az1GfxW7KPfc9b82J94v5QaqAa"},"_chains":{"BTLNgNwFYsPZ9xnL3w2g39z8f5ERRrx1EjYtIkISr/BM":{"chainKey":{"counter":0,"key":"MyJwbJOTub0Phd10+st7G0CTQd8PQ+zQ9a6MznSMZUg="},"chainType":2,"messageKeys":{}},"BQeB/IlseQI2ltKK4D7ezfPOcaQHDXpzHo7f7zOBr79Y":{"chainKey":{"counter":-1,"key":"gYL3kI8og+xBp95iDnEiVi8+AtgiIKFgdPyJZof/N3k="},"chainType":1,"messageKeys":{}}}},"BetYureTeYWB8MknkxwXOgSBKk36s3Uir00I4JBCkkJ0":{"registrationId":118,"currentRatchet":{"ephemeralKeyPair":{"pubKey":"BX8Q8ZYFuNf3ljw+F9wbcfwE9Hd3tb/oi9vTtBjoYZ52","privKey":"gC3KWFoEnSvVwxSBePIcsD/gSs0gb98JNIK5xtHsvV0="},"lastRemoteEphemeralKey":"BTOZzpc94GY8uaY66BDirNDqtzywG3laXfhRSwDAgiZx","previousCounter":0,"rootKey":"dl8TGYELrVxD2UGVKQBnMHODFXTwB8O01nUcqnHecw8="},"indexInfo":{"baseKey":"BetYureTeYWB8MknkxwXOgSBKk36s3Uir00I4JBCkkJ0","baseKeyType":2,"closed":1687014426467,"used":1687014422941,"created":1687014422941,"remoteIdentityKey":"BW7emMbrX+9DF6+u23Az1GfxW7KPfc9b82J94v5QaqAa"},"_chains":{"BTOZzpc94GY8uaY66BDirNDqtzywG3laXfhRSwDAgiZx":{"chainKey":{"counter":0,"key":"whaIyWGKJ2DtsCz9c3Em2Y8VmypYO1LCMzd//bhw6VE="},"chainType":2,"messageKeys":{}},"BX8Q8ZYFuNf3ljw+F9wbcfwE9Hd3tb/oi9vTtBjoYZ52":{"chainKey":{"counter":-1,"key":"4rS08sFKDAo0Z9K4X4UXvbRERnLfzg+YB/Bvq0qB5DM="},"chainType":1,"messageKeys":{}}}},"BXU7oY07q0k7KJK4bhghtggeaPNP0O1gEqB1mrzuQlAh":{"registrationId":118,"currentRatchet":{"ephemeralKeyPair":{"pubKey":"BW8zla6jF3uqi8snXZwbQcdkjmonWgC0wn9bcaE8mG4M","privKey":"gFJHYbDXv3jaVEMLH40skcQuTS/Ia5qoAl95HGYqqmk="},"lastRemoteEphemeralKey":"Be81J+fTd2qlSULPD8ebDMhiYOKqDz7S9W7hOJZU2WA8","previousCounter":0,"rootKey":"rKuGvGtgiMGpRbt4Q1KxQ/CYukD1dRHpgv1q68QbTdI="},"indexInfo":{"baseKey":"BXU7oY07q0k7KJK4bhghtggeaPNP0O1gEqB1mrzuQlAh","baseKeyType":2,"closed":1687014427718,"used":1687014426474,"created":1687014426474,"remoteIdentityKey":"BW7emMbrX+9DF6+u23Az1GfxW7KPfc9b82J94v5QaqAa"},"_chains":{"Be81J+fTd2qlSULPD8ebDMhiYOKqDz7S9W7hOJZU2WA8":{"chainKey":{"counter":0,"key":"Yc2nxLeq0lZ4adkCzSGvSRooDIqevcFbU90Asayj/YU="},"chainType":2,"messageKeys":{}},"BW8zla6jF3uqi8snXZwbQcdkjmonWgC0wn9bcaE8mG4M":{"chainKey":{"counter":-1,"key":"PGyAvuUct9QqCYKcZ+5Wvon/Id46urOH4HHB588+Cr0="},"chainType":1,"messageKeys":{}}}},"BVx0xKY9nsw6ewMZC0pJjcPbm6iMsZ2CVb/viq1e8ENt":{"registrationId":118,"currentRatchet":{"ephemeralKeyPair":{"pubKey":"Bcem+ltEi0Fbg5vfm5OQ2WDRJ+ObuZ2nSR0qXPz0/oVb","privKey":"6LvWOceHB8ZCgAzZYrvtqmEQuTyxWrffDEUCSM1lnVY="},"lastRemoteEphemeralKey":"BdJU952pINkHbnxKrBQXJqjOYtQta0xDA+9rK9ySMrst","previousCounter":0,"rootKey":"9PurFSgAsMbCZxwqy/YzbI63basVrR+RxCm+nOaCT1I="},"indexInfo":{"baseKey":"BVx0xKY9nsw6ewMZC0pJjcPbm6iMsZ2CVb/viq1e8ENt","baseKeyType":2,"closed":1687014926906,"used":1687014427722,"created":1687014427722,"remoteIdentityKey":"BW7emMbrX+9DF6+u23Az1GfxW7KPfc9b82J94v5QaqAa"},"_chains":{"BdJU952pINkHbnxKrBQXJqjOYtQta0xDA+9rK9ySMrst":{"chainKey":{"counter":0,"key":"kYy/CK9BSiqab12hIec+30nxRrulXvGSl6iMfDsAsfM="},"chainType":2,"messageKeys":{}},"Bcem+ltEi0Fbg5vfm5OQ2WDRJ+ObuZ2nSR0qXPz0/oVb":{"chainKey":{"counter":-1,"key":"vrpcuO/bh2AWvX8oqu5Dmbm8X6xk4s5mjQZPWXmbftQ="},"chainType":1,"messageKeys":{}}}},"BbiS8dnf4+sYo0frJpxcgKEG+wcl0JMaxzBvIFx6T3Vv":{"registrationId":118,"currentRatchet":{"ephemeralKeyPair":{"pubKey":"BaYb23V0zxT9/cQQuaTiEj26ouQhvb5lhlKT6MvMkMIu","privKey":"KNom/OFtnngxWTCT6tU6VDfWZx9PxKqOg9BKxLHAoHc="},"lastRemoteEphemeralKey":"BcbCLhUTKiLkG+6OjR/ODeRVXYNkVpuEco6m3GnYxBVn","previousCounter":0,"rootKey":"KPGLDWydBfjh2joVQX/M/pOXStXnl2fm5uwrg3hKXA8="},"indexInfo":{"baseKey":"BbiS8dnf4+sYo0frJpxcgKEG+wcl0JMaxzBvIFx6T3Vv","baseKeyType":2,"closed":1687014930528,"used":1687014926915,"created":1687014926915,"remoteIdentityKey":"BW7emMbrX+9DF6+u23Az1GfxW7KPfc9b82J94v5QaqAa"},"_chains":{"BcbCLhUTKiLkG+6OjR/ODeRVXYNkVpuEco6m3GnYxBVn":{"chainKey":{"counter":0,"key":"7G4CYJSeJjrhFR7Cdm+ySKGyATi6hgNF2rCUE6qkNao="},"chainType":2,"messageKeys":{}},"BaYb23V0zxT9/cQQuaTiEj26ouQhvb5lhlKT6MvMkMIu":{"chainKey":{"counter":-1,"key":"ATlyowpGx+8hCBk/XWErbn37qDcOirZU5mPJZQcs+3s="},"chainType":1,"messageKeys":{}}}},"BWtlNUQy1RcEVvuGhG7hb5u6RyDYUCGKtWZUPYajNgYM":{"registrationId":118,"currentRatchet":{"ephemeralKeyPair":{"pubKey":"BfRGk3c62RfO11XQ0VeCOiN0NvV1F2lDtxRQInDhzS10","privKey":"aBZ1AblKqUV3YCyDCwgEC8nqAydYIAnuvzCdIFSKf04="},"lastRemoteEphemeralKey":"BWEwl6p8q0IXBTasl+Bg8YOHufhIsIVcDNgwkzZ9ZUYl","previousCounter":0,"rootKey":"UnCMPzDIpUE2Z/rQqfVla9SPyPBS8hvh2uMfBumj1E8="},"indexInfo":{"baseKey":"BWtlNUQy1RcEVvuGhG7hb5u6RyDYUCGKtWZUPYajNgYM","baseKeyType":2,"closed":1687014933282,"used":1687014930532,"created":1687014930532,"remoteIdentityKey":"BW7emMbrX+9DF6+u23Az1GfxW7KPfc9b82J94v5QaqAa"},"_chains":{"BWEwl6p8q0IXBTasl+Bg8YOHufhIsIVcDNgwkzZ9ZUYl":{"chainKey":{"counter":0,"key":"cMBsfEVTOeGvALhZDVAfIfmCnf/X5xqd1G8MTL5MmE4="},"chainType":2,"messageKeys":{}},"BfRGk3c62RfO11XQ0VeCOiN0NvV1F2lDtxRQInDhzS10":{"chainKey":{"counter":-1,"key":"EZR3LDo0vpW5G6No4KZMl17d29ZtdFHhDNXK70EHo5E="},"chainType":1,"messageKeys":{}}}},"BVjGjzYzK2+CWrrkFZUeQlnvxv1o5TjNYd2wuz3TiTII":{"registrationId":118,"currentRatchet":{"ephemeralKeyPair":{"pubKey":"BRSEoWcRhfvYKu5sHhxDV3ODP3aetpWJ2+1Ry7KpYo9h","privKey":"iMAZCRuRt3DP8VEZGliojF62JJbWoDbsjUeivYAKj1s="},"lastRemoteEphemeralKey":"BUjX1buECZw04Bu7XcSnwXvu+zv1EwqPl1lbV5cWg9In","previousCounter":0,"rootKey":"DVILLnPcuujwNl5vpCrk1EwxQh4jDowSZRHDcBtxPFY="},"indexInfo":{"baseKey":"BVjGjzYzK2+CWrrkFZUeQlnvxv1o5TjNYd2wuz3TiTII","baseKeyType":2,"closed":1687014977888,"used":1687014933291,"created":1687014933291,"remoteIdentityKey":"BW7emMbrX+9DF6+u23Az1GfxW7KPfc9b82J94v5QaqAa"},"_chains":{"BUjX1buECZw04Bu7XcSnwXvu+zv1EwqPl1lbV5cWg9In":{"chainKey":{"counter":0,"key":"3KQvRWvkxNYR31YSS+AK+yLWH/YYmeAB6v4p5GZ1S+g="},"chainType":2,"messageKeys":{}},"BRSEoWcRhfvYKu5sHhxDV3ODP3aetpWJ2+1Ry7KpYo9h":{"chainKey":{"counter":-1,"key":"DeXHsmS2DJpHG/qQoaNOMV6+aNxRXDxqk2rp5akL3RI="},"chainType":1,"messageKeys":{}}}},"BaFHkybhL7UsNhPveZEvNvp55sxIkbp19EBEf4qlYEpm":{"registrationId":118,"currentRatchet":{"ephemeralKeyPair":{"pubKey":"BUhYA+AQ5anZDzwbXlOPR6AiSQVHw9nqDC8K7kkAjBph","privKey":"WFg254eNac8a+Dj3pDbDrk+B+na9ESszRyc2EjEpHnY="},"lastRemoteEphemeralKey":"BXrbGlVwDR+bjAqGo1QbMyvw4ydyxnHZ/Qlx9KrM4mo3","previousCounter":0,"rootKey":"GeW0Zm4Y3Lgk1fwNSOax/rI21lPNwQfKry1iMVN10wE="},"indexInfo":{"baseKey":"BaFHkybhL7UsNhPveZEvNvp55sxIkbp19EBEf4qlYEpm","baseKeyType":2,"closed":1687016072559,"used":1687014977891,"created":1687014977891,"remoteIdentityKey":"BW7emMbrX+9DF6+u23Az1GfxW7KPfc9b82J94v5QaqAa"},"_chains":{"BXrbGlVwDR+bjAqGo1QbMyvw4ydyxnHZ/Qlx9KrM4mo3":{"chainKey":{"counter":0,"key":"XjGJ6LfdIz+O7LnfmOvYgKZS+E9Z88ku+J5NrwYuKAs="},"chainType":2,"messageKeys":{}},"BUhYA+AQ5anZDzwbXlOPR6AiSQVHw9nqDC8K7kkAjBph":{"chainKey":{"counter":-1,"key":"g9Mw2scYWkOINOdl5YENMRqikyN7acTlWRMu5VluSH0="},"chainType":1,"messageKeys":{}}}},"Bfvn0cFyivYQDBfgMz8qUAcRnHbo/8fTSZMsxYmEoQIF":{"registrationId":118,"currentRatchet":{"ephemeralKeyPair":{"pubKey":"BeLC9SZyV1Qb19eQgV704SZAepBpOnil5bNy93Nxwgw2","privKey":"YLatduk3Ke54Wb+JaKwUEPL0I22r9+H0UGQQPq+aeGU="},"lastRemoteEphemeralKey":"BdmjI4ynXRoySZ/KdbLy5Xik3mLIxSzxWx4xbaW+dsxD","previousCounter":0,"rootKey":"jnoim9n1iqRfD2f6OwvkJy0fJVmM9HfJno3zWv1MeIQ="},"indexInfo":{"baseKey":"Bfvn0cFyivYQDBfgMz8qUAcRnHbo/8fTSZMsxYmEoQIF","baseKeyType":2,"closed":1687018398532,"used":1687016072575,"created":1687016072575,"remoteIdentityKey":"BW7emMbrX+9DF6+u23Az1GfxW7KPfc9b82J94v5QaqAa"},"_chains":{"BdmjI4ynXRoySZ/KdbLy5Xik3mLIxSzxWx4xbaW+dsxD":{"chainKey":{"counter":0,"key":"MIXgz53Ur/2qGaqHfJjuMt9l22aLCn0x1jJ41dtYmgM="},"chainType":2,"messageKeys":{}},"BeLC9SZyV1Qb19eQgV704SZAepBpOnil5bNy93Nxwgw2":{"chainKey":{"counter":-1,"key":"odiG0BdlcYqUDVYNJJgJk9pJ9L0wlwI3dcnTy4xJ7ZA="},"chainType":1,"messageKeys":{}}}},"BWY2DO8kLkXoktzRI4ZxatSLYaJCJqAmDNP+N0SHgYNs":{"registrationId":118,"currentRatchet":{"ephemeralKeyPair":{"pubKey":"BZxcuGy+oGXa5Azr+mCGHYACBj0zqXCg+0Rcsp4nqTFu","privKey":"6Mksxee7sYoMd/BPK8aIff9vV8pbFo9up7d4tpl/dHA="},"lastRemoteEphemeralKey":"BcoYrDnywJwzlqCIyPnIbSeWCvM5PXxOt2cdqu4+J18w","previousCounter":0,"rootKey":"2EIgPwJoDsLXeXpMFmjAblNLffFWKM2R//0mNWzgoxI="},"indexInfo":{"baseKey":"BWY2DO8kLkXoktzRI4ZxatSLYaJCJqAmDNP+N0SHgYNs","baseKeyType":2,"closed":1687020949821,"used":1687018398542,"created":1687018398542,"remoteIdentityKey":"BW7emMbrX+9DF6+u23Az1GfxW7KPfc9b82J94v5QaqAa"},"_chains":{"BcoYrDnywJwzlqCIyPnIbSeWCvM5PXxOt2cdqu4+J18w":{"chainKey":{"counter":12,"key":"kUbQFbGfmmO27TiipNPNmgU7SpVHpBFn/mShH+Pp1Gk="},"chainType":2,"messageKeys":{"0":"+Gbb1lDMRn9ZrfnerFnJLn3/yLrk8TKgztZ/uowXKq0=","1":"9S8cs9xTJgKKRErJVGrVlpdQ/4u0NgjaZOKHbxTBwzs=","2":"x5h5UFBa5VTJEkwAMGuWgVV3EDqaOnA7l5rLKWAlM2E=","3":"UsZsVpDrBaW5PNo/BFqjlstUs5LtIXHPp7E84/zUkFo=","4":"uTgycQ8NFDH1X3fXBc3EnLFuHrq7taFV5rb9mf8qSqU=","5":"6ZXyKRlERK57ZohJC5vz6d/AEiOyhQhgu65orCepPI4=","6":"5QqaPvcAOhF1OWmjnGqjz8G5meocYftEe61S4J8sjvg=","7":"HCQJkRB1j5KVB1r0H9yNdd6xySfnyzKUqLYfB0tL6gk=","8":"z3LLdJ15b0BzKoO+kj+rqVzSC/l28r8Ie87JhFj+ToE=","9":"8KKmp82cxA8T+d4VOSvGJQAaMMpUvQiqRRI6GwT3hBg=","10":"IUm8n6tLHMQ3Fm76Hk5nXFfvzfSoL69xLTG9LhDQUW0=","11":"XA1EpPuqTyRUuXaNNriSM0HIZBez4NOKGsh5zFOqXJU="}},"BZxcuGy+oGXa5Azr+mCGHYACBj0zqXCg+0Rcsp4nqTFu":{"chainKey":{"counter":-1,"key":"cbzynbMVeltxP2HH9v3ioavDnmHY6G2xSIwogcrQenM="},"chainType":1,"messageKeys":{}}}},"BU1h5tJ5biMfRjU0cIpUMIjzJUlCgqN2kPI2kAXHEjsc":{"registrationId":118,"currentRatchet":{"ephemeralKeyPair":{"pubKey":"BX5aVmMyi8bKH+Im1WCwOLz8092rQxho/FP54Apx/o9n","privKey":"IIys+KK/zpo+NNHm6PtqqDmfKzMvlUPghnNNOI6/R2w="},"lastRemoteEphemeralKey":"BZnMXi9+KgMTXHpY4amkjzJvPMRRkH4Fs4vMuBWFpQk/","previousCounter":0,"rootKey":"AppfzrVC4Tq35f68InbOOLzRogceyOPuCGGVoNE0WN8="},"indexInfo":{"baseKey":"BU1h5tJ5biMfRjU0cIpUMIjzJUlCgqN2kPI2kAXHEjsc","baseKeyType":2,"closed":1687020956346,"used":1687020949824,"created":1687020949824,"remoteIdentityKey":"BW7emMbrX+9DF6+u23Az1GfxW7KPfc9b82J94v5QaqAa"},"_chains":{"BZnMXi9+KgMTXHpY4amkjzJvPMRRkH4Fs4vMuBWFpQk/":{"chainKey":{"counter":0,"key":"SyGyHmq1ugKvlbIKOkVUUzkVfho7iS2brMVQbclOhVM="},"chainType":2,"messageKeys":{}},"BX5aVmMyi8bKH+Im1WCwOLz8092rQxho/FP54Apx/o9n":{"chainKey":{"counter":-1,"key":"zvUAXydNoY4+IR6ZVxWsz1IEstq+YcMkmOlQZY4bZPk="},"chainType":1,"messageKeys":{}}}},"BaSGEwdB+nimbLuzq5/bkD+ofx8ZripFJQChCs+w/DIo":{"registrationId":118,"currentRatchet":{"ephemeralKeyPair":{"pubKey":"BXlv/N9nMR8M9HRnPbHvS7P+qyqLue1584mnXva8l0FW","privKey":"wJj4Xi9Lq75rZIKWy1D+d4ddzP/AMf5s84gBuob3l0M="},"lastRemoteEphemeralKey":"BTZUaSqb6/WMBO0vd2E6EOWNKZzS12MOXxXGB05svesk","previousCounter":0,"rootKey":"wKqViP8MLbWzVxW4mAF09bmEXPlH9PQCwudWuD+FLoQ="},"indexInfo":{"baseKey":"BaSGEwdB+nimbLuzq5/bkD+ofx8ZripFJQChCs+w/DIo","baseKeyType":2,"closed":1687057558259,"used":1687020956349,"created":1687020956349,"remoteIdentityKey":"BW7emMbrX+9DF6+u23Az1GfxW7KPfc9b82J94v5QaqAa"},"_chains":{"BTZUaSqb6/WMBO0vd2E6EOWNKZzS12MOXxXGB05svesk":{"chainKey":{"counter":11,"key":"6tUKTCab2je1bD/Lii0bCxwHEi8Yso20WpWBJK/DU9Q="},"chainType":2,"messageKeys":{"4":"9Ec/cxb2DLU6X0rXDjxpc/XYmqWzFf2SRJMiUCi7H10="}},"BXlv/N9nMR8M9HRnPbHvS7P+qyqLue1584mnXva8l0FW":{"chainKey":{"counter":-1,"key":"PaRZbJvRFAZ/4eq7K1FgCyr4VKkTU9KKfpqUnbu8DWE="},"chainType":1,"messageKeys":{}}}},"BQYYH3S27LBVto4Xfvupq7B6eX/M4y0JDMOsILkpPOpf":{"registrationId":118,"currentRatchet":{"ephemeralKeyPair":{"pubKey":"BXUsrNVcY2I5glyQoWLp3kZUhgXl77GNwYgf63IgfWVj","privKey":"yBoReGhsLmKvlkbThT4/wabqPip3MoZWfWEJw9tiVWI="},"lastRemoteEphemeralKey":"BTBtO4AXSAk7xXAWV7cbFaiUiUe0R9rI0tcnAmyC25xq","previousCounter":0,"rootKey":"X8PCfE1pHUdMI89jFRivak24TiwY8jqJak8HVsiL/aY="},"indexInfo":{"baseKey":"BQYYH3S27LBVto4Xfvupq7B6eX/M4y0JDMOsILkpPOpf","baseKeyType":2,"closed":-1,"used":1687057558261,"created":1687057558261,"remoteIdentityKey":"BW7emMbrX+9DF6+u23Az1GfxW7KPfc9b82J94v5QaqAa"},"_chains":{"BTBtO4AXSAk7xXAWV7cbFaiUiUe0R9rI0tcnAmyC25xq":{"chainKey":{"counter":0,"key":"nwmJCu/9ytNptxTj/jV7N5v9BfVZ4oWisRnlWfkIkMs="},"chainType":2,"messageKeys":{}},"BXUsrNVcY2I5glyQoWLp3kZUhgXl77GNwYgf63IgfWVj":{"chainKey":{"counter":-1,"key":"SLvjAqpKx8DRFz5Zjw8nI3UlsNUeRMvIDTcBfTH+KMI="},"chainType":1,"messageKeys":{}}}}},"version":"v1"}