{"_sessions":{"BTZ/XDa8fRMQ7zT+mjwHn4Odeh701ihIUSSTqQJGb/4/":{"registrationId":1860410072,"currentRatchet":{"ephemeralKeyPair":{"pubKey":"BT8Yl8LmqT5U38tMvnDffsxfwG9qHfICtYButHuIpE4r","privKey":"MBjl+10+D9U9EIB66uwo5gZ0mlpHJl8lf1huI1L2tkw="},"lastRemoteEphemeralKey":"BVD4NDRbKBYo7GNOJlx19lAaGBaBvNqyztKAgFmmHBht","previousCounter":0,"rootKey":"uZfv72A37tBg7QiQUPiBeexqr2zz1OKYfAxvu+AOY6I="},"indexInfo":{"baseKey":"BTZ/XDa8fRMQ7zT+mjwHn4Odeh701ihIUSSTqQJGb/4/","baseKeyType":2,"closed":-1,"used":1687005001507,"created":1687005001507,"remoteIdentityKey":"BVaB5O9Y2TclTzyxtsWH1a13/1cOgPzGfQRGYryFFb5O"},"_chains":{"BVD4NDRbKBYo7GNOJlx19lAaGBaBvNqyztKAgFmmHBht":{"chainKey":{"counter":0,"key":"MdUZKGXbqqUue5hYDEbKHJEAlFtDUott51hTDNi6hi4="},"chainType":2,"messageKeys":{}},"BT8Yl8LmqT5U38tMvnDffsxfwG9qHfICtYButHuIpE4r":{"chainKey":{"counter":-1,"key":"9aYZ/hE2avk0Y+cIp+ZQh8fzz1mKg5TxINwTF7V7+80="},"chainType":1,"messageKeys":{}}}}},"version":"v1"}