{"_sessions":{"BYWwm0mCCz8VBBdoKg47mm4EGeuKZjsfbdxBH+HJ9OMQ":{"registrationId":771185837,"currentRatchet":{"ephemeralKeyPair":{"pubKey":"Beaq+cDI2C6/B9IOyVBk1TJ+Wv6Lmp+VJws1q70p6lh1","privKey":"0OYZ6/n4+lEuS+PiG5VpHgxQ1DYhFMchmbnmVgT8eHY="},"lastRemoteEphemeralKey":"BWtb9o4aYRe6AEkHtFGX4dL3LQ/EahLbr2vlvs7X/ulk","previousCounter":0,"rootKey":"xtfsQ9Fmk94j93e7fRjHHfE8gBoQdyk4wcfVYLNUFwk="},"indexInfo":{"baseKey":"BYWwm0mCCz8VBBdoKg47mm4EGeuKZjsfbdxBH+HJ9OMQ","baseKeyType":2,"closed":-1,"used":1686900448941,"created":1686900448941,"remoteIdentityKey":"BeWTnVuNq3zRnZyLerJUNQaj3ztMLqv18p37QFOie511"},"_chains":{"BWtb9o4aYRe6AEkHtFGX4dL3LQ/EahLbr2vlvs7X/ulk":{"chainKey":{"counter":0,"key":"sbKhNYwaRoBVnEPSvOLWY+CGXx/Ll+6n7jGfLYrwmtA="},"chainType":2,"messageKeys":{}},"Beaq+cDI2C6/B9IOyVBk1TJ+Wv6Lmp+VJws1q70p6lh1":{"chainKey":{"counter":-1,"key":"iA24oqV2lFQ/9MAmDENUiJmEw27ZRMeIpeB7WO4ZxSk="},"chainType":1,"messageKeys":{}}}}},"version":"v1"}