{"_sessions":{"BSjnEoX3SjQpNUe2WXxtypi6XfT71dUGY6OG7oT/g48x":{"registrationId":1012210398,"currentRatchet":{"ephemeralKeyPair":{"pubKey":"BZ+r1V4pIifsZcQjtT9vhTam9g00MJ90LDZWnj51zAlK","privKey":"cJOoLcPCt/8gkrSlQpt7KeXHDQCu4z/9ljSW240jP18="},"lastRemoteEphemeralKey":"BVDqhHGLXK6UBM0lcLskNieQZoD3jaOz2lMmF/i+zhBt","previousCounter":0,"rootKey":"6aPz/Jrt/1VBCjdr2EE6+ObK+AGVuxeuDBUQYxvEKTs="},"indexInfo":{"baseKey":"BSjnEoX3SjQpNUe2WXxtypi6XfT71dUGY6OG7oT/g48x","baseKeyType":2,"closed":-1,"used":1686887540276,"created":1686887540276,"remoteIdentityKey":"BVzmaWaF5AnlkDfc05hcjNhFcQNEB7H4GqLlgrU2oMZu"},"_chains":{"BVDqhHGLXK6UBM0lcLskNieQZoD3jaOz2lMmF/i+zhBt":{"chainKey":{"counter":3,"key":"7uUFTcoAugQgkIcZGd6suui16QDQHtDuIv9yFZdiMU0="},"chainType":2,"messageKeys":{}},"BZ+r1V4pIifsZcQjtT9vhTam9g00MJ90LDZWnj51zAlK":{"chainKey":{"counter":-1,"key":"SWWf+/Q2hNHzsKrKPehv2jHpJB1BI4gnUYpPF5t4KVI="},"chainType":1,"messageKeys":{}}}}},"version":"v1"}