{"_sessions":{"Bf9igcZY+XlwvVF5r7+6kXEFcCneACaVB8YN9lekdZA4":{"registrationId":331992389,"currentRatchet":{"ephemeralKeyPair":{"pubKey":"BZgYaQrY+1Woyz+I9cOuxz5O3ZzTSd+Rg7lFD/AO5ZcK","privKey":"yGJ2axna6qbr3PA4u5c4O5dt1V2BnZUikBFzkoUeDls="},"lastRemoteEphemeralKey":"Bcu52dZxAu+3fISupGFL3/ID/L5AKa4IWxzzUECWfWo+","previousCounter":0,"rootKey":"ne81TeaGHLD+eaT7c+1MlDhtHL565e46sB1544c14vM="},"indexInfo":{"baseKey":"Bf9igcZY+XlwvVF5r7+6kXEFcCneACaVB8YN9lekdZA4","baseKeyType":2,"closed":-1,"used":1686883077801,"created":1686883077801,"remoteIdentityKey":"BTz5y5opHpwssPAvYFgTYc5hbGYs/Ya5F10DVJQ+V2JV"},"_chains":{"Bcu52dZxAu+3fISupGFL3/ID/L5AKa4IWxzzUECWfWo+":{"chainKey":{"counter":8,"key":"cfCG/dgpVeLzRsTs0yRjEO4ujmluSECk3oWtowQzXeU="},"chainType":2,"messageKeys":{}},"BZgYaQrY+1Woyz+I9cOuxz5O3ZzTSd+Rg7lFD/AO5ZcK":{"chainKey":{"counter":-1,"key":"2yxA1h+/GwcW8QCTFFNUk/xCqhgnx3qOEV350Ih1IZ8="},"chainType":1,"messageKeys":{}}}}},"version":"v1"}