{"_sessions":{"BR3GYGuqd/5A+0JJIEOxFKd7jUnK3o717pjwK8yizuoR":{"registrationId":1735730799,"currentRatchet":{"ephemeralKeyPair":{"pubKey":"BQKrFU1X0PWY7y7CoIr9QPoAXSrdRCqi+giM+1TGvmtJ","privKey":"mKB9eAGQpi5t1LW5Tq4A87iBMELaw+mbFabZ5Tub2FQ="},"lastRemoteEphemeralKey":"BV7Gew9UH7vKaSpqEoMJ3yNs0QA2ph3OFh+6ZVhs4882","previousCounter":0,"rootKey":"m7KRMVWl9lja81muTvHKc2QdEQQ4chUO4itwMouJXFA="},"indexInfo":{"baseKey":"BR3GYGuqd/5A+0JJIEOxFKd7jUnK3o717pjwK8yizuoR","baseKeyType":2,"closed":-1,"used":1686890966865,"created":1686890966865,"remoteIdentityKey":"BXPuvEPIRBPQUnCy+FVNh3C3n1n1nyu4VwLFzDGNJUkD"},"_chains":{"BV7Gew9UH7vKaSpqEoMJ3yNs0QA2ph3OFh+6ZVhs4882":{"chainKey":{"counter":1,"key":"a69R0xd6OsfJ4U9q4SZE1xO5ASnfDyqXw53UG7/oIRY="},"chainType":2,"messageKeys":{}},"BQKrFU1X0PWY7y7CoIr9QPoAXSrdRCqi+giM+1TGvmtJ":{"chainKey":{"counter":-1,"key":"PAq6qEv0GcSra4tvDKeT1GiK808JPJk+HtxDt65hzac="},"chainType":1,"messageKeys":{}}}}},"version":"v1"}