{"_sessions":{"BV0JU8Tu7R6wMr+33m0P/sttM+YWIXeyAiNULFmCNZ0f":{"registrationId":1860528960,"currentRatchet":{"ephemeralKeyPair":{"pubKey":"BeVc5bwVW4iDH/FoA6WI+aJuxATaDp0SqnCmN4I/q2AE","privKey":"4DfWaUw5fsNgUJtTkF3yymyIKlhYIIQ8/OR93PlK0Hk="},"lastRemoteEphemeralKey":"BWAEBNwmxo9hTpf+UreoDFvTo3NuaPugvtxNIIIQuXR3","previousCounter":0,"rootKey":"ZPYjPcMtR2tm6v6M6JAPToZAvwY4Z5SHpFTGvs+3Gx8="},"indexInfo":{"baseKey":"BV0JU8Tu7R6wMr+33m0P/sttM+YWIXeyAiNULFmCNZ0f","baseKeyType":2,"closed":-1,"used":1686970927022,"created":1686970927022,"remoteIdentityKey":"BZ132jEf/O0wzkYPiM+WrfLHV6zqCHgyjepPGHKxpGMW"},"_chains":{"BWAEBNwmxo9hTpf+UreoDFvTo3NuaPugvtxNIIIQuXR3":{"chainKey":{"counter":4,"key":"P8mrsGXzTmnod63OJMI9Qa8fpvjruSWnGwncCnKL63E="},"chainType":2,"messageKeys":{}},"BeVc5bwVW4iDH/FoA6WI+aJuxATaDp0SqnCmN4I/q2AE":{"chainKey":{"counter":-1,"key":"KVJhom4lGDX3/q29YZoNceizqd323Lc9Qm2KfJO6/Fg="},"chainType":1,"messageKeys":{}}}}},"version":"v1"}