{"_sessions":{"Be3edw19D6kQSTtJsPK1O9vVreQwV7tLMbrJLOCeeD4j":{"registrationId":25555008,"currentRatchet":{"ephemeralKeyPair":{"pubKey":"Be1u9xnolwhOO/4Duchwdvgn8BUiIBrPALXgonwO3GsN","privKey":"WAttyTWmwm4Vfw/tnsFVRCoLYNxmijQ+WUkigxKJUl8="},"lastRemoteEphemeralKey":"BfOwlf/DVz+d+xyKJMN2UD0r4DuYS0SzTRIvsIX3PLg+","previousCounter":0,"rootKey":"GYV5+IzZB7j2c0SElRlUH6yRnSb31pj/09WSPALgkaY="},"indexInfo":{"baseKey":"Be3edw19D6kQSTtJsPK1O9vVreQwV7tLMbrJLOCeeD4j","baseKeyType":2,"closed":-1,"used":1687007979695,"created":1687007979695,"remoteIdentityKey":"Bd2Ra0Uy8SLylPJpzJ8WhdDJ7y3krxF6C0Vj1Rx9hipa"},"_chains":{"BfOwlf/DVz+d+xyKJMN2UD0r4DuYS0SzTRIvsIX3PLg+":{"chainKey":{"counter":0,"key":"56pXKGlmTL4NC9aupZh3LtbM+LAF3Ww12Qd1qEAXo+o="},"chainType":2,"messageKeys":{}},"Be1u9xnolwhOO/4Duchwdvgn8BUiIBrPALXgonwO3GsN":{"chainKey":{"counter":-1,"key":"p0O574qErNNsIt4d9Bl2WOI7REZj8WER61Hh0FRugKc="},"chainType":1,"messageKeys":{}}}}},"version":"v1"}