{"_sessions":{"BS5mnZ53rV/c8RonmU8vUoPylWe7oAASoq90owxhv+cq":{"registrationId":1498732432,"currentRatchet":{"ephemeralKeyPair":{"pubKey":"BWDfFRNBUbRz+5XMBFrq5g7upDG58+TX+ueegPNkVGZK","privKey":"CI2gxROflBnBs7CkadioF5KBhKqoCa275cFbhfXHQFc="},"lastRemoteEphemeralKey":"BZWVc7xwD2jALxHydD2GKFjGSPESPvhzsb+xt8a0Lq42","previousCounter":0,"rootKey":"ycRTBaO1DrmGskA9roeZJHO4lAYXvijly0mwfUJpVkU="},"indexInfo":{"baseKey":"BS5mnZ53rV/c8RonmU8vUoPylWe7oAASoq90owxhv+cq","baseKeyType":2,"closed":-1,"used":1686841353260,"created":1686841353260,"remoteIdentityKey":"BUsL3tA82GmUr/rbBKHE6aPQqZAw1N6PHjS6P5SMNctZ"},"_chains":{"BZWVc7xwD2jALxHydD2GKFjGSPESPvhzsb+xt8a0Lq42":{"chainKey":{"counter":0,"key":"mJngNvM70JG0DwyGHL2EMSB1dEb616S27qKX3k9hxCY="},"chainType":2,"messageKeys":{}},"BWDfFRNBUbRz+5XMBFrq5g7upDG58+TX+ueegPNkVGZK":{"chainKey":{"counter":-1,"key":"anUsBIoMeK2lIlmr4P5SGDkp8AwTQ2Z1x0p0bWJnqRs="},"chainType":1,"messageKeys":{}}}}},"version":"v1"}