{"_sessions":{"BfU9Gkdez4LBZOdN72HziIyVrs6NIHx9BuItii2gWaFx":{"registrationId":836,"currentRatchet":{"ephemeralKeyPair":{"pubKey":"BWqJtFR0x7MWxTcS+SQKgNiAKOMhioPgcf79w+BwCsQQ","privKey":"WNgWbetmxey9NDCRBShzVhVf797Lyd8mCkLOflceA38="},"lastRemoteEphemeralKey":"BfKRJiQRoctPpywd34LIB11t8R7tY42CyKppOXci+I5F","previousCounter":0,"rootKey":"Pt7QivVwOl5Q6IiRRQq4WSQso19Qzfrd829JfOwrncg="},"indexInfo":{"baseKey":"BfU9Gkdez4LBZOdN72HziIyVrs6NIHx9BuItii2gWaFx","baseKeyType":2,"closed":-1,"used":1686910490851,"created":1686910490851,"remoteIdentityKey":"BZOdrobQhMW6XqEqpo5nQKNROHTHJqtiw4MDheYqEQ4g"},"_chains":{"BfKRJiQRoctPpywd34LIB11t8R7tY42CyKppOXci+I5F":{"chainKey":{"counter":3,"key":"zYQ/23K8Cpti41FcVwPzCYp74sNVcMcYsnLWA41JL/8="},"chainType":2,"messageKeys":{}},"BWqJtFR0x7MWxTcS+SQKgNiAKOMhioPgcf79w+BwCsQQ":{"chainKey":{"counter":-1,"key":"tXvahPnnOh2EmPMIRJERBNeAkWNHQ8YSE7OA13RoheA="},"chainType":1,"messageKeys":{}}}}},"version":"v1"}