{"_sessions":{"BX4pqmMvcvDOArxWJHTOGk1n5dpUd7zZqjHz9c+iu/pa":{"registrationId":20927262,"currentRatchet":{"ephemeralKeyPair":{"pubKey":"BQjVQlA1ubK2Uu36XGFys2DZwNMppu+7iPUKV+jJFqhi","privKey":"AH+LXt6c6HR9yKPmzqwO5rqgUusqDnEpYvnfY4KQu08="},"lastRemoteEphemeralKey":"BdHZa/RFUFZTEafZBPu0Sk001j2jgwPwcOe+qHRA01Nl","previousCounter":0,"rootKey":"VQDfUUR/Why150FNxzlcIWlJMxFmDyx8cKtdARqcckE="},"indexInfo":{"baseKey":"BX4pqmMvcvDOArxWJHTOGk1n5dpUd7zZqjHz9c+iu/pa","baseKeyType":2,"closed":-1,"used":1686877771016,"created":1686877771016,"remoteIdentityKey":"BRpgZDcsawqtUFAGDC8Of0WPLFNBEZLy7srFvrYVDYhe"},"_chains":{"BdHZa/RFUFZTEafZBPu0Sk001j2jgwPwcOe+qHRA01Nl":{"chainKey":{"counter":1,"key":"aaVvGLPOupSwwXcMJIMuUCeBZgZJ/klXySAu60KONeo="},"chainType":2,"messageKeys":{}},"BQjVQlA1ubK2Uu36XGFys2DZwNMppu+7iPUKV+jJFqhi":{"chainKey":{"counter":-1,"key":"fkTUA3ef1sCwZRs6JyAxDspHQOxF0fEDh21FL5XAj8c="},"chainType":1,"messageKeys":{}}}}},"version":"v1"}