{"_sessions":{"BR7y3KDQ/HrAiZmx0btQrl60w4zAvcyfIqyGSQkfZb5A":{"registrationId":697313287,"currentRatchet":{"ephemeralKeyPair":{"pubKey":"BU3s0qeLE7LARN/jRAg7Rw/Qz3cyU8usx9XgiRnM5vcu","privKey":"2LHLWwdP0cNXNJbI775uoKqymA7qhikaVUyXBvOjYV8="},"lastRemoteEphemeralKey":"BevOgfhrCFYkzTOm1PejYHZdFwN3NLvmmtr75kt5PNho","previousCounter":0,"rootKey":"wpdCG9ja4DrPsTAUXKHEOkcVZMIKtGVCVN7VFhVXw1I="},"indexInfo":{"baseKey":"BR7y3KDQ/HrAiZmx0btQrl60w4zAvcyfIqyGSQkfZb5A","baseKeyType":2,"closed":-1,"used":1687046586094,"created":1687046586094,"remoteIdentityKey":"Bb/Q/t/zip6q5K1ybN9S3fzuSYFCt9SWFCaaONPYTK0X"},"_chains":{"BevOgfhrCFYkzTOm1PejYHZdFwN3NLvmmtr75kt5PNho":{"chainKey":{"counter":2,"key":"MzsxrxgtTfMuPwbaXs0KU/SD3G7iJNffqSrlvlxo5UA="},"chainType":2,"messageKeys":{"1":"U57QQOX7J2LunHxG5wI9IdHJyjv1wRknlr2noWqfjRs="}},"BU3s0qeLE7LARN/jRAg7Rw/Qz3cyU8usx9XgiRnM5vcu":{"chainKey":{"counter":-1,"key":"+hbPPPNKN49NcxwzpB5Or8Q59NHFrWjM+atk9rSTN/s="},"chainType":1,"messageKeys":{}}}}},"version":"v1"}