{"_sessions":{"BYVFAFO1M1XQwlAm5HWJDlPauxOJ49+3nR22UBDXIxt+":{"registrationId":948713723,"currentRatchet":{"ephemeralKeyPair":{"pubKey":"BXssYf/Y7lR99DsnhO8sRwU7+Lc2u/n7ziGDlcPe2yJ8","privKey":"YE/aNk28oED8PmLzIV0Rfw3qN1iOVFzoJDJvf7c7nWI="},"lastRemoteEphemeralKey":"BX9i90FszOy1mVRPmyYroMBwthEaRPhBn+djGRkVgHgp","previousCounter":0,"rootKey":"4yYEfsAt9WmS7AXkDkeavQJArxGIf/uj3lFYfnukzJI="},"indexInfo":{"baseKey":"BYVFAFO1M1XQwlAm5HWJDlPauxOJ49+3nR22UBDXIxt+","baseKeyType":2,"closed":-1,"used":1686979470011,"created":1686979470011,"remoteIdentityKey":"BXJxJoeuxbrs1d8Zg6b4h0+/mrLihoIqaJeuOcgaxC1d"},"_chains":{"BX9i90FszOy1mVRPmyYroMBwthEaRPhBn+djGRkVgHgp":{"chainKey":{"counter":1,"key":"4KxjrvNNl+fgoJOPILrO/gm/jDYcuLqlEzu6YXOpCU8="},"chainType":2,"messageKeys":{}},"BXssYf/Y7lR99DsnhO8sRwU7+Lc2u/n7ziGDlcPe2yJ8":{"chainKey":{"counter":-1,"key":"2p4bQ/PWM8/KP8vbGAD51y9iL3RcJP5qnCOtq5rDvgM="},"chainType":1,"messageKeys":{}}}}},"version":"v1"}