{"_sessions":{"BVmusa+4cuikK91B9dqJ6EYagOe3KcoieJ0UeaH2jQUt":{"registrationId":1110798303,"currentRatchet":{"ephemeralKeyPair":{"pubKey":"BRCTMS/wTRpAVorauK/+V/qSeVPuKr4KRGdONpLqnHEm","privKey":"UIldbUdITRYdY4R5ELlLu9wd+ytNWzTYqg/SIjNs0mQ="},"lastRemoteEphemeralKey":"BSpSYTSiZeKvK1KkrMv1ePb0oHmOBvlfnWd4IfK3xCQF","previousCounter":0,"rootKey":"SbyTEAjDxZvW39fto0QXuWOWxmgnz4B5wifYB0MGM9g="},"indexInfo":{"baseKey":"BVmusa+4cuikK91B9dqJ6EYagOe3KcoieJ0UeaH2jQUt","baseKeyType":2,"closed":-1,"used":1687004679200,"created":1687004679200,"remoteIdentityKey":"BVg1JiI9HsBONewGXR76R9mem9RCvb6eLoK7MWZyX7dA"},"_chains":{"BSpSYTSiZeKvK1KkrMv1ePb0oHmOBvlfnWd4IfK3xCQF":{"chainKey":{"counter":3,"key":"bWL1pyoWhIsGuYA0ufNweQWo0iJFJa5uaBJCSHIOK4I="},"chainType":2,"messageKeys":{}},"BRCTMS/wTRpAVorauK/+V/qSeVPuKr4KRGdONpLqnHEm":{"chainKey":{"counter":-1,"key":"rUjWG7BnZvr0Dou+gOQZ8QTVKuhZnzOTd8s0skbvUBs="},"chainType":1,"messageKeys":{}}}}},"version":"v1"}