{"_sessions":{"BTcUiouq2ua3pj1oEhk43VSWnVjdiactNKcB+EnjBv9g":{"registrationId":385612597,"currentRatchet":{"ephemeralKeyPair":{"pubKey":"Bc/W8k66Bom/aMbv2gErDvY764aPq5NNPJfePHwYNOc4","privKey":"GKSn48o3QTDJEcE4/Hgnw/amj59GZtWwTESPFXEyYHs="},"lastRemoteEphemeralKey":"BYl9vDZjRA2hci/xCL06B7sOQKW4gvw1H5nTP3/nuchP","previousCounter":0,"rootKey":"l8muTu94K9yflqLkI7bjOhs1QTAsByJIlm8YEIXQ2DI="},"indexInfo":{"baseKey":"BTcUiouq2ua3pj1oEhk43VSWnVjdiactNKcB+EnjBv9g","baseKeyType":2,"closed":-1,"used":1686844183433,"created":1686844183433,"remoteIdentityKey":"BVoOq31IHLQ0DZOM/3bX3GYA+O9xcaKrK9ILyPedR9wY"},"_chains":{"BYl9vDZjRA2hci/xCL06B7sOQKW4gvw1H5nTP3/nuchP":{"chainKey":{"counter":8,"key":"9Ow0HD4L1uz0/yiX772U1uyh0IzbotE66M/RU7w1xGQ="},"chainType":2,"messageKeys":{}},"Bc/W8k66Bom/aMbv2gErDvY764aPq5NNPJfePHwYNOc4":{"chainKey":{"counter":-1,"key":"VIMxV/KvZTQMrUoImFfNcm6lajzw62RIQRC/ja9Lm3k="},"chainType":1,"messageKeys":{}}}}},"version":"v1"}