{"_sessions":{"BbUsf1QbSel0hDX97ec4IGMt2uWpbg9cDO/15cgAZRU/":{"registrationId":1548045086,"currentRatchet":{"ephemeralKeyPair":{"pubKey":"Ba2LS5Ui9JUI3TpmR6ossG9cM+RIOpxxVReXc9eT/rUC","privKey":"aHd5/mb5Q2/TayirWMh2kdanaulOPZK/mtRbfBDDTVw="},"lastRemoteEphemeralKey":"BQqh6T5dhWWYl9pMrMNfHjpsxXwDNBocv/+YeAvVJAR2","previousCounter":0,"rootKey":"E2AGUO5pTTzHcY+sRfogoeYb2NtMqbUI0jTADp7n3RM="},"indexInfo":{"baseKey":"BbUsf1QbSel0hDX97ec4IGMt2uWpbg9cDO/15cgAZRU/","baseKeyType":2,"closed":-1,"used":1686982927692,"created":1686982927692,"remoteIdentityKey":"BeEIqCTdXsVVkLvgBau1PchxzhfITjDnjzLDVRK+F+k3"},"_chains":{"BQqh6T5dhWWYl9pMrMNfHjpsxXwDNBocv/+YeAvVJAR2":{"chainKey":{"counter":1,"key":"QQfV93/B7HsvTwnVYhM6osdJRcitMr3yJsPJxXLwkw4="},"chainType":2,"messageKeys":{}},"Ba2LS5Ui9JUI3TpmR6ossG9cM+RIOpxxVReXc9eT/rUC":{"chainKey":{"counter":-1,"key":"Omv9s7hi5I90WfStJJDdNo6W15qX8FpnHp2s8UmnCiY="},"chainType":1,"messageKeys":{}}}}},"version":"v1"}