{"_sessions":{"BYMycbiIRhTXggtH3DksuTCs4a6BnGWNKQ/8d3c7IR0Y":{"registrationId":2060552049,"currentRatchet":{"ephemeralKeyPair":{"pubKey":"BXsCXd7Rnk1zdm5jnseRLkTFNLkH4DoTjDp1KWU3QnBQ","privKey":"wNrJarVANv1xiun5axlqm/N5OoVZ8eHNksqJbLL1bVQ="},"lastRemoteEphemeralKey":"BcXPWa5ivexgKghUNR83YScFZEe50dC9yizhC3XWxkxw","previousCounter":0,"rootKey":"siif0gCQ7InOsXezbDiPSK2Tf3GYqhcO1Ws95HTTsL8="},"indexInfo":{"baseKey":"BYMycbiIRhTXggtH3DksuTCs4a6BnGWNKQ/8d3c7IR0Y","baseKeyType":2,"closed":-1,"used":1686971946105,"created":1686971946105,"remoteIdentityKey":"BTNbBAqQafzHwIRNo+9U2c9QdG9l2p9g0aQgc/HtKpU3"},"_chains":{"BcXPWa5ivexgKghUNR83YScFZEe50dC9yizhC3XWxkxw":{"chainKey":{"counter":0,"key":"s0cgbUbeZcLJ8fHg1tG32r7DJJGt7uqvCL48lcjZgJs="},"chainType":2,"messageKeys":{}},"BXsCXd7Rnk1zdm5jnseRLkTFNLkH4DoTjDp1KWU3QnBQ":{"chainKey":{"counter":-1,"key":"d3mgDnkv7v5Sl6FdA6fTLdCRwpcbkwfwIndXvuuTklQ="},"chainType":1,"messageKeys":{}}}}},"version":"v1"}