{"_sessions":{"Ba5KQj5l9STA0qodti8HaCCxu8QdKs8vDCznh6czI3ti":{"registrationId":1884686576,"currentRatchet":{"ephemeralKeyPair":{"pubKey":"BdmoOiyzQqyU2+u690dN1CFHY41aYdaMqdzZ7yG99W90","privKey":"EMGeNI7iFIYoXlRrXQ9mzpp0S6LoiAnV8iH8eOcG4VI="},"lastRemoteEphemeralKey":"BdjlUdFs38vq9i+lKtQZxhBffvJR06Iu6MroQvTtmEwq","previousCounter":0,"rootKey":"jKRMlx3g3VoCv6eSrkv83cJdeRLYXeFOWOaYewz17Wg="},"indexInfo":{"baseKey":"Ba5KQj5l9STA0qodti8HaCCxu8QdKs8vDCznh6czI3ti","baseKeyType":2,"closed":-1,"used":1686999361188,"created":1686999361188,"remoteIdentityKey":"BZrMMTN7Vd2xAIw8j1EqRFAQUPn6ED/aMBVhw3/S47Iq"},"_chains":{"BdjlUdFs38vq9i+lKtQZxhBffvJR06Iu6MroQvTtmEwq":{"chainKey":{"counter":1,"key":"enSPJfh9LJEV5qFQkhrBJg2iHBzYR3mJnuyonGpX5TA="},"chainType":2,"messageKeys":{}},"BdmoOiyzQqyU2+u690dN1CFHY41aYdaMqdzZ7yG99W90":{"chainKey":{"counter":-1,"key":"b+Om31iAOvdELUnWDHijA90TSLhsXAXC30MMqOlUBj8="},"chainType":1,"messageKeys":{}}}}},"version":"v1"}