{"_sessions":{"BdSvGjNN2wtg8TWezH3PlM9xz0H2g8u7YdyJXKGd17JF":{"registrationId":1150418127,"currentRatchet":{"ephemeralKeyPair":{"pubKey":"BSoOzxzERYqGBDe8ABs18OHnnh4DbpDDKoOaa5fu/Zdk","privKey":"UICkV6jiEr8tyOB2unJUT6LNmvR6zBRMvPGxX7kC1VU="},"lastRemoteEphemeralKey":"BaJViUutqSzDjayFlUaBDzlsa7Gyr9hRzyE7i3G0DKoL","previousCounter":0,"rootKey":"eL8tyDuQzDC/U/3gwag/JpaXHejpB0217YmxciTI2Wg="},"indexInfo":{"baseKey":"BdSvGjNN2wtg8TWezH3PlM9xz0H2g8u7YdyJXKGd17JF","baseKeyType":2,"closed":-1,"used":1686845503088,"created":1686845503088,"remoteIdentityKey":"BV8+rGvqz1hQWqVmF0hG+CFClHP+6Mps6fE8XLVVU+pF"},"_chains":{"BaJViUutqSzDjayFlUaBDzlsa7Gyr9hRzyE7i3G0DKoL":{"chainKey":{"counter":2,"key":"h3CEQC/+2uTd90ey/rLljD6OkAd8f9F7otMetUHuzo4="},"chainType":2,"messageKeys":{}},"BSoOzxzERYqGBDe8ABs18OHnnh4DbpDDKoOaa5fu/Zdk":{"chainKey":{"counter":-1,"key":"emDZagLE8FLq/Ti1jSVYwej29HDRINd55283y2FvwFY="},"chainType":1,"messageKeys":{}}}}},"version":"v1"}