{"_sessions":{"BVBb3qce7ENMSSrSqaPR7LY9YD0T/I4L2MLoLH7fnsdu":{"registrationId":1970586060,"currentRatchet":{"ephemeralKeyPair":{"pubKey":"BTlpeepTAXKeDXVitMxYWQu87EjbneK6gPqCa1FE8vNA","privKey":"gLGfVy2iAHPclbP/lT7wrP48BJayyD0GMlz137aT9kc="},"lastRemoteEphemeralKey":"BfhGYNDvisTV4Yg6GMghl33Ln2cTFA+ljGxeQpUYxuhc","previousCounter":0,"rootKey":"vXc8y+xEqXgVKOMzd7UegdNiAhGfP2Y+mczxjkziKo0="},"indexInfo":{"baseKey":"BVBb3qce7ENMSSrSqaPR7LY9YD0T/I4L2MLoLH7fnsdu","baseKeyType":2,"closed":-1,"used":1686898408315,"created":1686898408315,"remoteIdentityKey":"Bd458qZBIfytWwI3ri9lExmrGfuq1kk051LW2pkQvXIc"},"_chains":{"BfhGYNDvisTV4Yg6GMghl33Ln2cTFA+ljGxeQpUYxuhc":{"chainKey":{"counter":1,"key":"hPcc/DjpFg7+rLhg1Lo+JoWsDfbl74IhSzUaEWfQffM="},"chainType":2,"messageKeys":{}},"BTlpeepTAXKeDXVitMxYWQu87EjbneK6gPqCa1FE8vNA":{"chainKey":{"counter":-1,"key":"yNolVzhAzGJSr2TSUKuoYAYgcD+BLmMJicy7n7a7Dgw="},"chainType":1,"messageKeys":{}}}}},"version":"v1"}