{"_sessions":{"BQWl1Xu1jD4dLP/8MPMTvDjLB0KyNF3IGrIDKgeIex0c":{"registrationId":1733360843,"currentRatchet":{"ephemeralKeyPair":{"pubKey":"BYwrjBpLjGitl0ttlMzKACYX/HSGuSXI29TcjrVMzQVQ","privKey":"2Mgo7rnllemWAj7SYEVbrTGq5u5jDQWhWrANvWdnx0I="},"lastRemoteEphemeralKey":"BRZAqHWyetjQw6vTt0P3cTU37cQJZwvR3VEWekLPC2cB","previousCounter":0,"rootKey":"d5r6sl3WQ7roG0QlaA8tERNNt4aVes0aa1CvFhDv6Ok="},"indexInfo":{"baseKey":"BQWl1Xu1jD4dLP/8MPMTvDjLB0KyNF3IGrIDKgeIex0c","baseKeyType":2,"closed":-1,"used":1686955417200,"created":1686955417200,"remoteIdentityKey":"BRdhQ13UjKvkcQybw3/pJCiGk2NPAXPB880FC+1uBAsa"},"_chains":{"BRZAqHWyetjQw6vTt0P3cTU37cQJZwvR3VEWekLPC2cB":{"chainKey":{"counter":0,"key":"ed+5jeugmYREz/Fi+d1M1NsKOlCyG9fv6gDbAEK2VPw="},"chainType":2,"messageKeys":{}},"BYwrjBpLjGitl0ttlMzKACYX/HSGuSXI29TcjrVMzQVQ":{"chainKey":{"counter":-1,"key":"uNODnCWgQz4Kebxo5iAU9TkjZBVqfkDls1JRh0t0qfk="},"chainType":1,"messageKeys":{}}}}},"version":"v1"}