{"_sessions":{"Bdq3Ma0Bwid6HXbyeunAMWgIEgeLb02JqHHHcZ3JrRgo":{"registrationId":196015876,"currentRatchet":{"ephemeralKeyPair":{"pubKey":"BXz5zfVJFbvnUO53uv2u0ZObfMFfrAB7NIpRwzM5H9he","privKey":"uN0uJo7tU1EUF+sUWY8jwCIVGcrUBcaL0Lwu2pyuClk="},"lastRemoteEphemeralKey":"BekMqQADpTAsUQ9xLpzjExhr0TC5C8YYioU8oDMDDPFy","previousCounter":0,"rootKey":"XezHyO70dUpP/CrPyBhnSyAXWNia3Mfw5ylD+ZPYf48="},"indexInfo":{"baseKey":"Bdq3Ma0Bwid6HXbyeunAMWgIEgeLb02JqHHHcZ3JrRgo","baseKeyType":2,"closed":-1,"used":1686872222364,"created":1686872222364,"remoteIdentityKey":"BRAUDpTx0WtdxouUgx/QWPunTqjkR5GdzWj810pKe4tN"},"_chains":{"BekMqQADpTAsUQ9xLpzjExhr0TC5C8YYioU8oDMDDPFy":{"chainKey":{"counter":1,"key":"dKPKoGRSjTMovdWMisApTFd7/cgm1eKGGE7qoGQx1vI="},"chainType":2,"messageKeys":{}},"BXz5zfVJFbvnUO53uv2u0ZObfMFfrAB7NIpRwzM5H9he":{"chainKey":{"counter":-1,"key":"N1/4gtxIxhiLF7sw7bDCLfBMcJLvkgq2xlXjdvCU3II="},"chainType":1,"messageKeys":{}}}}},"version":"v1"}