{"_sessions":{"BXfiJzWUeAJOF5VzosU3leXysfKbmtC7nzdRVAw5eUcZ":{"registrationId":1738324409,"currentRatchet":{"ephemeralKeyPair":{"pubKey":"BfBnM7TeJ9zxQ+JuD29ol+3qYFiPNnyYKx3l2jfZEO1D","privKey":"OD194TGBe1jAdmpZt4gxzDgRb/3ojo0VF4YlB2tu72w="},"lastRemoteEphemeralKey":"BTIqxuQ9Zszo6jk2fl6zvAaPVE5sd/jGrI/NMhArNmJS","previousCounter":0,"rootKey":"b/2pBE9tdOzi7G9IHhiVoAwnSujbyfJ1WecxjlBiU1Y="},"indexInfo":{"baseKey":"BXfiJzWUeAJOF5VzosU3leXysfKbmtC7nzdRVAw5eUcZ","baseKeyType":2,"closed":-1,"used":1686885020332,"created":1686885020332,"remoteIdentityKey":"Bc4JgxEOyOvG1l3UtZm/IQmlhuXQe1UOOrkgDiPdlCt8"},"_chains":{"BTIqxuQ9Zszo6jk2fl6zvAaPVE5sd/jGrI/NMhArNmJS":{"chainKey":{"counter":2,"key":"f3RtFOa6Jk60X//2ygmqbJ2BUu9VyqZqgDjGTCzfMuw="},"chainType":2,"messageKeys":{}},"BfBnM7TeJ9zxQ+JuD29ol+3qYFiPNnyYKx3l2jfZEO1D":{"chainKey":{"counter":-1,"key":"8qkc6LqvEyerHcg0CsE7+nlm5aDBDIEDi6E+VM2VJw8="},"chainType":1,"messageKeys":{}}}}},"version":"v1"}