{"_sessions":{"BXzP6kcEOLVybQgchrEE57ZlOSyXMfFZh4Nvjhu3UTBn":{"registrationId":916525764,"currentRatchet":{"ephemeralKeyPair":{"pubKey":"BTvLlcDj8rbrJoFU2hmic0zPup8PpHZ/UljqTfXT/5oo","privKey":"wP3XqZTTG2DCvskvYzVYwsYn0duJ2T5/CLRVShXkJ3I="},"lastRemoteEphemeralKey":"BVVkhBjyVIVz7y65mXPLUy7nl7bLBpplc1YedR0fZRVZ","previousCounter":0,"rootKey":"jmQ37nZj5g4pU2HYCkqySbe37GE5XdvXRuD29DxCDo0="},"indexInfo":{"baseKey":"BXzP6kcEOLVybQgchrEE57ZlOSyXMfFZh4Nvjhu3UTBn","baseKeyType":2,"closed":-1,"used":1686995078438,"created":1686995078438,"remoteIdentityKey":"BVQiP99DFYJs2KGbgjq1rRQBEfBzuINPOwRXp6jEew0I"},"_chains":{"BVVkhBjyVIVz7y65mXPLUy7nl7bLBpplc1YedR0fZRVZ":{"chainKey":{"counter":1,"key":"G93RcQTgbiWwGOLd2HuL5PwqN1JyUodmc2HzWWFkpCo="},"chainType":2,"messageKeys":{}},"BTvLlcDj8rbrJoFU2hmic0zPup8PpHZ/UljqTfXT/5oo":{"chainKey":{"counter":-1,"key":"EaskX4/4LauaAYx9SZFBSmcmPiEvlNFicuk1PACWnRg="},"chainType":1,"messageKeys":{}}}}},"version":"v1"}