{"_sessions":{"Bewsj7qTv2EmHzRclJG0yJ4kIA3lN98XhHBeK9NpbR8L":{"registrationId":1743019194,"currentRatchet":{"ephemeralKeyPair":{"pubKey":"BY1/chE67Mrper2h7y6xDLSsT5c8kEZHmlO0foGngkJT","privKey":"oH7Ifjm/+ozPUggOiV2zN1swJBPXWmDYVYWUqAsZ61Q="},"lastRemoteEphemeralKey":"BSHVeToCbNe80LziUJcvDl3Teh/sFMqxiNLYoSZXuhhY","previousCounter":0,"rootKey":"VIsl2q38WxphtwerbHFaAX7YPMPzaqGiJG9sq4O2OnY="},"indexInfo":{"baseKey":"Bewsj7qTv2EmHzRclJG0yJ4kIA3lN98XhHBeK9NpbR8L","baseKeyType":2,"closed":-1,"used":1686851183297,"created":1686851183297,"remoteIdentityKey":"BS7J5jivpAKXi5SdSqcq7nV7F9kcexbWEcK2xpcJwLJO"},"_chains":{"BSHVeToCbNe80LziUJcvDl3Teh/sFMqxiNLYoSZXuhhY":{"chainKey":{"counter":1,"key":"Rh/tq/QPQ3CFc2p/RvDMnBknrTaf/2K+Q4T5jH7l0cY="},"chainType":2,"messageKeys":{}},"BY1/chE67Mrper2h7y6xDLSsT5c8kEZHmlO0foGngkJT":{"chainKey":{"counter":-1,"key":"08s7N8rEIDgk1I3RU5F0IfYD0dVLsQTXX014NVpbmWo="},"chainType":1,"messageKeys":{}}}}},"version":"v1"}