{"_sessions":{"Bc+XXelHHB8p/ZhD1xCrs1cup7lOQ/jYwfBwYzsHIlUG":{"registrationId":957373289,"currentRatchet":{"ephemeralKeyPair":{"pubKey":"BTpjQvw2kzuDKtX/TRzF0MpG91tv5YIVXSpTYBFnIosV","privKey":"aMdqqU1YRrGh0sIsCF7dQ6PwBdqTBjtJGl8awBd/SUM="},"lastRemoteEphemeralKey":"BeEfTG++/0rIKW1WeN/Uxvx0fz8/9K3U5PbI0/OhAwgk","previousCounter":0,"rootKey":"Zm/ZPi3MgPX4QFIfu6s8pH0umtgjf+v18yRKqgFR1HY="},"indexInfo":{"baseKey":"Bc+XXelHHB8p/ZhD1xCrs1cup7lOQ/jYwfBwYzsHIlUG","baseKeyType":2,"closed":-1,"used":1686883723713,"created":1686883723713,"remoteIdentityKey":"BaH2Hl/MazRKsvKcW49T31Fn3FFf2qMI9yynOLkSY7pi"},"_chains":{"BeEfTG++/0rIKW1WeN/Uxvx0fz8/9K3U5PbI0/OhAwgk":{"chainKey":{"counter":45,"key":"2emmQ3vo+iD05fEJ6Rr1DETHaBPa5dWe6cYudYUWSSk="},"chainType":2,"messageKeys":{"15":"twKXU8Fz6zAAjllbvjBE52c3/TPznKaVKaAStY+mDaI=","18":"VVKsxV7oZCECzaa8HvfT8A8C/gRuKI+LM6vHlBkoiy8=","20":"j2fqcC2haWzlHgMpppol5NM5/BGlgBZe/HJ+EULYwk4=","21":"+YzhbC84WasohuBvFzngEOvcpIqKvTX2PqjyNSb50rE=","24":"prLfgLZmhUAXg0t6J9RAUtaJNm4vMNElH8gs13lN96g=","25":"Q+sNEVjvxN7fBPJNG4XS9/tKM5Wmwfw1uwKn+4Dcs5k=","26":"TXkY6Q8ghFi7Ijht+FDEOYjkV55AWYFCqQoolBiBt/k=","27":"tCe9irE8ZICcY8ZPxjTFVfnhRHRfDsViTzjYPW0GApU=","28":"MnBQEUDoIYA5FfXlxfCr9TMD47nszktODr+IyY7al6s=","29":"nh80F7fyEiqHLHyGd1niNQzhCK5g1Jy2Zmw+c9l++X0=","30":"PVTgatg+JBE5+7wCMd7iv2sAnC5MQfjuByA+lOSX82A="}},"BTpjQvw2kzuDKtX/TRzF0MpG91tv5YIVXSpTYBFnIosV":{"chainKey":{"counter":-1,"key":"AvhHptbJQqOSauGd+L2WaSqiqflFAtvGqAIM+/KWsqg="},"chainType":1,"messageKeys":{}}}}},"version":"v1"}