{"_sessions":{"Bak4/H+mZcaDvAH+4jUVgDUfw6HpyXHIgoG3H52nJxJS":{"registrationId":482554794,"currentRatchet":{"ephemeralKeyPair":{"pubKey":"Bb4p1S2MubaEkbGVbM3i1s3DVxgn2si2e+wPklJOD6EL","privKey":"6ALBXxSu93NkAcUSAxCHOCnGJBgLFsyEOm6SzeGVDH0="},"lastRemoteEphemeralKey":"BYPDW2FozYiQnHt3HtCLY924PETTGjGon8mtNQS9nh0F","previousCounter":0,"rootKey":"Bf6/s2rCH44WAuWPWiThdtn4avq/d330ElFZr+5/R9A="},"indexInfo":{"baseKey":"Bak4/H+mZcaDvAH+4jUVgDUfw6HpyXHIgoG3H52nJxJS","baseKeyType":2,"closed":-1,"used":1686865457898,"created":1686865457898,"remoteIdentityKey":"BXMOntwhRlcy6AvYKO2sN0f5pvaUxwEDr1fdkwLQm48U"},"_chains":{"BYPDW2FozYiQnHt3HtCLY924PETTGjGon8mtNQS9nh0F":{"chainKey":{"counter":1,"key":"JECAx3bpt37u/esBU6XqaClIaM6p2WXkgJ7s5c/oei4="},"chainType":2,"messageKeys":{}},"Bb4p1S2MubaEkbGVbM3i1s3DVxgn2si2e+wPklJOD6EL":{"chainKey":{"counter":-1,"key":"0oZO3q+qDIf4IWmg/R5/vlT+rzRZDCdsda8Y9COtJGQ="},"chainType":1,"messageKeys":{}}}}},"version":"v1"}