{"_sessions":{"BQJ46MyZEkmqTFoq+4sSKVDMt/CO8mT7ZdWw38ug14wY":{"registrationId":902580837,"currentRatchet":{"ephemeralKeyPair":{"pubKey":"BbhBjfA6ceMi7QGHxNIjPbTOKYZWYm1t0aLVyDhtQ+dU","privKey":"SCuCENIfONW23zO3mmWBHC0TFkQut81pa1XFtx1/9kg="},"lastRemoteEphemeralKey":"BcZ0YXWpIhmL2Dj250YGlSNrhaDIoI2WIAWW3CS5jzUS","previousCounter":0,"rootKey":"fWzshf+DH6X62wH7H1rb3IjwrAeCMTjmA7+WvXqlpZY="},"indexInfo":{"baseKey":"BQJ46MyZEkmqTFoq+4sSKVDMt/CO8mT7ZdWw38ug14wY","baseKeyType":2,"closed":-1,"used":1686995655538,"created":1686995655538,"remoteIdentityKey":"BX074dn4tzOgIaS+O9HFJjy+avQtzNYFDozJfOIoceYT"},"_chains":{"BcZ0YXWpIhmL2Dj250YGlSNrhaDIoI2WIAWW3CS5jzUS":{"chainKey":{"counter":0,"key":"4BMOig+H2lhILuoQ4C2dLQchYO6vk9PIFkEWFcwEz7Q="},"chainType":2,"messageKeys":{}},"BbhBjfA6ceMi7QGHxNIjPbTOKYZWYm1t0aLVyDhtQ+dU":{"chainKey":{"counter":-1,"key":"HbUDXxbAkLyOmF1juy6k3RhJM3O2e5i8DFPL9AlGfBc="},"chainType":1,"messageKeys":{}}}}},"version":"v1"}