{"_sessions":{"BYURyTXDYHZ7tSm6faGBjPPQf1s7dhTVzfAQqOiRBT4z":{"registrationId":754561233,"currentRatchet":{"ephemeralKeyPair":{"pubKey":"Ba//7T5fLSkCb2n9HFY6/7dwFKSfEoQBBw6VUBfP0foE","privKey":"CJjcDSBZqDTcQgDnlv7dsBVGxF0qprT30B320vZerXk="},"lastRemoteEphemeralKey":"BfHTPChA5Lme938dVbx/6+MGUTsS8ysB97nof+n8QcQH","previousCounter":0,"rootKey":"dsyYbEkIMQv/e5QdxeQsj6xD6tNsRzGh4KPVv0IYhIc="},"indexInfo":{"baseKey":"BYURyTXDYHZ7tSm6faGBjPPQf1s7dhTVzfAQqOiRBT4z","baseKeyType":2,"closed":-1,"used":1686837946223,"created":1686837946223,"remoteIdentityKey":"BWFYhIQMcydKXIWXtlDs8NfX0rnsnjKLtR/DA5wIONQ5"},"_chains":{"BfHTPChA5Lme938dVbx/6+MGUTsS8ysB97nof+n8QcQH":{"chainKey":{"counter":12,"key":"u0FRLEmbeNO9Ox5uj8ONVueohjavpZ2+qVhi8mHMLzw="},"chainType":2,"messageKeys":{"11":"SThrcw0ycp6Z3U59/y+DM40YOKYXbH+9RzUGk8HS64Y="}},"Ba//7T5fLSkCb2n9HFY6/7dwFKSfEoQBBw6VUBfP0foE":{"chainKey":{"counter":-1,"key":"snxUJtTT0CskyOXwgLMGUn61hgkVGChWtZ4HJExs1zw="},"chainType":1,"messageKeys":{}}}}},"version":"v1"}