{"_sessions":{"BXFy2WOGshNZwRzl2TEXzdJW22WPoP04aJPmeRbTo1Q4":{"registrationId":1250625455,"currentRatchet":{"ephemeralKeyPair":{"pubKey":"BfZ9bFfpGwktLdrzyB2nWpK5NFjLAtpBp1YVuumfv4xF","privKey":"GNhO2hqBvs7P1qS1GzftrCfNkaEkUq2S4UyXoqAxuEQ="},"lastRemoteEphemeralKey":"BQRdzdE16+Sp4GoRKag6Vtc+QaFBZLCVPf/14pqDiP8y","previousCounter":0,"rootKey":"a8eKQCSlF/RjjFhLZZtxypSU5kwFOnabHnPNHoqfr5k="},"indexInfo":{"baseKey":"BXFy2WOGshNZwRzl2TEXzdJW22WPoP04aJPmeRbTo1Q4","baseKeyType":2,"closed":-1,"used":1686964684571,"created":1686964684571,"remoteIdentityKey":"BbpZnxUuWdo9XPR7rmMhf7Z69yf1aj7SZdHi9HoHRt0a"},"_chains":{"BQRdzdE16+Sp4GoRKag6Vtc+QaFBZLCVPf/14pqDiP8y":{"chainKey":{"counter":0,"key":"rR5B5jGKrY4r6QyQbJXZCpZrOPYqIETn27Tu97ljM8M="},"chainType":2,"messageKeys":{}},"BfZ9bFfpGwktLdrzyB2nWpK5NFjLAtpBp1YVuumfv4xF":{"chainKey":{"counter":-1,"key":"YSENxgOrA2h4HCNNscLmutLcUVl2kUXXzfPzwrvJBeY="},"chainType":1,"messageKeys":{}}}}},"version":"v1"}