{"_sessions":{"BU/WlQ/cL0k16AcMoGeeoLzOpei9Frd+wmjA3EkHIdMS":{"registrationId":338316252,"currentRatchet":{"ephemeralKeyPair":{"pubKey":"BRZuFptaHiBEtixFxqQuXxzjlTOpJ4FKuVqaS9V/jbk+","privKey":"sN8Pb7pTTMqgbnuz/GFxTvqv8i6+eA3iGsQNhGxi+Gg="},"lastRemoteEphemeralKey":"Beret4x/c38otNPh1WE2IqCJvkoBEkqbH3p6UEtLx9tG","previousCounter":0,"rootKey":"xSpec6D4Z7gkVNSZShENwpoeCEZ1grz/dTnvXi99Wlw="},"indexInfo":{"baseKey":"BU/WlQ/cL0k16AcMoGeeoLzOpei9Frd+wmjA3EkHIdMS","baseKeyType":2,"closed":-1,"used":1686874335055,"created":1686874335055,"remoteIdentityKey":"BTrjeTDGvpOcsoXbbL7pz8chpMqbeKRbEkkGRIwn/2l9"},"_chains":{"Beret4x/c38otNPh1WE2IqCJvkoBEkqbH3p6UEtLx9tG":{"chainKey":{"counter":8,"key":"LbrpipWKelQhUSNUfwtlj4Bzj3X4kDKijJcA6DgMyYQ="},"chainType":2,"messageKeys":{}},"BRZuFptaHiBEtixFxqQuXxzjlTOpJ4FKuVqaS9V/jbk+":{"chainKey":{"counter":-1,"key":"9TXvey4WBBVkUCztJmixsibqQAb2MSqU2vxDlS4x98k="},"chainType":1,"messageKeys":{}}}}},"version":"v1"}