{"_sessions":{"BQ9OCgnc3PVvqcrA/z5rbIx+GSI64kMc7TdogY/oHG5u":{"registrationId":1479603101,"currentRatchet":{"ephemeralKeyPair":{"pubKey":"Bf8d96bnDVgPje9mtOfO2oeKLUwGK2U3UIdqM7VUmkFs","privKey":"0OyDQblnsZujuMoTLGq1DKW20Iy7iJkeLWS11Q+De0g="},"lastRemoteEphemeralKey":"BcL01v81YMz/TAjp8dWkssVrB/ABDp4ALDyZbfTdYDBu","previousCounter":0,"rootKey":"GbUC4gBW1h76RChksG6XwkQssYKdfUKkHlBOWekt6ug="},"indexInfo":{"baseKey":"BQ9OCgnc3PVvqcrA/z5rbIx+GSI64kMc7TdogY/oHG5u","baseKeyType":2,"closed":-1,"used":1686877588070,"created":1686877588070,"remoteIdentityKey":"BTWghtXPNLkXkFlcNFhNOmp6C5c3OZ1SeL8bu0FrEHMX"},"_chains":{"BcL01v81YMz/TAjp8dWkssVrB/ABDp4ALDyZbfTdYDBu":{"chainKey":{"counter":0,"key":"jhuMh+QblhajrV+d8J75Nsh1FuF/S7k6pg6eF2D+E+Q="},"chainType":2,"messageKeys":{}},"Bf8d96bnDVgPje9mtOfO2oeKLUwGK2U3UIdqM7VUmkFs":{"chainKey":{"counter":-1,"key":"fqdgP7b+iCB9O6dGPwy8awez8oiH1JrdgbAX7747VFE="},"chainType":1,"messageKeys":{}}}}},"version":"v1"}