{"_sessions":{"BbFCw4m20VQuyecqGCkYGbftLlqUNeeqKd9ZgpCxdUxv":{"registrationId":219941121,"currentRatchet":{"ephemeralKeyPair":{"pubKey":"BQUMHAvMtM74OZSutqfxHQbq2qzw9UrRubOeFGHFCPFH","privKey":"eCuRdj01yyaTojpP7l5wslpAYS5NQPl9Hc0HCfYpXkI="},"lastRemoteEphemeralKey":"BfQykT12qIrL28h1Tou19RfhtBMPKHURNdfDa9ixbTEP","previousCounter":0,"rootKey":"jQTTXi3gLJrG5MnjXAjDLltPO9CcAMyoG8skTiULBwQ="},"indexInfo":{"baseKey":"BbFCw4m20VQuyecqGCkYGbftLlqUNeeqKd9ZgpCxdUxv","baseKeyType":2,"closed":-1,"used":1687009215884,"created":1687009215884,"remoteIdentityKey":"BVAtQ9x9c7TwNM7embXxgUUTpf6ivubEdXWlbE6CuMtT"},"_chains":{"BfQykT12qIrL28h1Tou19RfhtBMPKHURNdfDa9ixbTEP":{"chainKey":{"counter":0,"key":"eSBNkpR78F22NXvXmQjCNEHASaSo/1Qaw+/S/oBhoFk="},"chainType":2,"messageKeys":{}},"BQUMHAvMtM74OZSutqfxHQbq2qzw9UrRubOeFGHFCPFH":{"chainKey":{"counter":-1,"key":"wfLiBZx6FOkQDzz8olMsMnFeF8//Upjxr/xLV8gdY0Y="},"chainType":1,"messageKeys":{}}}}},"version":"v1"}