{"_sessions":{"BY/8KPhC0VeXRUmUsNJ33x/IFJWDX6Cma9a3N3XqBggJ":{"registrationId":2134259951,"currentRatchet":{"ephemeralKeyPair":{"pubKey":"BareAi+eAtW8Uzk7OEqXIDWqtLYIZAhxDbR/3b8xcHlT","privKey":"QF1EODZEmiBCZdiYbqIE4CAzsANjXOV1XK/ee7PdiVs="},"lastRemoteEphemeralKey":"BT0YvkdMkSw46M70aroV9ik/DLS5mMf6r2vrCHafqjAN","previousCounter":0,"rootKey":"t2opTm19xNDtKM5xu+CVQbPzeaEV/akFIM1Wkg7MBjE="},"indexInfo":{"baseKey":"BY/8KPhC0VeXRUmUsNJ33x/IFJWDX6Cma9a3N3XqBggJ","baseKeyType":2,"closed":-1,"used":1686911390994,"created":1686911390994,"remoteIdentityKey":"BeQgBBe6q4XUAyCXYDtZHAnl9KU3llmQvDZriO3sWgl9"},"_chains":{"BT0YvkdMkSw46M70aroV9ik/DLS5mMf6r2vrCHafqjAN":{"chainKey":{"counter":0,"key":"DdM4qZ04UUQXArSiJwi99vxVFVbHZxR5u32OieLLCAo="},"chainType":2,"messageKeys":{}},"BareAi+eAtW8Uzk7OEqXIDWqtLYIZAhxDbR/3b8xcHlT":{"chainKey":{"counter":-1,"key":"Dw6yqRcSUncmm34Ys++LeQhUR9Idn22tkl+3R6+hzMA="},"chainType":1,"messageKeys":{}}}}},"version":"v1"}