{"_sessions":{"BZ+f0ejhkUt/pt5XO4QOHq0BuY2lMRgxoHcpndUVeNZe":{"registrationId":816980331,"currentRatchet":{"ephemeralKeyPair":{"pubKey":"BWKU70fppCmjiNeLoDeuBZHGpj+UoZjOlU9zAOWrbyUO","privKey":"mJZAGW4b75jaLbOetD8rj4kYkDAApdLayk6Kfx015Hw="},"lastRemoteEphemeralKey":"BWurB9JrffQlUIkGEbzCqs25KHcZso2ERxqnR/e8xWdC","previousCounter":0,"rootKey":"ufv25TZX+lnroCLAWBVnMQ4OAJBTb+7EqQxJ8PSOi3g="},"indexInfo":{"baseKey":"BZ+f0ejhkUt/pt5XO4QOHq0BuY2lMRgxoHcpndUVeNZe","baseKeyType":2,"closed":-1,"used":1686911077389,"created":1686911077389,"remoteIdentityKey":"Befizk9PM4LKHiisARtqU1qXvZiVfR7pB8Zo96cQ4g1d"},"_chains":{"BWurB9JrffQlUIkGEbzCqs25KHcZso2ERxqnR/e8xWdC":{"chainKey":{"counter":1,"key":"vbgiO2nXW8rUJ03pggih6EupF2/JMMV/jnhsYTt++DQ="},"chainType":2,"messageKeys":{}},"BWKU70fppCmjiNeLoDeuBZHGpj+UoZjOlU9zAOWrbyUO":{"chainKey":{"counter":-1,"key":"ssAemN2B3wa6m1RDrs+4FkHt6qtsoSE/VEKEXbObTPE="},"chainType":1,"messageKeys":{}}}}},"version":"v1"}