{"_sessions":{"BebJB8gvyqpGC7E8m4ut4nlA/ReCZ0p7YG7LmHwB9VlA":{"registrationId":1101825322,"currentRatchet":{"ephemeralKeyPair":{"pubKey":"BZ615C9AkuPh13aHPeZbFKZTvFjdfJRR+Qj7Fr0QcnEo","privKey":"oCbjwoV4bZAGhl7R/P3diLDYkZ4AsMMpSvH3klc/SFk="},"lastRemoteEphemeralKey":"BZ7T/3swNwHUUrLWUU5/2MSyf5At3M4++H+Rg55+pWIL","previousCounter":0,"rootKey":"yBwlLyjBrhL1K5EWHBjf6R8fZxIRZ5L5fROlo+e/63k="},"indexInfo":{"baseKey":"BebJB8gvyqpGC7E8m4ut4nlA/ReCZ0p7YG7LmHwB9VlA","baseKeyType":2,"closed":-1,"used":1686919719835,"created":1686919719835,"remoteIdentityKey":"BbSjp0mMxCW6zC2s87r1z93T08+6inOqy/hEju/imUYc"},"_chains":{"BZ7T/3swNwHUUrLWUU5/2MSyf5At3M4++H+Rg55+pWIL":{"chainKey":{"counter":0,"key":"wZCs1c5Hh3FPbtLRYllYtuX/MCe+aKXQuex1Plh09nE="},"chainType":2,"messageKeys":{}},"BZ615C9AkuPh13aHPeZbFKZTvFjdfJRR+Qj7Fr0QcnEo":{"chainKey":{"counter":-1,"key":"si5m6+EO5Q737dgqWF3pDPePwS5DanVC5Ny0QMuMly8="},"chainType":1,"messageKeys":{}}}}},"version":"v1"}