{"_sessions":{"BanTUbxQo8AAPR100fPiPDGMy2jAI3bRkyFxloUK6ltb":{"registrationId":1078751101,"currentRatchet":{"ephemeralKeyPair":{"pubKey":"BUHkSrZjSuLhiXxDbESzt3PalehzmJ4Bb2Xx6UbvwaZ0","privKey":"IEfZPxCMGVfs0nqR2WUtCor69uad+tKN/wwRheRag3I="},"lastRemoteEphemeralKey":"BWhFr/F3jJHwXsVTftW0ebe4qlfZd6DNntMrZ19FGGov","previousCounter":0,"rootKey":"M9tyLtks/SrBXCAZ0fF8iYME/aAsmOIHGivmipu4GhY="},"indexInfo":{"baseKey":"BanTUbxQo8AAPR100fPiPDGMy2jAI3bRkyFxloUK6ltb","baseKeyType":2,"closed":-1,"used":1686875737110,"created":1686875737110,"remoteIdentityKey":"BWhM/YMwsj63yoWL3JYbdc9u79Tg6RXoDFMkG61yp1lf"},"_chains":{"BWhFr/F3jJHwXsVTftW0ebe4qlfZd6DNntMrZ19FGGov":{"chainKey":{"counter":8,"key":"lP8JeQK1zRjxxyENUzR6U9LThrBYqlnrKFk7hwvi50w="},"chainType":2,"messageKeys":{}},"BUHkSrZjSuLhiXxDbESzt3PalehzmJ4Bb2Xx6UbvwaZ0":{"chainKey":{"counter":-1,"key":"5+3cJGJKQ28WF3dm1l0ROSMDg7SHOOPQcOEAmXRyk2w="},"chainType":1,"messageKeys":{}}}}},"version":"v1"}