{"_sessions":{"BfOBxu6B+25xVgrt4l7Q7sjjwkA7os3pAe5DY2drdmMB":{"registrationId":28957752,"currentRatchet":{"ephemeralKeyPair":{"pubKey":"Bak21yKMFfu/TcW0mfiLb/97bcYrD6vn7pzDTvSqNNgo","privKey":"0M+bZNMKFNNysoM6W/iWnK6qaF/BJtxgCRvOfDl0TGQ="},"lastRemoteEphemeralKey":"BTaN+rS3kU+ZgC9SnuDVv1nGqqTI888H90rrRBITQSMO","previousCounter":0,"rootKey":"Ws82+tiMARK4eMs69NB4oARORCz5JAoZ2/iQ6up0ko4="},"indexInfo":{"baseKey":"BfOBxu6B+25xVgrt4l7Q7sjjwkA7os3pAe5DY2drdmMB","baseKeyType":2,"closed":-1,"used":1686871696436,"created":1686871696436,"remoteIdentityKey":"BdGjs+watgA2VFiDqF6u1CBmADE3z4Fvh9KT/9uL4MVZ"},"_chains":{"BTaN+rS3kU+ZgC9SnuDVv1nGqqTI888H90rrRBITQSMO":{"chainKey":{"counter":3,"key":"uYmkp6gM5qhk8K57yVvSkh6NwwfcgqG20v3/bGFGU3g="},"chainType":2,"messageKeys":{}},"Bak21yKMFfu/TcW0mfiLb/97bcYrD6vn7pzDTvSqNNgo":{"chainKey":{"counter":-1,"key":"QO1pMaOECuqtBguach7nfpTP8ILnUhGpZh2s9iijZCQ="},"chainType":1,"messageKeys":{}}}}},"version":"v1"}