{"_sessions":{"Bbi7BaI3PzX6U6F6sLG3CnvtKhy7CF+ZWWXnDeOJuolv":{"registrationId":452686865,"currentRatchet":{"ephemeralKeyPair":{"pubKey":"BfGmbvz/LKhR3Siep9SCeEKLgUvHvNdcodM+Jo6CFU4Q","privKey":"WCL+aPYuYK0nxEV3fSoeYgaexnyFikreWEGhECRPNUI="},"lastRemoteEphemeralKey":"BWpsnLR2gX6y/7XHaTSSvZAtKPwZ+bT++hGb8UsbipFO","previousCounter":0,"rootKey":"E7Jos2RadEtnKdkQh1EW5MSPwqH6QmJ3u2RmhhONGZQ="},"indexInfo":{"baseKey":"Bbi7BaI3PzX6U6F6sLG3CnvtKhy7CF+ZWWXnDeOJuolv","baseKeyType":2,"closed":-1,"used":1686890334268,"created":1686890334268,"remoteIdentityKey":"BSuayXzejOSW5/KwJGkfhHrUO2ZgHaUpeABS68z1Gc8h"},"_chains":{"BWpsnLR2gX6y/7XHaTSSvZAtKPwZ+bT++hGb8UsbipFO":{"chainKey":{"counter":1,"key":"1wNcpZlRZ6tw0iDIXVFTgRjY5USFd//W36BV8nAxrY8="},"chainType":2,"messageKeys":{}},"BfGmbvz/LKhR3Siep9SCeEKLgUvHvNdcodM+Jo6CFU4Q":{"chainKey":{"counter":-1,"key":"n2LWDwxepaVx5cB6oBDXxfySE8v/TrPqATkI3mOLh5w="},"chainType":1,"messageKeys":{}}}}},"version":"v1"}