{"_sessions":{"BUkljEzhNLCxM8dEN5LKO0y5SAtvhO1CTGTf93IoXGNQ":{"registrationId":351292266,"currentRatchet":{"ephemeralKeyPair":{"pubKey":"BUuhUY0Fe8rxMYGbDPBwAf/IyZwMMTDg4CITCJ27IwYU","privKey":"oJipg1ce54ilOLupj+vWGPPEhJloMkmRBG4ev3t9CWo="},"lastRemoteEphemeralKey":"BZOoJavv2l4pCtVkoCA7M4SGFZ9sQt6dD2xubFDIOKBK","previousCounter":0,"rootKey":"vJOGii2VWSi2Tm0u5u6+Y7vWyFG2QwSZn25s8jo1cj0="},"indexInfo":{"baseKey":"BUkljEzhNLCxM8dEN5LKO0y5SAtvhO1CTGTf93IoXGNQ","baseKeyType":2,"closed":-1,"used":1686995047015,"created":1686995047015,"remoteIdentityKey":"BTzQWabNyfMUOuKqskv8Qey3pkEJ6v9I5vKL+3npKKUl"},"_chains":{"BZOoJavv2l4pCtVkoCA7M4SGFZ9sQt6dD2xubFDIOKBK":{"chainKey":{"counter":2,"key":"PmvsWhF9OQUOnRMfmsavQsS79g/sS8AM1ZWgtIhidl8="},"chainType":2,"messageKeys":{}},"BUuhUY0Fe8rxMYGbDPBwAf/IyZwMMTDg4CITCJ27IwYU":{"chainKey":{"counter":-1,"key":"mcyrImb41pjPRndHyFNGJPSka38tQ+PUs5C6b06R5YE="},"chainType":1,"messageKeys":{}}}}},"version":"v1"}