{"_sessions":{"BdWLOoi0efL3fomtHc7Ha4M3sEntVbvRqX12ckMbKfMI":{"registrationId":160,"currentRatchet":{"ephemeralKeyPair":{"pubKey":"BZKxMuhGiMFNq4V70lNT0XUHpw1YjrHgHBs0CxP+CuAv","privKey":"EGLE/R7Co02+dQNMwPI5PsOdVLsaWr+8geIEVEMqKnY="},"lastRemoteEphemeralKey":"BTkZ6UjEKH1tFpTa9onWfplqIem5BtRd2phQw6lkMnI2","previousCounter":0,"rootKey":"oH3vUsDGLS7FMjrSzEiFrxIL7tuFqMvG1MJjx7h2/h4="},"indexInfo":{"baseKey":"BdWLOoi0efL3fomtHc7Ha4M3sEntVbvRqX12ckMbKfMI","baseKeyType":2,"closed":-1,"used":1686924592072,"created":1686924592072,"remoteIdentityKey":"BRvJxHce80GnABmqm33CkOq1XW7L29CNGBaIPjKstKZn"},"_chains":{"BTkZ6UjEKH1tFpTa9onWfplqIem5BtRd2phQw6lkMnI2":{"chainKey":{"counter":0,"key":"oHPt5blhlGE/6RZHMf7CUKtvwW7BKX7XHUZeraOv1YI="},"chainType":2,"messageKeys":{}},"BZKxMuhGiMFNq4V70lNT0XUHpw1YjrHgHBs0CxP+CuAv":{"chainKey":{"counter":-1,"key":"fcPw+/UmOaIKxhhFMDWNmejCOm0pExZmgbUIoo964P8="},"chainType":1,"messageKeys":{}}}}},"version":"v1"}