{"_sessions":{"BWWgrpsFG1cAQMrHA2B1y0cL3wekT/hjLSFIrGjQgP9v":{"registrationId":993454436,"currentRatchet":{"ephemeralKeyPair":{"pubKey":"BSFAu+uEjcPhLTrW6TUJWjSn84/nDtgY1XRUn8EDUlJM","privKey":"uGryDM5Tf+fM3oBxgQc2z0ZJrYhjzi8Z821LD94U8Hk="},"lastRemoteEphemeralKey":"BXc7cwuqm/ZGtrf15q56yMnlFX1m95NqKrUM+jBzCuwf","previousCounter":0,"rootKey":"m9IHVq0so0lbt8GRJi1V39QSVDIBv7Yjxw8RUaMOv6w="},"indexInfo":{"baseKey":"BWWgrpsFG1cAQMrHA2B1y0cL3wekT/hjLSFIrGjQgP9v","baseKeyType":2,"closed":-1,"used":1686912016284,"created":1686912016284,"remoteIdentityKey":"BatTbqzvHd8Gg78yYbaN3w06n6QlRG2JLyd21MiZrGZc"},"_chains":{"BXc7cwuqm/ZGtrf15q56yMnlFX1m95NqKrUM+jBzCuwf":{"chainKey":{"counter":0,"key":"OvzOwgR5i6EtcUXGLMOuOeUgf6W9vPvppWE6e5Bjsds="},"chainType":2,"messageKeys":{}},"BSFAu+uEjcPhLTrW6TUJWjSn84/nDtgY1XRUn8EDUlJM":{"chainKey":{"counter":-1,"key":"2l7GRUxja30tHL8TCoSEihYEpchCciCglhql2aQ0oGc="},"chainType":1,"messageKeys":{}}}}},"version":"v1"}