{"_sessions":{"BZJYfI0fPZ9U42M8F22sfJoPTB/2QgpNsPlloyj5JK8p":{"registrationId":483779209,"currentRatchet":{"ephemeralKeyPair":{"pubKey":"BXK9/KbJUt6vMDOIMY3NCmMMEJV59gtzHGXFNCIKB8Ib","privKey":"wJs8yC/0WksTyoMI2LhJ97GnLb5pAxpEg5FCcJkZmVo="},"lastRemoteEphemeralKey":"BfJN1RRaEhSBrpcbpLpQ0PVmdMNA1QelRG8OrGYKlmYT","previousCounter":0,"rootKey":"glJvH963Ts9XarYWhGvFJMboA5rBd81DuHPow5jkG9M="},"indexInfo":{"baseKey":"BZJYfI0fPZ9U42M8F22sfJoPTB/2QgpNsPlloyj5JK8p","baseKeyType":2,"closed":-1,"used":1686995043881,"created":1686995043881,"remoteIdentityKey":"BadU4mOJUWbA7VzphMAA0MqkTWQA39xHvKyj5nmLGvAa"},"_chains":{"BfJN1RRaEhSBrpcbpLpQ0PVmdMNA1QelRG8OrGYKlmYT":{"chainKey":{"counter":3,"key":"BiPs6rzgTKz5iXc8yZwn05zD8BXBIcn3NhVP40IfNTU="},"chainType":2,"messageKeys":{}},"BXK9/KbJUt6vMDOIMY3NCmMMEJV59gtzHGXFNCIKB8Ib":{"chainKey":{"counter":-1,"key":"eIQt/i2QeR8gWaEFllVdnXgEGJOqjOLpiunVl75YBhM="},"chainType":1,"messageKeys":{}}}}},"version":"v1"}