{"_sessions":{"BQtj9b87YGZ2Z2qg6YvJTR62NpMO3gD44pFP887+nHgn":{"registrationId":1652543280,"currentRatchet":{"ephemeralKeyPair":{"pubKey":"BXxoYoPMSL5ukDN912A1yNwvmR3Er1tExST2shjLyRlb","privKey":"GLH8q6Cf7dHyFEngXaLKOlgLmScfhbMUO+WoDIPFWEg="},"lastRemoteEphemeralKey":"BQfNpxdkw/zT9VUmKA2kp0nieoi/JnaY0UKm6MCSpDZ2","previousCounter":0,"rootKey":"cApG3KCu78oBhxz4XGiLA8rl0AIypb/lke+A1zLJi1A="},"indexInfo":{"baseKey":"BQtj9b87YGZ2Z2qg6YvJTR62NpMO3gD44pFP887+nHgn","baseKeyType":2,"closed":-1,"used":1686927537671,"created":1686927537671,"remoteIdentityKey":"BdlEdxQi5WYheVvXPaVvrMWMZ+C/8VScqGrjTtjgM6sI"},"_chains":{"BQfNpxdkw/zT9VUmKA2kp0nieoi/JnaY0UKm6MCSpDZ2":{"chainKey":{"counter":2,"key":"Ao2VEXAm+r7pCtq+Mt3tsOk3Gh5/CJecetLoPG937qY="},"chainType":2,"messageKeys":{}},"BXxoYoPMSL5ukDN912A1yNwvmR3Er1tExST2shjLyRlb":{"chainKey":{"counter":-1,"key":"TvYgQx8GjSWSnmdraRaRH6kHIDGL/nA5+nsOE8lIMYg="},"chainType":1,"messageKeys":{}}}}},"version":"v1"}