{"_sessions":{"BeekjS9RXFSZiLlHveleyjg4wYVxwNjTa1toQdZTlBM0":{"registrationId":1396233690,"currentRatchet":{"ephemeralKeyPair":{"pubKey":"BbhrdDgFPrGPfR1zfgFc4O1WGDLtj5shwXREsQ0ZP/o8","privKey":"kL/NgFIDC1J3GOC/dp0SK6HkTUoXR+Q2UNO2UlCpnF8="},"lastRemoteEphemeralKey":"Bek2qQHVZGinJF/OQIduK1w/O40lIPU6yi/az9Tfdcc3","previousCounter":0,"rootKey":"AVxDqsA5MD6ossth94SxLdnLzavG3BWrT21kc0lF/Tg="},"indexInfo":{"baseKey":"BeekjS9RXFSZiLlHveleyjg4wYVxwNjTa1toQdZTlBM0","baseKeyType":2,"closed":1687034788787,"used":1686862276458,"created":1686862276458,"remoteIdentityKey":"BQmDvGjrQlgQq+DhWd/qn+Sq9NQHAhxsoj3Zwu+ID0gw"},"_chains":{"Bek2qQHVZGinJF/OQIduK1w/O40lIPU6yi/az9Tfdcc3":{"chainKey":{"counter":0,"key":"HU77tjloKwFFckKCyEPOfGHWr9lFx3iO7/JlpKDGm54="},"chainType":2,"messageKeys":{}},"BbhrdDgFPrGPfR1zfgFc4O1WGDLtj5shwXREsQ0ZP/o8":{"chainKey":{"counter":-1,"key":"LuYYoSu62AnnZFGRyyj/x9pH85V5rhCkrXwNE9+7DxU="},"chainType":1,"messageKeys":{}}}},"BRvS65REwXU3+PLgo/OAV0A/8W/l/PDBjOlgS96BFp5F":{"registrationId":1140921430,"currentRatchet":{"ephemeralKeyPair":{"pubKey":"BaHu5yPkl62BS8xWKtHciRFZCHBLC63LxqO87rWuVct4","privKey":"iLcLzieZf40FVO4XA4i38jy03KisZ5sjkJ6HkPg+LXI="},"lastRemoteEphemeralKey":"BSpUjLd6F5hcRN9tDSJvuUPpwp5uuY544eqR1/OZJxQC","previousCounter":0,"rootKey":"cGRW+FhzUjpxtZySQIAyeEI5eUUhp0+fCzfA4jlcjW8="},"indexInfo":{"baseKey":"BRvS65REwXU3+PLgo/OAV0A/8W/l/PDBjOlgS96BFp5F","baseKeyType":2,"closed":-1,"used":1687034788805,"created":1687034788804,"remoteIdentityKey":"BfUrK1+mcsYf4x2lp03kwcHmDJchhKeqpvVJrRICNXAn"},"_chains":{"BSpUjLd6F5hcRN9tDSJvuUPpwp5uuY544eqR1/OZJxQC":{"chainKey":{"counter":0,"key":"M6I4zXW1SVBeMtOWwdwuRRrvWOx+2bwKGzc5nzFwWOI="},"chainType":2,"messageKeys":{}},"BaHu5yPkl62BS8xWKtHciRFZCHBLC63LxqO87rWuVct4":{"chainKey":{"counter":-1,"key":"NqbVjPWEAZEYFdBLBeu1koFnBuQkV1GAlYHBHQcYqZ4="},"chainType":1,"messageKeys":{}}}}},"version":"v1"}