{"_sessions":{"Bavsa+ioPqbPTjabFJdVP+Vw8twaBl2Lx/WCvgnssbdr":{"registrationId":489369836,"currentRatchet":{"ephemeralKeyPair":{"pubKey":"BX9tQJM29fWjchJ6a36gXq0uOOPkKPPEkhWOtIssQE53","privKey":"4JqQVw26fZRzxAmpaUwbHBXqB0kMbYY+8QiT+ckXckA="},"lastRemoteEphemeralKey":"BazywWz6WseDCj4AoWCyA9eJASfq4NQ1DNIxFzdB9pVa","previousCounter":0,"rootKey":"4PjxaWGdTv1sfIFJawfpW3BilNPEkm+pJvDBVJmdE3M="},"indexInfo":{"baseKey":"Bavsa+ioPqbPTjabFJdVP+Vw8twaBl2Lx/WCvgnssbdr","baseKeyType":2,"closed":-1,"used":1686926525180,"created":1686926525180,"remoteIdentityKey":"BbpGg/x3gXpni2JkuHLdvdrDxhomgEmJmqBq2jPNiRUo"},"_chains":{"BazywWz6WseDCj4AoWCyA9eJASfq4NQ1DNIxFzdB9pVa":{"chainKey":{"counter":0,"key":"FftkxU8LJ3MODQYott0qzE/Z//PwGXezcruOaMeOj68="},"chainType":2,"messageKeys":{}},"BX9tQJM29fWjchJ6a36gXq0uOOPkKPPEkhWOtIssQE53":{"chainKey":{"counter":-1,"key":"85aa8zpuoaDSwyMddU1fSDbyhFY0HgwZBATUkouo87g="},"chainType":1,"messageKeys":{}}}}},"version":"v1"}