{"_sessions":{"BeYUjjfIK80v548ggAm0OCyjMTXU5cpwX+HwyF0/m6U2":{"registrationId":153629073,"currentRatchet":{"ephemeralKeyPair":{"pubKey":"BdYwmK7dILUyiRpqzjsG3BF/+vf69i6C8JElQ/OlI8BV","privKey":"IJDzidp2gk9UXI6sRnOZs2FApSZNjX9Igpl3zw5uykI="},"lastRemoteEphemeralKey":"BbgIqsTGgDbLm0F4tbg1E1/Sz6xYEyIIPyTtHoT/4/99","previousCounter":0,"rootKey":"1vGyu7Tvs9DJnDJSqFYK8zZ5zPKuagsOQuH3ci7dxxU="},"indexInfo":{"baseKey":"BeYUjjfIK80v548ggAm0OCyjMTXU5cpwX+HwyF0/m6U2","baseKeyType":2,"closed":-1,"used":1686904531787,"created":1686904531787,"remoteIdentityKey":"BfBaTumlvQHOqE5/ZVJlACLWshtfBd5fBIRnGfvlbp8z"},"_chains":{"BbgIqsTGgDbLm0F4tbg1E1/Sz6xYEyIIPyTtHoT/4/99":{"chainKey":{"counter":1,"key":"L7blX4eal3NqyEjb05ouBS79ARTYSrJ/NdF1QtpF6l0="},"chainType":2,"messageKeys":{}},"BdYwmK7dILUyiRpqzjsG3BF/+vf69i6C8JElQ/OlI8BV":{"chainKey":{"counter":-1,"key":"/QrhekBA1j1xsn027/ZJlyQVauRRgsW8+JqT80uWMDA="},"chainType":1,"messageKeys":{}}}}},"version":"v1"}