{"_sessions":{"BVF+y8dpBNghORw0JzqYFsuf9oqm20APJsCcHe298t8d":{"registrationId":406307727,"currentRatchet":{"ephemeralKeyPair":{"pubKey":"BVSsbrc3ZE59j9w3wlIrlquiAwVIvBetKdMzvbiZGNt1","privKey":"yH9lh9cqwXGPwv3zTOBhMBEen+odC4UNE66pGjUWH1A="},"lastRemoteEphemeralKey":"Bd+qrisQwEEs3NBKFDS/AUSdcD2h8ZnFcDgo6imOwlRu","previousCounter":0,"rootKey":"IuASU+SUOEAsFYhKGZJwsmzPxPPzG+zsTAdHFuDcGRE="},"indexInfo":{"baseKey":"BVF+y8dpBNghORw0JzqYFsuf9oqm20APJsCcHe298t8d","baseKeyType":2,"closed":-1,"used":1687012061692,"created":1687012061692,"remoteIdentityKey":"BdlWHH4MUjJ+mg91UT8HD3mmw53q+nt/v0bfS5DemeIX"},"_chains":{"Bd+qrisQwEEs3NBKFDS/AUSdcD2h8ZnFcDgo6imOwlRu":{"chainKey":{"counter":0,"key":"QThnBR9UtzDlUgVPR44FKJb/mv3gien9J5iL1dGihgs="},"chainType":2,"messageKeys":{}},"BVSsbrc3ZE59j9w3wlIrlquiAwVIvBetKdMzvbiZGNt1":{"chainKey":{"counter":-1,"key":"+CjnoO1/wm9oPi9V3aeA51mqiwAJxHAqDHB8kAG0PkE="},"chainType":1,"messageKeys":{}}}}},"version":"v1"}