{"_sessions":{"BRofUD7BgQXWuDm25F5M24u9mZzPIGsU9NXTO6iFxEMk":{"registrationId":137024868,"currentRatchet":{"ephemeralKeyPair":{"pubKey":"Bc1TnDuK+u5mRi4gA1gO4Jh+jto1jAcOho/B3qDy+2sC","privKey":"OIdYa6V9SGbjyjMMQyS4N3yx9E+wBUm0nIDQH+2Nu34="},"lastRemoteEphemeralKey":"BRLHmmaureXUqvLdJZyRyiV/BW4tRntdw3SLdQsQ2m1K","previousCounter":0,"rootKey":"eDaVTZr1S5xl120XZkBaHWpslvlTt+ylcJ8EBf11Pfk="},"indexInfo":{"baseKey":"BRofUD7BgQXWuDm25F5M24u9mZzPIGsU9NXTO6iFxEMk","baseKeyType":2,"closed":-1,"used":1686915673269,"created":1686915673269,"remoteIdentityKey":"BXvvX7PKkW5R2WgMBSB7sSBJ0zYVvUwVdLKgUqjbBqZO"},"_chains":{"BRLHmmaureXUqvLdJZyRyiV/BW4tRntdw3SLdQsQ2m1K":{"chainKey":{"counter":7,"key":"0Lpdnlhcih1uzYUo5C9XaIiIajIpTsSwWoMB8abZsQo="},"chainType":2,"messageKeys":{}},"Bc1TnDuK+u5mRi4gA1gO4Jh+jto1jAcOho/B3qDy+2sC":{"chainKey":{"counter":-1,"key":"pLmih3/ze5nnOcq+1irSaOY+3GXeR9A1QMBaF2JJq5s="},"chainType":1,"messageKeys":{}}}}},"version":"v1"}