{"_sessions":{"BVvqrCcGRC904VrwACBI1sUK5e+6w1Yi8dCGsgktgyJM":{"registrationId":40889264,"currentRatchet":{"ephemeralKeyPair":{"pubKey":"BZk+4eLyiTsveoZe+8dDSl1QAiQdCrvrWUKdhCUm3tIv","privKey":"2JtdyhNjQYZ2v0E58PwPoWU7SYjvo+9eAlPrpwymkms="},"lastRemoteEphemeralKey":"BX+PXT5VzLQKW9vFmoFvE3a4hfIYdwu1BRNxUPX9V4xq","previousCounter":0,"rootKey":"B7Igwdov2miuV0LEEhh9hsCLEr7HMBEWZh1x1FL529M="},"indexInfo":{"baseKey":"BVvqrCcGRC904VrwACBI1sUK5e+6w1Yi8dCGsgktgyJM","baseKeyType":2,"closed":-1,"used":1686838059829,"created":1686838059829,"remoteIdentityKey":"Bc9y80jlTUluBzbNxPtynIMiVVjTFwwalTbCY+/aNDVh"},"_chains":{"BX+PXT5VzLQKW9vFmoFvE3a4hfIYdwu1BRNxUPX9V4xq":{"chainKey":{"counter":2,"key":"QKdTVRdGhqPyrXnh0rJuKLAS55zBwXWoDUYooD9sDz0="},"chainType":2,"messageKeys":{}},"BZk+4eLyiTsveoZe+8dDSl1QAiQdCrvrWUKdhCUm3tIv":{"chainKey":{"counter":-1,"key":"eJwo7vl/BMYiL/Nj4Uo0XcQb29mtGjAEV8U47Nd7lZQ="},"chainType":1,"messageKeys":{}}}}},"version":"v1"}