{"_sessions":{"BZtqS15Rbl0aw7x/EppimVm3wADPMLo0PAsF7mtQJCBa":{"registrationId":14520,"currentRatchet":{"ephemeralKeyPair":{"pubKey":"BV3IF8z4cYfHp9XWTWz/YMD2JiFRD949MlMBXTl2Td94","privKey":"CGAdpR1C5+dH7pSBUQi/An1VOaSzFLiz9SngkjPZ8U0="},"lastRemoteEphemeralKey":"BWrN4+TSy3UCW7e8wjQPplhH67I6LiUbRcGx4WuN9Mpa","previousCounter":0,"rootKey":"6i4hV00C1ibjDNOEuJtNnsmh9H4+GEgp5byrrYRaB0Q="},"indexInfo":{"baseKey":"BZtqS15Rbl0aw7x/EppimVm3wADPMLo0PAsF7mtQJCBa","baseKeyType":2,"closed":-1,"used":1686962546024,"created":1686962546024,"remoteIdentityKey":"BSbiOPcLzhrD/GRAOY1pXz/rwsyJEz7uiJbcfy9BwT4w"},"_chains":{"BWrN4+TSy3UCW7e8wjQPplhH67I6LiUbRcGx4WuN9Mpa":{"chainKey":{"counter":0,"key":"xdLcA5f9SsusaBfsP+E/sKclpyfzBR/Jw4AP78Fi7N0="},"chainType":2,"messageKeys":{}},"BV3IF8z4cYfHp9XWTWz/YMD2JiFRD949MlMBXTl2Td94":{"chainKey":{"counter":-1,"key":"OWU04qGVhUitaibMYr4tAToWGstRXxsJv6Zhamamb4Q="},"chainType":1,"messageKeys":{}}}}},"version":"v1"}