{"_sessions":{"BbZRBczT/yBslbB4MSu4jE9yqMB6jYw0XzGqqoyDPaNp":{"registrationId":1918220088,"currentRatchet":{"ephemeralKeyPair":{"pubKey":"BUGte8XAODCMKSIiPfHRfzJoipkSO2O+FbSaBL2PHBV8","privKey":"2K85+01izoY85MeqI5L9RqLRe3zg+bNQjCACXebf3Vg="},"lastRemoteEphemeralKey":"BQSyWoAyIUKoOmdPlvFSPjTnxLpxU2hx87eYJFWS1FRs","previousCounter":0,"rootKey":"o5bPqYiWV5BDT3Z0xQP6mgc7LG4F10u7SY/7CGL8S9Y="},"indexInfo":{"baseKey":"BbZRBczT/yBslbB4MSu4jE9yqMB6jYw0XzGqqoyDPaNp","baseKeyType":2,"closed":-1,"used":1686837876479,"created":1686837876479,"remoteIdentityKey":"BbUaFrstoFvgM9wWz5nDHgWC85ufbKx5JKh9tGOOtDlB"},"_chains":{"BQSyWoAyIUKoOmdPlvFSPjTnxLpxU2hx87eYJFWS1FRs":{"chainKey":{"counter":7,"key":"NJzzLW+kWGMpnZZzji930EdI4mSEODVfe/d3yQ9tunU="},"chainType":2,"messageKeys":{}},"BUGte8XAODCMKSIiPfHRfzJoipkSO2O+FbSaBL2PHBV8":{"chainKey":{"counter":-1,"key":"8trAMqxhL3vvQ2dS+sVcr+4/LHNuVPOWM8gmKNAwQDI="},"chainType":1,"messageKeys":{}}}}},"version":"v1"}