{"_sessions":{"BRb8F31R1+bA1Xie3tBhY6A7ok1Bbnq9djQQ2S9+sZRF":{"registrationId":2061135656,"currentRatchet":{"ephemeralKeyPair":{"pubKey":"BeiRuqTsZg7Lfiw0W6LPvCtx2GlqC13amUbK8b9ijR8/","privKey":"QKC9jj1KaBBjUv9XGulyBYyPlErIa0vPpsHkWQwu+kE="},"lastRemoteEphemeralKey":"Bee95wyYDTJ2nYvhQUBD8nh2mA157L5uLdoqa4zG+Zo+","previousCounter":0,"rootKey":"VxwIHOfPb9k8zl6/eqFFHEs6IQlbLOva+qM/lpOeabg="},"indexInfo":{"baseKey":"BRb8F31R1+bA1Xie3tBhY6A7ok1Bbnq9djQQ2S9+sZRF","baseKeyType":2,"closed":-1,"used":1686839665619,"created":1686839665619,"remoteIdentityKey":"BfvVUql2lJ6CK8dsjTznO/jGliCV8I63HiJ7nw5iuc0v"},"_chains":{"Bee95wyYDTJ2nYvhQUBD8nh2mA157L5uLdoqa4zG+Zo+":{"chainKey":{"counter":5,"key":"ysjp1zCevxqjDHN7rrLSkqNiB1UhY2b9bsWjgrBbs7o="},"chainType":2,"messageKeys":{"3":"1oRRzFYIJUiqhdXfjQmnol+ajsx/jhBo5Ap6knjrnY4=","4":"06G+HYLwl4/Dr9EvzVbZY9eVyvYuRpqryj0OdJdXfL4="}},"BeiRuqTsZg7Lfiw0W6LPvCtx2GlqC13amUbK8b9ijR8/":{"chainKey":{"counter":-1,"key":"Xm9ZAKa/EdxLjqoLmbDxUSM0fagVxCPRVcY52GRZyGk="},"chainType":1,"messageKeys":{}}}}},"version":"v1"}