{"_sessions":{"BSczM73zp0oB1PBw1fXKiA2BGYa1L1KDRir52UmMwO4m":{"registrationId":1482794008,"currentRatchet":{"ephemeralKeyPair":{"pubKey":"BX3QAhOrm19WM+1+ZCaJ69adS6pgKorh3K1PZf2ON5Yc","privKey":"UNyZn85+HuXX/04QhOgGr3P+YcgWJP2OicyK94iPBG8="},"lastRemoteEphemeralKey":"BTdDaTvs867srSvFvdym6F9fhY4PaH5enNYXdHEpIbkM","previousCounter":0,"rootKey":"jcAsUPYyr3rveez/RmzUhrtZKVQ4ugnU/g1u62o4LUA="},"indexInfo":{"baseKey":"BSczM73zp0oB1PBw1fXKiA2BGYa1L1KDRir52UmMwO4m","baseKeyType":2,"closed":-1,"used":1686970443432,"created":1686970443432,"remoteIdentityKey":"BW3O1J8eQ0as196oiZnqQfDsGmx74HxbpfEBHNaqC0FS"},"_chains":{"BTdDaTvs867srSvFvdym6F9fhY4PaH5enNYXdHEpIbkM":{"chainKey":{"counter":0,"key":"qPnshzWCLDNoShmIsOrHYuuBMQrD9sw4VELhPqWvKPE="},"chainType":2,"messageKeys":{}},"BX3QAhOrm19WM+1+ZCaJ69adS6pgKorh3K1PZf2ON5Yc":{"chainKey":{"counter":-1,"key":"Xy/SKLABrklZ1cS3sG0L2FiknZ74GImZO+9FscB6w60="},"chainType":1,"messageKeys":{}}}}},"version":"v1"}