{"_sessions":{"BWxQCerXTYjdBgo7Kt1W22yS40c0xyTwUgi0Y8lnTCZs":{"registrationId":1669616025,"currentRatchet":{"ephemeralKeyPair":{"pubKey":"BVIwggBDXmuQrAHwA1RbodIpzh5pFrLCps2ZsaQj/k11","privKey":"2BHWAOUH1dK/s2xkJn9uOVgHfeX6kMsCAetLhm5toUQ="},"lastRemoteEphemeralKey":"BbTyTNoDFwj1gGqYkmBJcel35ZAv9n2SbRLmbKFQM8hX","previousCounter":0,"rootKey":"Jw8l7mR/HCLC9PNHgfEC/bjVImSPru4x2uLXayirwRQ="},"indexInfo":{"baseKey":"BWxQCerXTYjdBgo7Kt1W22yS40c0xyTwUgi0Y8lnTCZs","baseKeyType":2,"closed":-1,"used":1687011730107,"created":1687011730107,"remoteIdentityKey":"Bezz/987AbmeTwAdG0NITqxJYBhCQMJCepgbFzKNXcAw"},"_chains":{"BbTyTNoDFwj1gGqYkmBJcel35ZAv9n2SbRLmbKFQM8hX":{"chainKey":{"counter":3,"key":"uG3PILuND1+6tti17XrkuO1tzkx5LnRjVcN9JjhoUTc="},"chainType":2,"messageKeys":{"0":"W3f6bswU2GdNN1aZv3o2jGVZdYWMtT7Bf8bQ92pVk8c=","1":"FH/BBBrkUSFUezaphNK+QL/qp3yMcibUvUvcCHSTE9M="}},"BVIwggBDXmuQrAHwA1RbodIpzh5pFrLCps2ZsaQj/k11":{"chainKey":{"counter":-1,"key":"LmV6CVU1odxroUcEaIxud47O2+z+GS48cl92HawSFX0="},"chainType":1,"messageKeys":{}}}}},"version":"v1"}