{"_sessions":{"BcR2gFqpKwSSeakNwojI9bbHOLMG/LzLkg15GtP+LTg0":{"registrationId":1669711629,"currentRatchet":{"ephemeralKeyPair":{"pubKey":"BfFRhXfpcMSx7p6wbm8iXo0VWDqyfDblBy7vsWLEuY47","privKey":"SIOg5kYPi1raD7QoGhg15EcAsNdUmfhau514fN2HjlU="},"lastRemoteEphemeralKey":"BVkm9G3+pald4DRJRnM5WBbFfNcQRN1j/fGjWTdVwZYQ","previousCounter":0,"rootKey":"4LokhrEL14yOmcRA2s0itQc6aEd+LGOO/HDOxRYJw/A="},"indexInfo":{"baseKey":"BcR2gFqpKwSSeakNwojI9bbHOLMG/LzLkg15GtP+LTg0","baseKeyType":2,"closed":-1,"used":1686874563362,"created":1686874563362,"remoteIdentityKey":"BXpj0H77jaAu7YGcflP3og4rYjura8uPCegzxzTae5ZS"},"_chains":{"BVkm9G3+pald4DRJRnM5WBbFfNcQRN1j/fGjWTdVwZYQ":{"chainKey":{"counter":0,"key":"8bI9YdrzOUS+8OCJEIJ7quBpaXV4Fqt+iyX/t7TgOs0="},"chainType":2,"messageKeys":{}},"BfFRhXfpcMSx7p6wbm8iXo0VWDqyfDblBy7vsWLEuY47":{"chainKey":{"counter":-1,"key":"3xuORoUgKNr3UxQLjo0s/UoNjv83GSIOhx2IjjoU3fw="},"chainType":1,"messageKeys":{}}}}},"version":"v1"}