{"_sessions":{"BTgfQKnxp1eCwQ5wG88KPGMnbedce3fmMto+2GMuNAEF":{"registrationId":261146299,"currentRatchet":{"ephemeralKeyPair":{"pubKey":"Bfve0Xf8m7XgQiff6oiMIyKCzlXNHh1DHCg0mftvRwke","privKey":"MHQw4Xw8yG8f9NuSc+CyftJmiMtpl94b1mjWt2NkrUc="},"lastRemoteEphemeralKey":"BfLyKEHgc2kbJzr4N9jo4edH2BBuLWdWqg+k4eJZHm4K","previousCounter":0,"rootKey":"ue7t41m3coDC+QBoP5iB7XqFZrf7SajD0tBm16DzoFE="},"indexInfo":{"baseKey":"BTgfQKnxp1eCwQ5wG88KPGMnbedce3fmMto+2GMuNAEF","baseKeyType":2,"closed":-1,"used":1686843405414,"created":1686843405414,"remoteIdentityKey":"BUGl8GEichg8pqd9OgQrY7ZyBjzzjt4o/4eu53ZTCTwv"},"_chains":{"BfLyKEHgc2kbJzr4N9jo4edH2BBuLWdWqg+k4eJZHm4K":{"chainKey":{"counter":1,"key":"j3+tVSBRGtS4cdNvyluu6ynk6YE/+e3KxAlxDHSbNlo="},"chainType":2,"messageKeys":{}},"Bfve0Xf8m7XgQiff6oiMIyKCzlXNHh1DHCg0mftvRwke":{"chainKey":{"counter":-1,"key":"ISkw6FM/iHxJEZHxhGcuPFdO36qXJRmVtu3gqE3/Mjk="},"chainType":1,"messageKeys":{}}}}},"version":"v1"}