{"_sessions":{"BevbtChgSk43j8ZNemnwlELOt9zaQ9tQIq9jkDrhV28l":{"registrationId":1644887243,"currentRatchet":{"ephemeralKeyPair":{"pubKey":"BRaWTqYDeuCZQjTELUuVCma42Y4JYMzYETp2R/5UNfw/","privKey":"MByKks4vUIRXiJ1WGarHibWdrP3TpOVODEVtu2sbAXI="},"lastRemoteEphemeralKey":"BZjnIxIDqxuq4tjC2U9+CWTdT3Yn9MUh3H8UQE4I9WJq","previousCounter":0,"rootKey":"IxQDndYc5Unwkpxc1tzEMW2pyQddwFYkiR58TY48N3Y="},"indexInfo":{"baseKey":"BevbtChgSk43j8ZNemnwlELOt9zaQ9tQIq9jkDrhV28l","baseKeyType":2,"closed":-1,"used":1686842394388,"created":1686842394388,"remoteIdentityKey":"BSmyR6C9fkAHOH4q+J/jHRSZc19w0Z+PFYERE6EmkQ59"},"_chains":{"BZjnIxIDqxuq4tjC2U9+CWTdT3Yn9MUh3H8UQE4I9WJq":{"chainKey":{"counter":0,"key":"1oofmevj8DxF+IhA0gpsZPVFUlyrGsavSYg2tmIFTRo="},"chainType":2,"messageKeys":{}},"BRaWTqYDeuCZQjTELUuVCma42Y4JYMzYETp2R/5UNfw/":{"chainKey":{"counter":-1,"key":"00lYSGFuWBISluxQh8LaPtkUqeLj6iTRnQBUcopWOi0="},"chainType":1,"messageKeys":{}}}}},"version":"v1"}