{"_sessions":{"BfC58UnTYNhAIghPcLq+EQYI2Of7dFsBZHX1O8654LFx":{"registrationId":1435891002,"currentRatchet":{"ephemeralKeyPair":{"pubKey":"BS5KUq6ya+h7zqaxVL+UFmPvGrLsG0oG1/Suggy4kKp1","privKey":"sISY0MxLwCL+SH69x03+gn3HhzzjNf0XBKYKIJG7f0w="},"lastRemoteEphemeralKey":"BZvsiG4AT5U1OPnTFw3VkXcO0OczxA/r+N9ftOUWPeAX","previousCounter":0,"rootKey":"1jTwM/oYzB3leoaZ2/D8cM9iED/2LCFUJkBJjPHUOP0="},"indexInfo":{"baseKey":"BfC58UnTYNhAIghPcLq+EQYI2Of7dFsBZHX1O8654LFx","baseKeyType":2,"closed":-1,"used":1686885632109,"created":1686885632109,"remoteIdentityKey":"BfKRFEKhwKLTtJ+LzHuKTNP7UcXL4IeqD3VewYDhTkta"},"_chains":{"BZvsiG4AT5U1OPnTFw3VkXcO0OczxA/r+N9ftOUWPeAX":{"chainKey":{"counter":2,"key":"5EjxPoS9RzAozr94jJZzmGHoTatSBHyo4ezviO8dIkA="},"chainType":2,"messageKeys":{}},"BS5KUq6ya+h7zqaxVL+UFmPvGrLsG0oG1/Suggy4kKp1":{"chainKey":{"counter":-1,"key":"HDNTb0AtoNwl5sDeetYZBehLPs/ngbRLWgo/xLOvzCc="},"chainType":1,"messageKeys":{}}}}},"version":"v1"}