{"_sessions":{"BfZ2i9vYMma8WXGiJriGygvTUeyqs9wPnj5fWOWgEk4Z":{"registrationId":801476998,"currentRatchet":{"ephemeralKeyPair":{"pubKey":"BfXfNDQzQAOpAbnn+4Iskb5DKW4Pj33MGcUxnsbLdGsq","privKey":"YF3RsRkM5m+JGdwXPy6nmu5oNH80mZ4CIffWq7Re0Fs="},"lastRemoteEphemeralKey":"BWWQxAc7/RpVOoRrCX2D4EcHHXHnflaAkRJ2wnVTLnMd","previousCounter":0,"rootKey":"lQLdR8hvF7lCauL+2hcRoUtHovJ69CD4e8e/USgHx3s="},"indexInfo":{"baseKey":"BfZ2i9vYMma8WXGiJriGygvTUeyqs9wPnj5fWOWgEk4Z","baseKeyType":2,"closed":-1,"used":1686892089639,"created":1686892089638,"remoteIdentityKey":"BdWhUc4BR0+fd6cJIkdNIg+HgwSerFk6uKfVQima+h1U"},"_chains":{"BWWQxAc7/RpVOoRrCX2D4EcHHXHnflaAkRJ2wnVTLnMd":{"chainKey":{"counter":12,"key":"Rjq+SuSeQgIyATEaRu1NiQmA2vUT/dPKAeiR1tv/Wqg="},"chainType":2,"messageKeys":{}},"BfXfNDQzQAOpAbnn+4Iskb5DKW4Pj33MGcUxnsbLdGsq":{"chainKey":{"counter":-1,"key":"EHejICV4Ru53MKi68bjLLxRJPQOxHAwnBIPbxSDd/FY="},"chainType":1,"messageKeys":{}}}}},"version":"v1"}