{"_sessions":{"BS+ftOxlnw+I3oBZsA4/r516brw9cat7u4gPmdvrrRFn":{"registrationId":1120459972,"currentRatchet":{"ephemeralKeyPair":{"pubKey":"BfBSBxPVCzkHjFyBhqVktZCtLM7hRcoXPUWUoADAS5xa","privKey":"iPPOxjTGdXodgXlfV4wzJ8iBlTYcFCP2Pp6oH8YaCmE="},"lastRemoteEphemeralKey":"Bd/T/LHz15Cu4/ni4C+v7pP6Oc+BdftIsbz1yG/FWbZk","previousCounter":0,"rootKey":"HAoisCg8EFhoDDabA18jLwMDt9tpvm/EFrYPRQ8fq+A="},"indexInfo":{"baseKey":"BS+ftOxlnw+I3oBZsA4/r516brw9cat7u4gPmdvrrRFn","baseKeyType":2,"closed":-1,"used":1686894442341,"created":1686894442341,"remoteIdentityKey":"Bcr+KTi1f3j9oI503cyE197yqOjxr7sRo6oqKjZwMEE2"},"_chains":{"Bd/T/LHz15Cu4/ni4C+v7pP6Oc+BdftIsbz1yG/FWbZk":{"chainKey":{"counter":1,"key":"VYpjTSRpbfpYHPt5/JGeHsbgqqN85Bd9sbAN2UtKFJQ="},"chainType":2,"messageKeys":{}},"BfBSBxPVCzkHjFyBhqVktZCtLM7hRcoXPUWUoADAS5xa":{"chainKey":{"counter":-1,"key":"fo09mETHAzWFtHM7JL+vuVMywbRuR8AQ0ap0CnI7muk="},"chainType":1,"messageKeys":{}}}}},"version":"v1"}