{"_sessions":{"Bc2Z5DPQIVPqYcWyUKhSNvLuY6B/g3/gBrAQngWKc+pQ":{"registrationId":945539130,"currentRatchet":{"ephemeralKeyPair":{"pubKey":"BeVkDNjK55qQiosNMpc4eHrowZ5IrwAJ5a6jKYnWGxNR","privKey":"0ElEnusialBwMvEYuUmXTSSsgpPpLBclZYhz3zALXFM="},"lastRemoteEphemeralKey":"BfBxMoRA3b6CzuxlQOQb9Gn6euCPr7lUG6308EBjujB6","previousCounter":0,"rootKey":"DqtyD6K1g5mKFkfc0OXum8clpYW8Yn12R+u9UNdMYJw="},"indexInfo":{"baseKey":"Bc2Z5DPQIVPqYcWyUKhSNvLuY6B/g3/gBrAQngWKc+pQ","baseKeyType":2,"closed":1687003649800,"used":1686849068149,"created":1686849068149,"remoteIdentityKey":"BdTtjwgWX2iIXKK84bt2U0QUc0IKK2v0ex6NpHF1KSRo"},"_chains":{"BfBxMoRA3b6CzuxlQOQb9Gn6euCPr7lUG6308EBjujB6":{"chainKey":{"counter":51,"key":"1pu3N0GvHF0V1yO3GU72urvK/PktUSrbpl2LTq+l1W4="},"chainType":2,"messageKeys":{"0":"NCKPNkSHLY1zaztMjSTyf7R62FRA3uBgO9x6DMvf7uQ=","1":"9Bk6sK2txa8Y87j+Uj0t58y0aDqWha54KhDPm7+sisI=","2":"SCACO07q1/R9rjX4lnahseg4PR8m6O+splMiNsCflMo=","3":"wFQW/wLGYrcLVtRJOjCf0on2Ws1wogLDTqDnbdEJ7vY=","4":"J4wp8O7KgbKAfA7x4v4u0AsdaTwob+4t3/CjieUFWjo=","5":"lDbtIqXWHB6WksCZGod3YqbMZlgKKKKmxJVhWJkT32g=","7":"QZbEgpHR8NtkV9pWpNaFdXsuR6e2FmmkLL/J/edONAQ=","8":"L3ZwdFRV2a1H3Q4jqVLBvpZXyNS/GeY9QqZvIMSfXXI=","9":"hcB5VaHO5gD4KJ6VplZVZzelmw0zbrS+eqB0asz08kI=","10":"hsq7ljcLRc9lO0MH1rCaRFdho0Ij4M43Ni6Okc8sC78=","11":"d+HurHRD3+UqO9LGjdmMjag2Lbe2jD7nM8sf2dZUnxo=","12":"zcCCmd6EtGSmHPF6BQA6mvCLbPZGjzB9X1B+6cQXiUg=","13":"ICIc/7IIiM6+BhTcwD7qFe4CYV/kYnVQojqjpU5zpeA=","14":"jR57pEvRTFsNjWeXekUGb83nquPLuXjgtgzdjl/wiOY=","15":"p8OE2Y/U1iVqdQ17uaUBO6cS9WvJYCI+Wr4Vdy1Qdoc=","16":"jwcBhPkeG4PzMN1wn4i8zv9Ab+f+mrqw/ALVTzanrXo=","17":"s5wleoSYYFmQfQnjgrY/Z/Ei0j7/uJpSCYQwAKZdeuE=","18":"DyMiIyY5QXk8k3fPHTJPhVBdmw/rDMf0C16EthLpNDM=","19":"/0mOw5n7aB7EuKwk91yzXEZqQ/5b59vTTkJ1ucLEyrs=","20":"0kJsREXMDx2jSzFWRRTtUkbsuLEmiXL0DSlYBr4ajaU=","21":"boIs5YppEFAoO6sV4SX8LmqVs9essPufyPxM9sSSPos=","22":"VLGrEmyyo1UPfPnNAric+BEbQJG86M+1FAYVsRgQnCA=","23":"Ma7O0zlIHT320eLdbtHHhFw5h5uGVOAMswkvd1zKWzs=","24":"TTaPwM4jpcKjCd6/nMk2bYFKKVYSasV8fflUiFqqZRU=","25":"q/aYTnlTOQvw6EGFKzyKuAXrrMpWI8NKvC+j8EuYi1Q=","26":"oEI3SB9CFfirOac2Qi7FUIBLiLp2rN7L8szQBfek8m8=","27":"C+i7FQLwOG5Adju618zET2bmgCtoQFwXsGjPdrDfzAo=","29":"YrebeCSNZ1mXu5bIWrtj4iCNKFfeJ74w4Os2MV1yqh0=","30":"43LSW3XNHKkztT/dNLrPWSwRjVesneUp/ac7//q5AGg=","31":"PpXAeG+wVZ8VetglQRSFGnM3AoqZdGY7UwwBpziqYI8=","32":"qf+6V6wkLeErX3gEAT468SZubY/eNbPCskZwHS9sFJI=","33":"mvTzJv7qm+5ZjXeLv8EScG7Dgy0Av+VCTzJZBqR5BJs=","34":"BaoO0Guf9qLDyAR0GT6KWx7iJI5m2eKfQKPEnpLQykY=","35":"Ed6HPzKiwZTj8fgjS1bvZiX4CCEkCMLFABRV31m+yWA=","36":"zSnknn/pFuj1iLREYQ8KH/Mu5YDxNO9/ULXi3UNJkO8=","37":"PHHnpniTVh+jVvj+aWMYIfUIMdTBIyp3COjOstLlH4o=","38":"ALdxLoy71prq006e6bgMLt7WiHXPLN3SPjBKI6x8lfI=","39":"iugIIaixGb1c/k1+RougsaorWnKOX8CENrwEV+lObDo=","40":"WFARa75WYiQbdSl5iFcdw3YPYFH2Q4qgTA1UN4sCyvY=","41":"Ic5QHPe4k+5mqfE7kYaUxMpc75ycqMl+S2X+FODU7Ls=","42":"fu7Y4FNr/NGJyhQt1BSpAOeudRClfhZfdngxyy4jdx4=","43":"eTFbjEIsmH0njJLw3YhHgHKxKCpd+d76+51Le38VaWc=","44":"AOymDDf/dS/u4T+LcDrrM6BBH8mIAzPmtRkMumWADGc=","46":"CILTXk3Ur5tC4GeI0jwkw1IuMYs5lbnx3nBOnCzTkGg=","48":"EX6PnlQM0mU2yhKgCXKJGOgzWggEQma/jOvsiDVBEPk=","49":"+GLhcsb60vLRR+I5lZ7y0KKOIDnp4XYk45ccCkbEOLs=","50":"aSnAMH2HQ7uWGu/HqMJlaLlckxN1Oe8wDg+Od484xBs="}},"BeVkDNjK55qQiosNMpc4eHrowZ5IrwAJ5a6jKYnWGxNR":{"chainKey":{"counter":-1,"key":"SyLDdasS3yzk7DI15UjLFfo3KSLVihcCVrADuJXWVhc="},"chainType":1,"messageKeys":{}}}},"BXM8Uv+7VGGYqL0a1aBKT7RsHWzhgMMniT8qAvoy8ZtI":{"registrationId":802085938,"currentRatchet":{"ephemeralKeyPair":{"pubKey":"BV+gcb+RXLoREox+yZONi3TJzUWJVsGYP8YHfkMLpGtV","privKey":"YGUdUdyglNVPAf7Es8fbYGTAzKsM2sqbKJhu5H5G1mU="},"lastRemoteEphemeralKey":"BegWycyDhAcn85b1NoC8sKqSGXTUVN58q5OWV6/AjilZ","previousCounter":0,"rootKey":"NAxq+9w2zng5oeL8E5zJ3DpYjBO8ZLVBrjWyr7yGnOk="},"indexInfo":{"baseKey":"BXM8Uv+7VGGYqL0a1aBKT7RsHWzhgMMniT8qAvoy8ZtI","baseKeyType":2,"closed":-1,"used":1687003649804,"created":1687003649804,"remoteIdentityKey":"BUiT61RwCGehxnUgXU3Q50xp7FjFTrxMoogHBlkNXopt"},"_chains":{"BegWycyDhAcn85b1NoC8sKqSGXTUVN58q5OWV6/AjilZ":{"chainKey":{"counter":23,"key":"AYlmrHb0tZCNTlDKJ2lL5GPQzpLUJgXj1sE74S9/CEY="},"chainType":2,"messageKeys":{"0":"odq8OSh88E/AkDSCL92BP9MMPNOjRZ5Xyb5BZpbwcUc=","1":"31ni7ZwpXmwmqE6gGQQE3o4aUaAvg0Ts48UEV7ShRns=","2":"pix7YU9ikJrMW5PQBfFgWjOoRQd1bMaeebWyyGZURLg=","3":"RKTv44gmILIt6j6sbFlJb6wHdLaMQW3opZo9LFp6FPs=","4":"5HTlb0DnXh0QPlIonNVqh0Q+zVi/J+h+j8zEy8992hg=","5":"lMZo9ojKwdYnCAyKwWaXUpuNRJslx/olbnkOov5ZDPc=","6":"qVIp8bPgYfojnDNgIdq1bYIfYGlW/m0zSVNhbGAPcq8=","7":"QfH1ONxhjwvOvvlFZ3wwEqDUn2oRBIPocMyHnE/IjzM=","8":"XyRUyojvr+qORTSMpXQDtQLeVtdgWdkA56eQ2cqe/Og=","9":"9OY5ALQYfuJd848LzWxCWvBJX/lfuKya9l+sC4gxdLc=","10":"FNNA/SQ4a6MoK5A5jOFQA5rkiJHBSreh8KpqySqpGxw=","11":"CX0gZL5zURroVKzs6xUJrREXd+CSvkqPaWnxN42UGEw=","12":"ehJfMnY1jugZzJ2TO8Biz2aKtJtgx60dXmZsA/oU9z0=","14":"uiq1upFXFdQ1RsVDoZVG5vc/p9kIbanyamO+TE4qw4k=","15":"t34D91Zq2u4bg3FYt76jrQbflEIJV085B66vq/6qJiw=","16":"wACs2ZQYIrLNYYT0r0o0AEgVXiDbYdiWpQtZ4Jf4ZJM=","17":"3FOI+JfiNBt9HHx3gwF36JnWotIfvTAYleiPyED4bOY=","21":"vyZKZOy4E3ClQrhCsv/olyI+BqZPThHs5slzoqN7qrg="}},"BV+gcb+RXLoREox+yZONi3TJzUWJVsGYP8YHfkMLpGtV":{"chainKey":{"counter":-1,"key":"Z8IMpUuOZYEv2G17CJybw9VdT4KALPCjkRuPy/mH67A="},"chainType":1,"messageKeys":{}}}}},"version":"v1"}