{"_sessions":{"BS/MUsqQUPjfH6+QkqjID0gOqPnPNXlLdnnjE8aXZ+oF":{"registrationId":1088304017,"currentRatchet":{"ephemeralKeyPair":{"pubKey":"BeofGVAWJrrJMOlvLB/gg9Tr8mbeLJOvwBDWeTqhk18z","privKey":"8HiX2etOHfC/N+v8racRpABYnnNgCuCTi9d5jZi58VE="},"lastRemoteEphemeralKey":"BduBowCzW1+kXlyC3cJiLaKzLMRr91NGcPtkDwrxJDJm","previousCounter":0,"rootKey":"l1pTHcEOt0rRyTFVN+Hz6UAo1TA5M8rXLjbjl+FRomw="},"indexInfo":{"baseKey":"BS/MUsqQUPjfH6+QkqjID0gOqPnPNXlLdnnjE8aXZ+oF","baseKeyType":2,"closed":-1,"used":1686874118765,"created":1686874118765,"remoteIdentityKey":"BZ3kZTu+rHyrb225uEJthy3K4sPQwveH/q9CFcKlDVI9"},"_chains":{"BduBowCzW1+kXlyC3cJiLaKzLMRr91NGcPtkDwrxJDJm":{"chainKey":{"counter":1,"key":"O0yPeQ/CwkEuSuhMPDae8Tlm9gNU7YbUMf7q69fbpxo="},"chainType":2,"messageKeys":{}},"BeofGVAWJrrJMOlvLB/gg9Tr8mbeLJOvwBDWeTqhk18z":{"chainKey":{"counter":-1,"key":"/pcsHBArWWK1I7K2fl76VaBgPuwL7YyGF6dWqkjgqmQ="},"chainType":1,"messageKeys":{}}}}},"version":"v1"}