{"_sessions":{"Ba8ulr9yPP00V0t9VJ8toA6ta926tQhgI5T1V7eruPgt":{"registrationId":2090080103,"currentRatchet":{"ephemeralKeyPair":{"pubKey":"BZsdqJQDH8JKYrIZqUb1SDKKV4X6makPwrKpRDMXS5YF","privKey":"2HsGCcTnoIkLffYq8uughJJ7KQCvdaDek92Xuj9FGUY="},"lastRemoteEphemeralKey":"BftOHWm8LIn3OMb0I/MA2JafbMhIfoPPwJSZNvlE93EG","previousCounter":0,"rootKey":"To21Rc3OTCOr8HCMy+3Qnt/VDmkjPUGHrwoH3g8ao4E="},"indexInfo":{"baseKey":"Ba8ulr9yPP00V0t9VJ8toA6ta926tQhgI5T1V7eruPgt","baseKeyType":2,"closed":-1,"used":1686897430689,"created":1686897430689,"remoteIdentityKey":"BRR8JbzROhZ5DCKieVAVV2y3E0yDBnNkzsTFHrUO+jVY"},"_chains":{"BftOHWm8LIn3OMb0I/MA2JafbMhIfoPPwJSZNvlE93EG":{"chainKey":{"counter":3,"key":"BH2VKzk7M6rQhFGUuWLQwJ4LKtwz0VbD8HizR/qYEdQ="},"chainType":2,"messageKeys":{"1":"E1FFXeV1FuMNrc59pLDIns4EeGwPwkP8l4iqKrnPHwg=","2":"o//hDX5rPYEP7hGjEeLfMiaISDq31hMxuGCfnxhUQ0g="}},"BZsdqJQDH8JKYrIZqUb1SDKKV4X6makPwrKpRDMXS5YF":{"chainKey":{"counter":-1,"key":"KJgBbcHEj25vFNuMfvvN0D35WXasmwHN/7WHA76HLpk="},"chainType":1,"messageKeys":{}}}}},"version":"v1"}