{"_sessions":{"BZtCdz4AleehldLhhDaSKsOhESWWTXLvEBQVYoNVxqhf":{"registrationId":1648201084,"currentRatchet":{"ephemeralKeyPair":{"pubKey":"BYRcK1uXD9sFZWdzQxySfnALUSzoYENLR7S97bDqlyZu","privKey":"MFjXnr//NkRa56kZBD8HTb0jFe12kJ0TRLb9BNHgblg="},"lastRemoteEphemeralKey":"Bff/eZLbxOMpDfzhiq/zbsC9YB2KwPQmTeJAlFCtKuYB","previousCounter":0,"rootKey":"Brluw5OCf+iTgHc0dhj8pXZfFT6YoFkJNa+GymbhQa0="},"indexInfo":{"baseKey":"BZtCdz4AleehldLhhDaSKsOhESWWTXLvEBQVYoNVxqhf","baseKeyType":2,"closed":-1,"used":1687031900545,"created":1687031900545,"remoteIdentityKey":"BfdSGa/bPDAV5Se+NnmFzufRTjdT7SYuyM7fsjErdBJH"},"_chains":{"Bff/eZLbxOMpDfzhiq/zbsC9YB2KwPQmTeJAlFCtKuYB":{"chainKey":{"counter":0,"key":"mlo/rnBMbi0IC9ornuEi2AUwFWSqxPO5UeoUchhhcnk="},"chainType":2,"messageKeys":{}},"BYRcK1uXD9sFZWdzQxySfnALUSzoYENLR7S97bDqlyZu":{"chainKey":{"counter":-1,"key":"UAdCZOfCQnosIJwOeb3qHtobPu487Q1IJ3v9oYvQaDY="},"chainType":1,"messageKeys":{}}}}},"version":"v1"}