{"_sessions":{"BU3JgRbL9s+q2Sm1K2LLCOXMLgvYPBZ0TTPCr7BuEjo3":{"registrationId":1032870973,"currentRatchet":{"ephemeralKeyPair":{"pubKey":"BTUBl+5nJYkS3M6tCmjTVPlPrdaepSweMT32H5KTuFkL","privKey":"YEgccmq0w0xvfud24b5stfEw+2Rkxbrm+wZs8ju6iHk="},"lastRemoteEphemeralKey":"BSZxhg7XR4b7fO82+LK9CXyJN+x/ZdetORqshKSRx8h3","previousCounter":0,"rootKey":"+IhqOddACfyXtTxbvN8gDCrfXD6hBPtohnSgjNpNbKQ="},"indexInfo":{"baseKey":"BU3JgRbL9s+q2Sm1K2LLCOXMLgvYPBZ0TTPCr7BuEjo3","baseKeyType":2,"closed":-1,"used":1686872059308,"created":1686872059308,"remoteIdentityKey":"BYsmgVmb2bh0D+KkiqHUurlpN//W5g9c0HJwB2o/ZE0I"},"_chains":{"BSZxhg7XR4b7fO82+LK9CXyJN+x/ZdetORqshKSRx8h3":{"chainKey":{"counter":9,"key":"s3i16tztrSqyd4FZZG/rFSPltb3ZpBX8gvEAs6xiPas="},"chainType":2,"messageKeys":{}},"BTUBl+5nJYkS3M6tCmjTVPlPrdaepSweMT32H5KTuFkL":{"chainKey":{"counter":-1,"key":"g4NWCif4StpSIRZOOmLzqtMrDiVxgzxWSgbuADy/v1c="},"chainType":1,"messageKeys":{}}}}},"version":"v1"}