{"_sessions":{"BbR6OZS8i1r8lq1tu/jIhEG+lYiaimhw8/+RvYukdxZ9":{"registrationId":751856465,"currentRatchet":{"ephemeralKeyPair":{"pubKey":"Bd2cfqntDpqnyudAs5OcKUjZ+D5C5hVYJohm+I6t5VlT","privKey":"WGpqActR9NTGhSkMhJzKD1w29VrwpLoHdMZ9Ht1Ma2w="},"lastRemoteEphemeralKey":"BchvOYd/U9ChIr8ZcXEIE3QRmj4GPhg2lubMg9gDLyZw","previousCounter":0,"rootKey":"xPqzvfJkI0wwU1cjBylgY7y5ItqTr8QdwxhtWsPTph8="},"indexInfo":{"baseKey":"BbR6OZS8i1r8lq1tu/jIhEG+lYiaimhw8/+RvYukdxZ9","baseKeyType":2,"closed":-1,"used":1686840441855,"created":1686840441855,"remoteIdentityKey":"Bb0RJcIyL0cY/sVkcpwvlm+v6dNW3SWuxX7f+QI2w0k0"},"_chains":{"BchvOYd/U9ChIr8ZcXEIE3QRmj4GPhg2lubMg9gDLyZw":{"chainKey":{"counter":25,"key":"4iRke/1J8KoJgxbMYHXbuY9WspncKd47ZfWcl/OP2rQ="},"chainType":2,"messageKeys":{}},"Bd2cfqntDpqnyudAs5OcKUjZ+D5C5hVYJohm+I6t5VlT":{"chainKey":{"counter":-1,"key":"aTQ7MfDxA/fcLMpnGKgWffB2LAq7l/cqC9Yki3mH+xo="},"chainType":1,"messageKeys":{}}}}},"version":"v1"}