{"_sessions":{"BaPWBuUP6HTjYTB/ZtArEEkHMxkSU4B2bNN08mNAZ9pX":{"registrationId":401873812,"currentRatchet":{"ephemeralKeyPair":{"pubKey":"BcldsAupeR+Tn2Ck51hnXlk5PaOfmB3D6fR+88F9G+Bs","privKey":"8HCjO5DUeHoAeTcx6NJGl9JYmFnHi9cN3SeSawNyunw="},"lastRemoteEphemeralKey":"BeUUyH+BlCnXVtEwqF45/C2inke6SVWwLDo5owGi9hEJ","previousCounter":0,"rootKey":"x7PFXOEbqJZMqbKpFQzhxD3+THcRjNwnkQXOWicX62o="},"indexInfo":{"baseKey":"BaPWBuUP6HTjYTB/ZtArEEkHMxkSU4B2bNN08mNAZ9pX","baseKeyType":2,"closed":-1,"used":1686907556816,"created":1686907556816,"remoteIdentityKey":"BXrDMDBdSTsjUESg31MxL6vtxkQworFHO5Egc6lQHo8f"},"_chains":{"BeUUyH+BlCnXVtEwqF45/C2inke6SVWwLDo5owGi9hEJ":{"chainKey":{"counter":1,"key":"lR9dtTe8/BvScJSGyU+IWNXbv8CtpvNZLY4KjIigBtE="},"chainType":2,"messageKeys":{}},"BcldsAupeR+Tn2Ck51hnXlk5PaOfmB3D6fR+88F9G+Bs":{"chainKey":{"counter":-1,"key":"GwOWz2Wuz2ZRE/xB+FWFAspzIoIgKJZAeiaa0lKA/BA="},"chainType":1,"messageKeys":{}}}}},"version":"v1"}