{"_sessions":{"BSPeZovXbKIqXELqHmkNTXsy5G6o8SgGuV6vdUAUqw0/":{"registrationId":2065451619,"currentRatchet":{"ephemeralKeyPair":{"pubKey":"BQokNEI8y2scXUEm/u5mT2pd58E2nYjYJF6ynLE0ilJq","privKey":"IMBspjJUlQPNhiE+FZ9dg05Bvq6FvE8xCy1BZ8VrGEs="},"lastRemoteEphemeralKey":"BR9ytNloZb5pOrZYwtvkLzcAifWgcU5Lntfa36xLiCA8","previousCounter":0,"rootKey":"yYNNm/CBQ3LCoXjQHlbIPnCKGaFFdqzmWlmD1UAk8Es="},"indexInfo":{"baseKey":"BSPeZovXbKIqXELqHmkNTXsy5G6o8SgGuV6vdUAUqw0/","baseKeyType":2,"closed":-1,"used":1686898438426,"created":1686898438426,"remoteIdentityKey":"BZ3pUWXDj2oH1UWfqglhT4sn7SlImEDAw7beJs7RPGEJ"},"_chains":{"BR9ytNloZb5pOrZYwtvkLzcAifWgcU5Lntfa36xLiCA8":{"chainKey":{"counter":0,"key":"IhHQm97BJtXELuJpTM0vlqocbmq0X2Z1CovhegFqw84="},"chainType":2,"messageKeys":{}},"BQokNEI8y2scXUEm/u5mT2pd58E2nYjYJF6ynLE0ilJq":{"chainKey":{"counter":-1,"key":"zKwzppq/dW3aUvokhOT9sOuWFkyPlfi8cTr9bZE+oqc="},"chainType":1,"messageKeys":{}}}}},"version":"v1"}