{"_sessions":{"BRdB1ZxCGxhcsFidfT0Imbcj3bOxLYC6+r7el04gYB5D":{"registrationId":190,"currentRatchet":{"ephemeralKeyPair":{"pubKey":"BfXKY+BXqqxsUk4eLqi8NisOAP6k+6Eezlpa+Mhr5l8w","privKey":"4OZl3MpuH3+JW+ygeiBokRzzT3cjVBzDZ4N/EhVW+H0="},"lastRemoteEphemeralKey":"BcCLpsCtM92t2CZdXluBRdLX8qA7lsNYcDrM0NVfVNk/","previousCounter":0,"rootKey":"OmTylf3lbVsBWo+iUars4u1FT58YbBiXwCLFthbS+GI="},"indexInfo":{"baseKey":"BRdB1ZxCGxhcsFidfT0Imbcj3bOxLYC6+r7el04gYB5D","baseKeyType":2,"closed":1686914226237,"used":1686894963039,"created":1686894963039,"remoteIdentityKey":"BcnEXguHJh7nHuIVSI7kjLnXvxh683exUlmEiOjtBlhP"},"_chains":{"BcCLpsCtM92t2CZdXluBRdLX8qA7lsNYcDrM0NVfVNk/":{"chainKey":{"counter":1,"key":"rKkqJCVwu4FVS93IVUZyoy/SoWFKKsgvqB02NZ0qLLY="},"chainType":2,"messageKeys":{}},"BfXKY+BXqqxsUk4eLqi8NisOAP6k+6Eezlpa+Mhr5l8w":{"chainKey":{"counter":-1,"key":"AdWNxdUMKVLbprUxGBkrhX5CC+vQMdYUderRj9Or6IE="},"chainType":1,"messageKeys":{}}}},"BbRyWyuQtxHi01M4PCdWTRlf0Q4V4s/QRFm/8JQlCIdL":{"registrationId":190,"currentRatchet":{"ephemeralKeyPair":{"pubKey":"Baque7d7SO2aAVJWUj5nKYkopzU3h5SGFVMX2q99yNJN","privKey":"yFrSPG30hG9vMXDKx5pMpMMwSlQuM3//NlM1iFZQFGk="},"lastRemoteEphemeralKey":"BSWv5L2U0Bpea/4Gs3/S6V7ikVVB92qN5rLUHjcg7dQ5","previousCounter":0,"rootKey":"CVwaemZsEx3gWGLEU2ZAOQIStTZ7jjSL/KuiA4OzKWU="},"indexInfo":{"baseKey":"BbRyWyuQtxHi01M4PCdWTRlf0Q4V4s/QRFm/8JQlCIdL","baseKeyType":2,"closed":1686927459198,"used":1686914226241,"created":1686914226241,"remoteIdentityKey":"BcnEXguHJh7nHuIVSI7kjLnXvxh683exUlmEiOjtBlhP"},"_chains":{"BSWv5L2U0Bpea/4Gs3/S6V7ikVVB92qN5rLUHjcg7dQ5":{"chainKey":{"counter":0,"key":"eZfUNV0r+SA+sRkl2Ldwj08x/r2WObN4gVwIGgXX/oM="},"chainType":2,"messageKeys":{}},"Baque7d7SO2aAVJWUj5nKYkopzU3h5SGFVMX2q99yNJN":{"chainKey":{"counter":-1,"key":"BC3d03KJssZcAsCzEQGM2Odkx53CnXnCwPkylRl3/Jc="},"chainType":1,"messageKeys":{}}}},"BQt+mW0uNoWqt/Il5FU6QKldyedum+ryb5IzdbXPcmMe":{"registrationId":190,"currentRatchet":{"ephemeralKeyPair":{"pubKey":"BWg7QISLdCphOptvZ5zR6vhZAtcsQF7fAgsDqvwa3vYy","privKey":"aL4iQcDOCfpA4JB1nshMBNqCZ9aljnTk4+K2+WwdqU0="},"lastRemoteEphemeralKey":"BVRTmBArg+65vYSfRpL5K2/hf+/q3jyhj8iKF4P6jpwj","previousCounter":0,"rootKey":"VcBmdObceqopE7yqEUlUKxCG0VqIVq1OgzCjMLLx2NQ="},"indexInfo":{"baseKey":"BQt+mW0uNoWqt/Il5FU6QKldyedum+ryb5IzdbXPcmMe","baseKeyType":2,"closed":1686953703501,"used":1686927459202,"created":1686927459202,"remoteIdentityKey":"BcnEXguHJh7nHuIVSI7kjLnXvxh683exUlmEiOjtBlhP"},"_chains":{"BVRTmBArg+65vYSfRpL5K2/hf+/q3jyhj8iKF4P6jpwj":{"chainKey":{"counter":0,"key":"5x31Ff+ox1u6eOcUqJ2hsNye9ia0jinxrzmaZeYFG3M="},"chainType":2,"messageKeys":{}},"BWg7QISLdCphOptvZ5zR6vhZAtcsQF7fAgsDqvwa3vYy":{"chainKey":{"counter":-1,"key":"NUBosI5i6I/7+IFipV+ouDMx9BmUDbJJ6qiFvHli3xQ="},"chainType":1,"messageKeys":{}}}},"BYRHwQSpRoDWHtl3uOOLK2l7ihlLl9sI1NcnP1QdacJB":{"registrationId":190,"currentRatchet":{"ephemeralKeyPair":{"pubKey":"BeXPbhNNwuxNpW3DMSL8s0CsNb3HgZ1OWgvku0h18GkG","privKey":"WNSBRkb/PGTvpry+8VjHHJ8yq9cfila1l3Vx/uzon2s="},"lastRemoteEphemeralKey":"BY/AoxG5p0xZGUcXZJexYr6C/JHLB9sfTOYJ/gBdm2Qy","previousCounter":0,"rootKey":"IZbcQ0oYesMVsIbj4qFK7KU4U1cL9CLlv5BOsHyf2gU="},"indexInfo":{"baseKey":"BYRHwQSpRoDWHtl3uOOLK2l7ihlLl9sI1NcnP1QdacJB","baseKeyType":2,"closed":1686981381219,"used":1686953703506,"created":1686953703506,"remoteIdentityKey":"BcnEXguHJh7nHuIVSI7kjLnXvxh683exUlmEiOjtBlhP"},"_chains":{"BY/AoxG5p0xZGUcXZJexYr6C/JHLB9sfTOYJ/gBdm2Qy":{"chainKey":{"counter":0,"key":"e0Z3iZosl14JIFfmAJQcOaCDFsWY74ojMutUxB84/yE="},"chainType":2,"messageKeys":{}},"BeXPbhNNwuxNpW3DMSL8s0CsNb3HgZ1OWgvku0h18GkG":{"chainKey":{"counter":-1,"key":"UDfOTn5BynR9oKH8y3kMBHf/0SuusG+g4HsY/AIzls4="},"chainType":1,"messageKeys":{}}}},"BXBdzWRHn3lLNes5Xu7Vc9lW1m4+puncbbCbUR9pNq5n":{"registrationId":190,"currentRatchet":{"ephemeralKeyPair":{"pubKey":"BXnU2MNdfSzqjjY9SZu7U+AQTW7rZfehvL3vo7Cj7dFV","privKey":"wDrbfhpbiSSDH+cNhFMQVUXBWOL+nCUa4qoHi0ChOVw="},"lastRemoteEphemeralKey":"BZ1HR1z5Y0CtW9vrPbvKG0C3ks2gb3kjqowzumn2qktM","previousCounter":0,"rootKey":"gQ3Yhx/fhbhBwp9eY48D9XsE386zUmPazydI2ctJjmQ="},"indexInfo":{"baseKey":"BXBdzWRHn3lLNes5Xu7Vc9lW1m4+puncbbCbUR9pNq5n","baseKeyType":2,"closed":1687056965554,"used":1686981381225,"created":1686981381225,"remoteIdentityKey":"BcnEXguHJh7nHuIVSI7kjLnXvxh683exUlmEiOjtBlhP"},"_chains":{"BZ1HR1z5Y0CtW9vrPbvKG0C3ks2gb3kjqowzumn2qktM":{"chainKey":{"counter":2,"key":"sdVtONjniy5oKt3YVzA5AZzt5WwEQnk0B4hkyX/90ag="},"chainType":2,"messageKeys":{}},"BXnU2MNdfSzqjjY9SZu7U+AQTW7rZfehvL3vo7Cj7dFV":{"chainKey":{"counter":-1,"key":"pZk/t9wF7Wu7jPW6QDulqLFv9XcwprF5pBkvpJt3xzo="},"chainType":1,"messageKeys":{}}}},"BYvK712bsCaN2yt3HgcVt3Rj8b8uWCnX7nMXl8FgiMkC":{"registrationId":190,"currentRatchet":{"ephemeralKeyPair":{"pubKey":"BbfjYFgyDV5z34sWuexRVAyfbnwmyWGkGBa1j5a1kuJD","privKey":"oDlFIvgmFYO8JG9lCUbCZLRmiis4z2qdbpxvVnPdiFk="},"lastRemoteEphemeralKey":"Bffiz9Cxm6A4c3LC8B+DMjnltaN2BW5WlKedEpe6Xf86","previousCounter":0,"rootKey":"BssRl1VEM9zQ6oVANyWXR50r2kGXVMgmywoR+PI/iaA="},"indexInfo":{"baseKey":"BYvK712bsCaN2yt3HgcVt3Rj8b8uWCnX7nMXl8FgiMkC","baseKeyType":2,"closed":-1,"used":1687056965555,"created":1687056965555,"remoteIdentityKey":"BcnEXguHJh7nHuIVSI7kjLnXvxh683exUlmEiOjtBlhP"},"_chains":{"Bffiz9Cxm6A4c3LC8B+DMjnltaN2BW5WlKedEpe6Xf86":{"chainKey":{"counter":0,"key":"vbI2KLEXbEslEWz/9/Y4qChrdKUjuNj9cXhZ4uirKvs="},"chainType":2,"messageKeys":{}},"BbfjYFgyDV5z34sWuexRVAyfbnwmyWGkGBa1j5a1kuJD":{"chainKey":{"counter":-1,"key":"OeljFgCNX8rGt/gi1xmaLkgxaJb8dvkE+l6EpKQW7NA="},"chainType":1,"messageKeys":{}}}}},"version":"v1"}