{"_sessions":{"BRvOQEj9yaeAQWwymdRfY1rOthdi42YzMNFojA6PGWAg":{"registrationId":1503122841,"currentRatchet":{"ephemeralKeyPair":{"pubKey":"BVKimlNSrW6GCa4ySQFGzCBT1K5CAI0HeXvWpZDzEgtC","privKey":"QKx5yAH04mc7Gnz7lrsnov10wCGE+f9GLEaGkfb6rHo="},"lastRemoteEphemeralKey":"BSrdpJbUlfD3/TL1IpIgvQGCR1gfT3HKlqPx9aK5mFNt","previousCounter":0,"rootKey":"6UV8WaLx+sVhAB5W8ro/doizlxkqkpw55zG23pPu6j8="},"indexInfo":{"baseKey":"BRvOQEj9yaeAQWwymdRfY1rOthdi42YzMNFojA6PGWAg","baseKeyType":2,"closed":-1,"used":1686951330086,"created":1686951330086,"remoteIdentityKey":"BaPQw13m7B872yPMaHlm/J1pFu+/KoiXcixFrtrcH08d"},"_chains":{"BSrdpJbUlfD3/TL1IpIgvQGCR1gfT3HKlqPx9aK5mFNt":{"chainKey":{"counter":3,"key":"FpE4Dgii/xLCtF098TLv27zHbgan/O13YP/V2bhtBh8="},"chainType":2,"messageKeys":{}},"BVKimlNSrW6GCa4ySQFGzCBT1K5CAI0HeXvWpZDzEgtC":{"chainKey":{"counter":-1,"key":"rNMT6p5RiF0NJK2V1JqpWTjzyeJpESmUPg4HQupyq7w="},"chainType":1,"messageKeys":{}}}}},"version":"v1"}