{"_sessions":{"BUy6GGpmprw/OKu60F+Vgt8lAauIBajE7QleqzfUBnkW":{"registrationId":8977,"currentRatchet":{"ephemeralKeyPair":{"pubKey":"BTfMDZ8QRfE2yKXrHtS+zMBmC7L/PwQROINaEhpmWCxA","privKey":"iO8yXm2zKnOMom8IqofboIW5DH5CHvia/gOGZKB+DWA="},"lastRemoteEphemeralKey":"BTyUAkyTxzESoTeYEl8unvzuyWFuyDObCJ7GtMU5xjoY","previousCounter":0,"rootKey":"jl40h4k2vVuDZUCqbMIJvua+92k2kvpHDldLY/cTq1g="},"indexInfo":{"baseKey":"BUy6GGpmprw/OKu60F+Vgt8lAauIBajE7QleqzfUBnkW","baseKeyType":2,"closed":-1,"used":1686885645446,"created":1686885645446,"remoteIdentityKey":"BXdy2kJLNFBaQnqHJ7g5joFbYhbIG78rN0zcK4mBXaME"},"_chains":{"BTyUAkyTxzESoTeYEl8unvzuyWFuyDObCJ7GtMU5xjoY":{"chainKey":{"counter":0,"key":"yudCn4RLEEuBfw7XdazWPF2aER+89lPdndbeXsBlges="},"chainType":2,"messageKeys":{}},"BTfMDZ8QRfE2yKXrHtS+zMBmC7L/PwQROINaEhpmWCxA":{"chainKey":{"counter":-1,"key":"OSH2uyIk5Pukits3EnFXXDU1NS0ykxzCGs+5r+EjbRM="},"chainType":1,"messageKeys":{}}}}},"version":"v1"}