{"_sessions":{"BeWPdQgmkOUj6yGiJUiBBeMCMUUF/QLmFdNolJ6tFIMl":{"registrationId":773681954,"currentRatchet":{"ephemeralKeyPair":{"pubKey":"BYZE5TObjGjPiUnVGm69NuHF4ck2M2JbbFePNLdfsfAX","privKey":"6LoTCHpSSm9trzKjXh+qH7pbeJWAq3aas801eei7b0k="},"lastRemoteEphemeralKey":"BcehyrAvV+iMPeymX/hKewSg4Noq/ubULG7YPTZfafR3","previousCounter":0,"rootKey":"4kelmUCXW0UEaaOvh8YhUVJ2DtWri9Bc08zz9i/xe7w="},"indexInfo":{"baseKey":"BeWPdQgmkOUj6yGiJUiBBeMCMUUF/QLmFdNolJ6tFIMl","baseKeyType":2,"closed":-1,"used":1686843504227,"created":1686843504227,"remoteIdentityKey":"BU5kpT8ctSnjMCEut8d8pDksha5JyLjdd+hfOoZVTgxG"},"_chains":{"BcehyrAvV+iMPeymX/hKewSg4Noq/ubULG7YPTZfafR3":{"chainKey":{"counter":0,"key":"/cKIX5wLtf/HOGTXExVpYOf9zg+aAu/V+rxsmBiJz8g="},"chainType":2,"messageKeys":{}},"BYZE5TObjGjPiUnVGm69NuHF4ck2M2JbbFePNLdfsfAX":{"chainKey":{"counter":-1,"key":"JJnwjY0x3dajQ0zAk67B3y4bQzwGL2bdnQtrtWzch7E="},"chainType":1,"messageKeys":{}}}}},"version":"v1"}