{"_sessions":{"BW1eAOu1vowWcuH2Opnkbw3c8hzqO65Qk9iO1uxlTEtQ":{"registrationId":1835031515,"currentRatchet":{"ephemeralKeyPair":{"pubKey":"Ba4GcteIIHPn5cRR1k+4gI+En3d1FqynjJ+hPCYgpVQl","privKey":"cO26uGL0S0ZmWs+eiqFGimz2CZENOXsacH5SL4NVvUo="},"lastRemoteEphemeralKey":"BdGU5ecPgMpC8lyIL5u1Q8dWDK1qSqf1kla+d1k2fNdc","previousCounter":0,"rootKey":"Da9TmQj9zVXS3F/bWUwtbwG+c+kXBKHQdZ52in3xka0="},"indexInfo":{"baseKey":"BW1eAOu1vowWcuH2Opnkbw3c8hzqO65Qk9iO1uxlTEtQ","baseKeyType":2,"closed":-1,"used":1686903108443,"created":1686903108443,"remoteIdentityKey":"BWKvfDOwtczXg17zwVogzo/0jNkN1cW83a2IHGXo8AAh"},"_chains":{"BdGU5ecPgMpC8lyIL5u1Q8dWDK1qSqf1kla+d1k2fNdc":{"chainKey":{"counter":4,"key":"X4Ju2qSwwni4r1NwV0LmbLvHqVIc5ugCJEkhQMmk9o8="},"chainType":2,"messageKeys":{}},"Ba4GcteIIHPn5cRR1k+4gI+En3d1FqynjJ+hPCYgpVQl":{"chainKey":{"counter":-1,"key":"ChfFwVCbdD7WvDmltwF8ifX6t1OkOvCQiWmGK1iDw68="},"chainType":1,"messageKeys":{}}}}},"version":"v1"}