{"_sessions":{"BRT4Ayq6+LotU3HCkGt0mQ8UvKsBcX9VoMFymxhc7EFl":{"registrationId":1142863120,"currentRatchet":{"ephemeralKeyPair":{"pubKey":"BcOcKMR4a3K3tKZTEyTI++dQdkW8R3pdUE2FnPqM730o","privKey":"yA3VIeA2yZoHp7I9ujdCvu9KWhlz909/c80Wptgz2F0="},"lastRemoteEphemeralKey":"BeYHfusOe3mqKSzDXmUrY30RcihCZ9apmCFvpmS4W605","previousCounter":0,"rootKey":"EplNitvNo1c/3rtd+uu9CUK4zizxqs+WRTwPxQPyhPk="},"indexInfo":{"baseKey":"BRT4Ayq6+LotU3HCkGt0mQ8UvKsBcX9VoMFymxhc7EFl","baseKeyType":2,"closed":-1,"used":1687056955792,"created":1687056955792,"remoteIdentityKey":"BXir1hGB8bP+ZQb6OQvFAKprFJrkoEFYoce46acoD/UW"},"_chains":{"BeYHfusOe3mqKSzDXmUrY30RcihCZ9apmCFvpmS4W605":{"chainKey":{"counter":1,"key":"0VjfXh2QsdO2NV/4FYw89fwjHuC2QB99/aeBjP8/dXM="},"chainType":2,"messageKeys":{}},"BcOcKMR4a3K3tKZTEyTI++dQdkW8R3pdUE2FnPqM730o":{"chainKey":{"counter":-1,"key":"Remiv+jlGqS/PLoVQlLkkkOWtgFgDexXhwXJ7UYY0ik="},"chainType":1,"messageKeys":{}}}}},"version":"v1"}