{"_sessions":{"BUubePNpOhKMPQTcOHO47YMESjyIk4Qka3+5ZQ+CFDkO":{"registrationId":824986568,"currentRatchet":{"ephemeralKeyPair":{"pubKey":"Bd4xhwBA1f/2DYSPSXkMETLABWI+qsXEUkX+lHSQzU8B","privKey":"ULaeRIgW0tYQ4dsmj4v2yGSfkFfhillcUjcODnnQw3Q="},"lastRemoteEphemeralKey":"BWoJcAaNs4ha4H1BjV6jwCaBuGPclr6V/29CaMKH8BJb","previousCounter":0,"rootKey":"dRNm/tG+fQEkMFSw6thMjLcXLOfHRbHQYH7dAEoXgkU="},"indexInfo":{"baseKey":"BUubePNpOhKMPQTcOHO47YMESjyIk4Qka3+5ZQ+CFDkO","baseKeyType":2,"closed":-1,"used":1686926016297,"created":1686926016297,"remoteIdentityKey":"BUe5cPNhXMkarhqu4FCs1cOw8G0/4QtddZCsZ4BkSIBG"},"_chains":{"BWoJcAaNs4ha4H1BjV6jwCaBuGPclr6V/29CaMKH8BJb":{"chainKey":{"counter":2,"key":"GNbj4nfIl1mh7sTG/2yUrivAIsyS48/JN606gj90QRk="},"chainType":2,"messageKeys":{}},"Bd4xhwBA1f/2DYSPSXkMETLABWI+qsXEUkX+lHSQzU8B":{"chainKey":{"counter":-1,"key":"D0jJHZ/6dLF+Lxl4Nx/9gyBmjjOoSPiVtLJWFyCJTMk="},"chainType":1,"messageKeys":{}}}}},"version":"v1"}