{"_sessions":{"BSdEV4Ndc1+95Oi4ajgOfrXFilGhD1jpJVdYBf+yORAz":{"registrationId":532687814,"currentRatchet":{"ephemeralKeyPair":{"pubKey":"BSK6uH/45xWPm/ZkxjwUuh/l9WnmpIoi3AMEhMDfQlhj","privKey":"EENO39yklG9P2QqPaU3KwlBgeGuw8H/CBwevQnReQUo="},"lastRemoteEphemeralKey":"BalzbgE/elAOQUo6UAfC41vQ2QX9WQ+G6olEIMXXlsBf","previousCounter":0,"rootKey":"wpW4mIS6F2+b1/TrEDJOb3zPU032QxfZw3gsh7hC3XM="},"indexInfo":{"baseKey":"BSdEV4Ndc1+95Oi4ajgOfrXFilGhD1jpJVdYBf+yORAz","baseKeyType":2,"closed":-1,"used":1686997995593,"created":1686997995593,"remoteIdentityKey":"BQv38d2yYQl4wIA9wX+9zLspM68pPHVYJIZQSCDMJ1QU"},"_chains":{"BalzbgE/elAOQUo6UAfC41vQ2QX9WQ+G6olEIMXXlsBf":{"chainKey":{"counter":0,"key":"9EZ6GAL/IlKWKiUtfBDC72B233Wd+6Jbvh6eXpucq8Y="},"chainType":2,"messageKeys":{}},"BSK6uH/45xWPm/ZkxjwUuh/l9WnmpIoi3AMEhMDfQlhj":{"chainKey":{"counter":-1,"key":"vvp4HaIpHKF7evjyQ/hYZPxLaPRBcjjD3W2ZbyCTrLI="},"chainType":1,"messageKeys":{}}}}},"version":"v1"}