{"_sessions":{"BQVttMhc705V1yp9hpWeJqtVR84hU6bMB0HX8XeOW15D":{"registrationId":1948131603,"currentRatchet":{"ephemeralKeyPair":{"pubKey":"BTGIs0Fb8dN9MnJKOczscq9YJJB2lLlr6s5Xygt5lToK","privKey":"SH/Ig1nsx+V67n65H30RBv9Pz0w2dVz4/U1gBl7aNno="},"lastRemoteEphemeralKey":"BVOylDHq/tKBytevZX2jpk/2qfGeZUjE2ToZi0RofBF3","previousCounter":0,"rootKey":"10mBKU1V4HSBESJbffL9KsfcVK97xJxQLA7/dM6B20o="},"indexInfo":{"baseKey":"BQVttMhc705V1yp9hpWeJqtVR84hU6bMB0HX8XeOW15D","baseKeyType":2,"closed":-1,"used":1686995024280,"created":1686995024280,"remoteIdentityKey":"Bfm6xvyVpjAuRwW+jUwiTzNnHEf5m46UFWRezdNkZWxx"},"_chains":{"BVOylDHq/tKBytevZX2jpk/2qfGeZUjE2ToZi0RofBF3":{"chainKey":{"counter":7,"key":"Nb8VilvggSytnkE92brd4SomMMv20vgKET1hqRsmJTY="},"chainType":2,"messageKeys":{}},"BTGIs0Fb8dN9MnJKOczscq9YJJB2lLlr6s5Xygt5lToK":{"chainKey":{"counter":-1,"key":"aj1vtCIVn5IU7QaQ6iceWBl23TYwmJSjunRf3E9Nrss="},"chainType":1,"messageKeys":{}}}}},"version":"v1"}