{"_sessions":{"BffApAi9SHJ3M83K3OyqdKA9ZIGbuQKftY5sm7RNEZxJ":{"registrationId":1475556512,"currentRatchet":{"ephemeralKeyPair":{"pubKey":"BWmTUW2pd6qv1qbZZknmo1fOqZn4ix+X9nBDjnWzidZY","privKey":"AGoBWqB9ktTxzy0wGEtiJqQIkdxrbQCa+Boa9Okdj1I="},"lastRemoteEphemeralKey":"BVMMmat98kyLHvmLK6Z35i73H7D9UtomS619UZnn9isj","previousCounter":0,"rootKey":"H2yKyGjbL2MkFVUFav/urFUDi7G0p4TB51NpjoklyQc="},"indexInfo":{"baseKey":"BffApAi9SHJ3M83K3OyqdKA9ZIGbuQKftY5sm7RNEZxJ","baseKeyType":2,"closed":-1,"used":1686995226293,"created":1686995226293,"remoteIdentityKey":"BRh47bUb0v4hc3m4R3yeLvx4KoBr+hqLL/+evYwEAj1b"},"_chains":{"BVMMmat98kyLHvmLK6Z35i73H7D9UtomS619UZnn9isj":{"chainKey":{"counter":0,"key":"q58eu+l01knuClbddOopNvUMBTZk9Ygm5VZ2CGOrJ6o="},"chainType":2,"messageKeys":{}},"BWmTUW2pd6qv1qbZZknmo1fOqZn4ix+X9nBDjnWzidZY":{"chainKey":{"counter":-1,"key":"it6LUDYgksdgvApR7m6INl8MJ/xdxxyg6A9O4My7IM0="},"chainType":1,"messageKeys":{}}}}},"version":"v1"}